month,trades,avg_pnl_pct,sum_pnl_pct,wins,losses,win_rate_pct,max_trade_pct,min_trade_pct
2019-09,1,-1.0616343956688734,-1.0616343956688734,0,1,0.0,-1.0616343956688734,-1.0616343956688734
2019-10,1,1.1769567281776494,1.1769567281776494,1,0,100.0,1.1769567281776494,1.1769567281776494
2019-11,1,1.042833806568968,1.042833806568968,1,0,100.0,1.042833806568968,1.042833806568968
2019-12,2,0.14816016826950335,0.2963203365390067,1,1,50.0,1.1199874359135853,-0.8236670993745786
2020-01,19,-0.2676562833284763,-5.085469383241049,7,12,36.84210526315789,2.7182727678101726,-3.6278571129626935
2020-02,110,1.800022434802149,198.00246782823638,95,15,86.36363636363636,10.091538449793104,-3.3733065025722686
2020-03,224,0.6945058256947227,155.5693049556179,129,95,57.58928571428571,8.14207517410738,-4.3844209380724735
2020-04,13,1.1264303798262014,14.643594937740618,11,2,84.61538461538461,2.1561418097725404,-1.7647114745708992
2020-05,60,-0.38240988317998964,-22.94459299079938,30,30,50.0,3.9973434216057058,-4.42114409524139
2020-06,73,0.24509380369488987,17.89184766972696,32,41,43.83561643835616,4.9382481751824825,-4.650453284389931
2020-07,65,1.2757551406488568,82.92408414217569,52,13,80.0,4.789056699720309,-2.8870580111002164
2020-08,228,1.14343210204656,260.7025192666157,154,74,67.54385964912281,8.334654909572672,-4.905075607295137
2020-09,408,1.0180110965954716,415.3485274109524,252,156,61.76470588235294,10.132234094696582,-5.138820658957686
2020-10,198,1.056201677929222,209.12793222998596,131,67,66.16161616161617,7.866847316310568,-2.648130156621784
2020-11,472,1.6047350550026895,757.4349459612695,355,117,75.21186440677965,15.249313543599277,-5.212453714857266
2020-12,436,0.7867781447679906,343.03527111884387,281,155,64.44954128440367,9.399901278931525,-4.34670244885663
2021-01,972,1.5254609961294054,1482.748088237782,645,327,66.35802469135803,26.183436098934024,-5.16742129560641
2021-02,1209,1.3840887858592992,1673.3633421038926,855,354,70.71960297766749,18.24310026516173,-8.136799949337744
2021-03,573,1.0608201665098913,607.8499554101677,375,198,65.44502617801047,14.632670888323377,-9.807669451132549
2021-04,933,1.4797966439524528,1380.6502688076384,663,270,71.06109324758843,13.222269227085016,-5.973500515076344
2021-05,1838,1.1597032002278238,2131.53448201874,1070,768,58.21545157780196,14.61932104752667,-7.737667433833037
2021-06,565,1.053424683634601,595.1849462535496,378,187,66.90265486725664,7.109649525057318,-4.789599802265929
2021-07,323,1.5412994316717616,497.839716429979,280,43,86.687306501548,5.076613820686728,-3.4338348917942385
2021-08,389,1.5911568350485255,618.9600088338764,334,55,85.8611825192802,3.946983944817708,-2.945518050042004
2021-09,941,1.8551707119608496,1745.7156399551595,649,292,68.9691817215728,37.696176753121996,-10.320090102276211
2021-10,231,0.08948207154682748,20.67035852731715,109,122,47.18614718614719,7.999549590963108,-4.8499556936187656
2021-11,520,0.5052930688048602,262.75239577852733,272,248,52.307692307692314,10.850076061909899,-5.445355540314676
2021-12,510,0.8433238764811984,430.0951770054112,339,171,66.47058823529412,7.424217348841324,-4.642868606448689
2022-01,525,1.413590464823503,742.134994032339,371,154,70.66666666666667,10.61554554269092,-4.064015100850602
2022-02,356,0.2881080271823194,102.56645767690571,169,187,47.47191011235955,3.9160295415456314,-2.717683401328883
2022-03,186,1.8642558561438063,346.75158924274797,171,15,91.93548387096774,5.140159618221576,-3.0850481624873782
2022-04,392,0.7654869621226442,300.0708891520765,253,139,64.54081632653062,8.049662979161312,-2.836633202384262
2022-05,1068,1.8819753804677661,2009.9497063395743,799,269,74.812734082397,13.30432122370936,-8.212707377622861
2022-06,733,1.3598818649065365,996.7934069764913,532,201,72.57844474761255,16.534958197714527,-6.69946121326239
2022-07,292,0.15679546526834248,45.784275858356004,150,142,51.369863013698634,7.207989808604789,-3.3691519974020845
2022-08,352,1.37016680671767,482.2987159646198,304,48,86.36363636363636,8.295865943260496,-3.4525574575100726
2022-09,423,0.8740334757258916,369.7161602320522,260,163,61.46572104018912,6.136116903042934,-3.97027031004483
2022-10,95,1.4632991757242435,139.01342169380314,82,13,86.31578947368422,4.386883457520132,-2.8408164265032654
2022-11,785,1.1245697007318791,882.7872150745251,509,276,64.84076433121018,26.44840360286968,-8.608068341090634
2022-12,251,1.0319022933718418,259.0074756363323,190,61,75.69721115537848,13.478728212314964,-3.3129159591713786
2023-01,641,0.7297956580466589,467.79901680790834,437,204,68.17472698907956,7.927766533301952,-4.4484193079670415
2023-02,434,1.451822403937483,630.0909233088676,341,93,78.57142857142857,6.226769494430164,-4.245603731125966
2023-03,532,0.5187187121921718,275.9583548862354,260,272,48.87218045112782,6.318974874105723,-5.191435809815901
2023-04,349,0.2721095348162302,94.96622765086433,157,192,44.985673352435526,5.942495793109561,-2.966786126346197
2023-05,476,0.782955758843053,372.68694120929325,303,173,63.65546218487395,5.948521071540616,-4.64516599437008
2023-06,725,-0.634578098654455,-460.0691215244799,277,448,38.20689655172414,9.422551020408156,-6.346225490676602
2023-07,206,1.413789457328602,291.24062820969203,165,41,80.09708737864078,5.779443626858485,-4.368016804212469
2023-08,484,5.8930934281220875,2852.25721921109,452,32,93.38842975206612,33.16675324675324,-6.564983759169372
2023-09,193,1.4439680879982637,278.6858409836649,125,68,64.76683937823834,9.898735588464493,-5.1683625087087215
2023-10,420,1.5363733586947501,645.276810651795,329,91,78.33333333333333,10.686472270688986,-8.049385388215144
2023-11,662,2.3913658377284412,1583.0841845762282,564,98,85.1963746223565,9.938704234320275,-5.136115928658578
2023-12,879,2.8269518047338544,2484.890636361058,809,70,92.03640500568828,25.157979009031,-5.958548807238215
2024-01,534,0.23077894589082867,123.23595710570251,256,278,47.940074906367045,24.69526018739078,-10.753584340260767
2024-02,455,2.3786763468786525,1082.297737829787,381,74,83.73626373626374,13.21707314141475,-4.767907122838208
2024-03,920,1.7700700759864014,1628.4644699074893,709,211,77.06521739130436,12.432183235867447,-4.657503285649376
2024-04,1307,1.4328592434706198,1872.7470312161,977,330,74.75133894414691,12.838861959957862,-4.973806379386955
2024-05,168,1.4351421209803426,241.10387632469755,128,40,76.19047619047619,6.254259904891426,-4.798386869277735
2024-06,870,1.5530480129780475,1351.1517712909013,672,198,77.24137931034483,11.412395043308878,-5.57333778819382
2024-07,646,1.5829712352267236,1022.5994179564634,536,110,82.97213622291022,5.9754538320690465,-4.086395165092069
2024-08,495,-0.8797131548543498,-435.4580116529031,185,310,37.37373737373738,5.774998180680604,-5.051789611396982
2024-09,396,2.1100721784698133,835.588582674046,367,29,92.67676767676768,7.845407925407923,-2.87560124800492
2024-10,646,0.8418350745577581,543.8254581643117,367,279,56.811145510835914,13.238112633181123,-5.048165033391592
2024-11,1460,1.7143533860226123,2502.955943593014,1129,331,77.32876712328766,8.88467790670117,-7.569299302950181
2024-12,1649,1.5658326253638415,2582.0579992249745,1242,407,75.31837477258945,19.94965892239248,-4.972050835984351
2025-01,1145,1.1913777784759263,1364.1275563549357,690,455,60.26200873362445,12.0603874602096,-8.258330086945696
2025-02,2084,1.0699067555790596,2229.68567862676,1341,743,64.34740882917467,22.296153655229137,-8.457689926976729
2025-03,1456,1.5370911296467713,2238.004684765699,1062,394,72.93956043956044,43.69631943314444,-11.724934927134386
2025-04,1309,1.7163984550606455,2246.765577674385,941,368,71.88693659281896,23.495596438321947,-8.369155037587403
2025-05,1797,1.43649764249844,2581.3862635696964,1309,488,72.84362826933778,15.67314656922453,-9.453304292961915
2025-06,1133,1.347534920943518,1526.7570654290057,887,246,78.28773168578994,17.348955674400905,-11.816595144713668
2025-07,1193,2.0918622401328695,2495.5916524785134,947,246,79.37971500419113,22.56851485148516,-10.821831366056577
2025-08,1149,1.516258603603666,1742.1811355406123,809,340,70.40905134899913,25.686611364107474,-13.598458251252163
2025-09,1464,2.558960402072437,3746.3180286340476,1201,263,82.03551912568307,19.78633980632158,-14.811507420633284
2025-10,2636,2.6526227409665935,6992.313545187941,2079,557,78.86949924127465,203.90351648351646,-17.32819954128439
2025-11,2151,1.947651976182208,4189.399400767929,1556,595,72.33844723384473,38.59799309795592,-25.02548188473171
2025-12,1433,1.6670174281370538,2388.835974520398,1022,411,71.31891137473832,50.689760919586895,-11.625809487155845
2026-01,296,1.7870911495170099,528.9789802570349,213,83,71.95945945945947,28.796745953214767,-11.61440674795132
