run_label,baseline_version,strategy,tag,side,entry_key,entry_source_atr_stop,entry_source_rr_target,tp03_min_target_pct,kind,body_atr_min,atr_stop,rr_target,max_hold_bars,cooldown_bars,close_pos_min,quiet_ratio_max,vol_ratio_min,lower_wick_body_ratio_min,round_trip_cost_bps,position_fraction,trades,wins,losses,win_rate_pct,final_return_pct,max_return_pct,max_drawdown_pct,official_cd_value,symbol_files,errors,ruined,evaluation_status,verdict,note
LONG_MAIN_V18_IMPROVE_1H,long_main/v18,LM18_C133_S1260_RR6250_B460_H17_CD32,body_strength_return_extension,long,child::orig_V09_extreme_vol18::tp03,1.1,3.8,0.3,improve,0.46,1.26,6.25,17,32,,,,,8.0,0.01,548984,179067,369917,32.617890503184064,-98.31918836007372,0.0,99.99999999970855,2.914557484245961e-10,597,13,False,INVALID,invalid_no_peak_growth,max_return_pct <= 0
LONG_MAIN_V18_IMPROVE_1H,long_main/v18,LM18_C134_S1260_RR6350_B460_H17_CD32,body_strength_return_extension,long,child::orig_V09_extreme_vol18::tp03,1.1,3.8,0.3,improve,0.46,1.26,6.35,17,32,,,,,8.0,0.01,548981,179063,369918,32.61734012652532,-98.31418693942128,0.0,99.99999999970856,2.914335439641036e-10,597,13,False,INVALID,invalid_no_peak_growth,max_return_pct <= 0
LONG_MAIN_V18_IMPROVE_1H,long_main/v18,LM18_C135_S1260_RR6450_B460_H17_CD32,body_strength_return_extension,long,child::orig_V09_extreme_vol18::tp03,1.1,3.8,0.3,improve,0.46,1.26,6.45,17,32,,,,,8.0,0.01,548977,179050,369927,32.615209744670544,-98.31295629550728,0.0,99.99999999970869,2.913114194313948e-10,597,13,False,INVALID,invalid_no_peak_growth,max_return_pct <= 0
LONG_MAIN_V18_IMPROVE_1H,long_main/v18,LM18_C136_S1280_RR6250_B460_H17_CD32,body_strength_return_extension,long,child::orig_V09_extreme_vol18::tp03,1.1,3.8,0.3,improve,0.46,1.28,6.25,17,32,,,,,8.0,0.01,548743,180644,368099,32.91959988555663,-98.35754786664475,0.0,99.99999999975282,2.4718005420254485e-10,597,13,False,INVALID,invalid_no_peak_growth,max_return_pct <= 0
LONG_MAIN_V18_IMPROVE_1H,long_main/v18,LM18_C138_S1280_RR6450_B460_H17_CD32,body_strength_return_extension,long,child::orig_V09_extreme_vol18::tp03,1.1,3.8,0.3,improve,0.46,1.28,6.45,17,32,,,,,8.0,0.01,548733,180625,368108,32.91673728388852,-98.35456374097042,0.0,99.9999999997529,2.471023385908211e-10,597,13,False,INVALID,invalid_no_peak_growth,max_return_pct <= 0
LONG_MAIN_V18_IMPROVE_1H,long_main/v18,LM18_C137_S1280_RR6350_B460_H17_CD32,body_strength_return_extension,long,child::orig_V09_extreme_vol18::tp03,1.1,3.8,0.3,improve,0.46,1.28,6.35,17,32,,,,,8.0,0.01,548739,180631,368108,32.91747078301342,-98.35585941312117,0.0,99.99999999975292,2.470801341303286e-10,597,13,False,INVALID,invalid_no_peak_growth,max_return_pct <= 0
LONG_MAIN_V18_IMPROVE_1H,long_main/v18,LM18_C139_S1290_RR6250_B460_H17_CD32,body_strength_return_extension,long,child::orig_V09_extreme_vol18::tp03,1.1,3.8,0.3,improve,0.46,1.29,6.25,17,32,,,,,8.0,0.01,548626,181418,367208,33.06770003609016,-98.38432934103665,0.0,99.99999999977246,2.2754020889692583e-10,597,13,False,INVALID,invalid_no_peak_growth,max_return_pct <= 0
LONG_MAIN_V18_IMPROVE_1H,long_main/v18,LM18_C141_S1290_RR6450_B460_H17_CD32,body_strength_return_extension,long,child::orig_V09_extreme_vol18::tp03,1.1,3.8,0.3,improve,0.46,1.29,6.45,17,32,,,,,8.0,0.01,548615,181402,367213,33.06544662468215,-98.38455821215341,0.0,99.99999999977247,2.2752910666667958e-10,597,13,False,INVALID,invalid_no_peak_growth,max_return_pct <= 0
LONG_MAIN_V18_IMPROVE_1H,long_main/v18,LM18_C140_S1290_RR6350_B460_H17_CD32,body_strength_return_extension,long,child::orig_V09_extreme_vol18::tp03,1.1,3.8,0.3,improve,0.46,1.29,6.35,17,32,,,,,8.0,0.01,548622,181408,367214,33.06611838387815,-98.3880317298673,0.0,99.99999999977251,2.2748469774569458e-10,597,13,False,INVALID,invalid_no_peak_growth,max_return_pct <= 0
LONG_MAIN_V18_IMPROVE_1H,long_main/v18,LM18_C143_S1310_RR6350_B460_H17_CD32,body_strength_return_extension,long,child::orig_V09_extreme_vol18::tp03,1.1,3.8,0.3,improve,0.46,1.31,6.35,17,32,,,,,8.0,0.01,548359,183054,365305,33.3821456381677,-98.40677987420999,0.0,99.99999999980433,1.956657058599376e-10,597,13,False,INVALID,invalid_no_peak_growth,max_return_pct <= 0
LONG_MAIN_V18_IMPROVE_1H,long_main/v18,LM18_C142_S1310_RR6250_B460_H17_CD32,body_strength_return_extension,long,child::orig_V09_extreme_vol18::tp03,1.1,3.8,0.3,improve,0.46,1.31,6.25,17,32,,,,,8.0,0.01,548366,183060,365306,33.38281366824347,-98.4112998310415,0.0,99.99999999980437,1.9562129693895258e-10,597,13,False,INVALID,invalid_no_peak_growth,max_return_pct <= 0
LONG_MAIN_V18_IMPROVE_1H,long_main/v18,LM18_C144_S1310_RR6450_B460_H17_CD32,body_strength_return_extension,long,child::orig_V09_extreme_vol18::tp03,1.1,3.8,0.3,improve,0.46,1.31,6.45,17,32,,,,,8.0,0.01,548354,183045,365309,33.38080874763383,-98.40524738607527,0.0,99.99999999980437,1.9562129693895258e-10,597,13,False,INVALID,invalid_no_peak_growth,max_return_pct <= 0
LONG_MAIN_V18_IMPROVE_1H,long_main/v18,LM18_A001_S1270_RR6050_B380_H17_CD32,core_neighborhood_stop_rr_body,long,child::orig_V09_extreme_vol18::tp03,1.1,3.8,0.3,improve,0.38,1.27,6.05,17,32,,,,,8.0,0.01,611722,200242,411480,32.73415048012006,-100.0,0.0,100.0,0.0,597,13,True,INVALID,invalid_no_peak_growth,max_return_pct <= 0
LONG_MAIN_V18_IMPROVE_1H,long_main/v18,LM18_A002_S1270_RR6050_B400_H17_CD32,core_neighborhood_stop_rr_body,long,child::orig_V09_extreme_vol18::tp03,1.1,3.8,0.3,improve,0.4,1.27,6.05,17,32,,,,,8.0,0.01,596128,195080,401048,32.724515540286646,-100.0,0.0,100.0,0.0,597,13,True,INVALID,invalid_no_peak_growth,max_return_pct <= 0
LONG_MAIN_V18_IMPROVE_1H,long_main/v18,LM18_A003_S1270_RR6050_B420_H17_CD32,core_neighborhood_stop_rr_body,long,child::orig_V09_extreme_vol18::tp03,1.1,3.8,0.3,improve,0.42,1.27,6.05,17,32,,,,,8.0,0.01,580356,190011,390345,32.74042139652214,-100.0,0.0,100.0,0.0,597,13,True,INVALID,invalid_no_peak_growth,max_return_pct <= 0
LONG_MAIN_V18_IMPROVE_1H,long_main/v18,LM18_A004_S1270_RR6150_B380_H17_CD32,core_neighborhood_stop_rr_body,long,child::orig_V09_extreme_vol18::tp03,1.1,3.8,0.3,improve,0.38,1.27,6.15,17,32,,,,,8.0,0.01,611713,200232,411481,32.732997336986465,-100.0,0.0,100.0,0.0,597,13,True,INVALID,invalid_no_peak_growth,max_return_pct <= 0
LONG_MAIN_V18_IMPROVE_1H,long_main/v18,LM18_A005_S1270_RR6150_B400_H17_CD32,core_neighborhood_stop_rr_body,long,child::orig_V09_extreme_vol18::tp03,1.1,3.8,0.3,improve,0.4,1.27,6.15,17,32,,,,,8.0,0.01,596118,195069,401049,32.7232192284078,-100.0,0.0,100.0,0.0,597,13,True,INVALID,invalid_no_peak_growth,max_return_pct <= 0
LONG_MAIN_V18_IMPROVE_1H,long_main/v18,LM18_A006_S1270_RR6150_B420_H17_CD32,core_neighborhood_stop_rr_body,long,child::orig_V09_extreme_vol18::tp03,1.1,3.8,0.3,improve,0.42,1.27,6.15,17,32,,,,,8.0,0.01,580345,189999,390346,32.73897423084545,-100.0,0.0,100.0,0.0,597,13,True,INVALID,invalid_no_peak_growth,max_return_pct <= 0
LONG_MAIN_V18_IMPROVE_1H,long_main/v18,LM18_A007_S1270_RR6250_B380_H17_CD32,core_neighborhood_stop_rr_body,long,child::orig_V09_extreme_vol18::tp03,1.1,3.8,0.3,improve,0.38,1.27,6.25,17,32,,,,,8.0,0.01,611705,200226,411479,32.73244456069511,-100.0,0.0,100.0,0.0,597,13,True,INVALID,invalid_no_peak_growth,max_return_pct <= 0
LONG_MAIN_V18_IMPROVE_1H,long_main/v18,LM18_A008_S1270_RR6250_B400_H17_CD32,core_neighborhood_stop_rr_body,long,child::orig_V09_extreme_vol18::tp03,1.1,3.8,0.3,improve,0.4,1.27,6.25,17,32,,,,,8.0,0.01,596110,195063,401047,32.72265185955612,-100.0,0.0,100.0,0.0,597,13,True,INVALID,invalid_no_peak_growth,max_return_pct <= 0
LONG_MAIN_V18_IMPROVE_1H,long_main/v18,LM18_A009_S1270_RR6250_B420_H17_CD32,core_neighborhood_stop_rr_body,long,child::orig_V09_extreme_vol18::tp03,1.1,3.8,0.3,improve,0.42,1.27,6.25,17,32,,,,,8.0,0.01,580339,189992,390347,32.73810652049923,-100.0,0.0,100.0,0.0,597,13,True,INVALID,invalid_no_peak_growth,max_return_pct <= 0
LONG_MAIN_V18_IMPROVE_1H,long_main/v18,LM18_A010_S1270_RR6350_B380_H17_CD32,core_neighborhood_stop_rr_body,long,child::orig_V09_extreme_vol18::tp03,1.1,3.8,0.3,improve,0.38,1.27,6.35,17,32,,,,,8.0,0.01,611699,200220,411479,32.7317847503429,-100.0,0.0,100.0,0.0,597,13,True,INVALID,invalid_no_peak_growth,max_return_pct <= 0
LONG_MAIN_V18_IMPROVE_1H,long_main/v18,LM18_A011_S1270_RR6350_B400_H17_CD32,core_neighborhood_stop_rr_body,long,child::orig_V09_extreme_vol18::tp03,1.1,3.8,0.3,improve,0.4,1.27,6.35,17,32,,,,,8.0,0.01,596105,195056,401049,32.72175204032847,-100.0,0.0,100.0,0.0,597,13,True,INVALID,invalid_no_peak_growth,max_return_pct <= 0
LONG_MAIN_V18_IMPROVE_1H,long_main/v18,LM18_A012_S1270_RR6350_B420_H17_CD32,core_neighborhood_stop_rr_body,long,child::orig_V09_extreme_vol18::tp03,1.1,3.8,0.3,improve,0.42,1.27,6.35,17,32,,,,,8.0,0.01,580334,189985,390349,32.73718238118049,-100.0,0.0,100.0,0.0,597,13,True,INVALID,invalid_no_peak_growth,max_return_pct <= 0
LONG_MAIN_V18_IMPROVE_1H,long_main/v18,LM18_A013_S1280_RR6050_B380_H17_CD32,core_neighborhood_stop_rr_body,long,child::orig_V09_extreme_vol18::tp03,1.1,3.8,0.3,improve,0.38,1.28,6.05,17,32,,,,,8.0,0.01,611587,201128,410459,32.88624512947463,-100.0,0.0,100.0,0.0,597,13,True,INVALID,invalid_no_peak_growth,max_return_pct <= 0
LONG_MAIN_V18_IMPROVE_1H,long_main/v18,LM18_A014_S1280_RR6050_B400_H17_CD32,core_neighborhood_stop_rr_body,long,child::orig_V09_extreme_vol18::tp03,1.1,3.8,0.3,improve,0.4,1.28,6.05,17,32,,,,,8.0,0.01,596001,195946,400055,32.87679047518377,-100.0,0.0,100.0,0.0,597,13,True,INVALID,invalid_no_peak_growth,max_return_pct <= 0
LONG_MAIN_V18_IMPROVE_1H,long_main/v18,LM18_A015_S1280_RR6050_B420_H17_CD32,core_neighborhood_stop_rr_body,long,child::orig_V09_extreme_vol18::tp03,1.1,3.8,0.3,improve,0.42,1.28,6.05,17,32,,,,,8.0,0.01,580236,190868,389368,32.89489104433368,-100.0,0.0,100.0,0.0,597,13,True,INVALID,invalid_no_peak_growth,max_return_pct <= 0
LONG_MAIN_V18_IMPROVE_1H,long_main/v18,LM18_A016_S1280_RR6150_B380_H17_CD32,core_neighborhood_stop_rr_body,long,child::orig_V09_extreme_vol18::tp03,1.1,3.8,0.3,improve,0.38,1.28,6.15,17,32,,,,,8.0,0.01,611576,201118,410458,32.88520151215875,-100.0,0.0,100.0,0.0,597,13,True,INVALID,invalid_no_peak_growth,max_return_pct <= 0
LONG_MAIN_V18_IMPROVE_1H,long_main/v18,LM18_A017_S1280_RR6150_B400_H17_CD32,core_neighborhood_stop_rr_body,long,child::orig_V09_extreme_vol18::tp03,1.1,3.8,0.3,improve,0.4,1.28,6.15,17,32,,,,,8.0,0.01,595990,195935,400055,32.87555160321482,-100.0,0.0,100.0,0.0,597,13,True,INVALID,invalid_no_peak_growth,max_return_pct <= 0
LONG_MAIN_V18_IMPROVE_1H,long_main/v18,LM18_A018_S1280_RR6150_B420_H17_CD32,core_neighborhood_stop_rr_body,long,child::orig_V09_extreme_vol18::tp03,1.1,3.8,0.3,improve,0.42,1.28,6.15,17,32,,,,,8.0,0.01,580226,190857,389369,32.89356216370862,-100.0,0.0,100.0,0.0,597,13,True,INVALID,invalid_no_peak_growth,max_return_pct <= 0
LONG_MAIN_V18_IMPROVE_1H,long_main/v18,LM18_A019_S1280_RR6250_B380_H17_CD32,core_neighborhood_stop_rr_body,long,child::orig_V09_extreme_vol18::tp03,1.1,3.8,0.3,improve,0.38,1.28,6.25,17,32,,,,,8.0,0.01,611570,201116,410454,32.88519711562045,-100.0,0.0,100.0,0.0,597,13,True,INVALID,invalid_no_peak_growth,max_return_pct <= 0
LONG_MAIN_V18_IMPROVE_1H,long_main/v18,LM18_A020_S1280_RR6250_B400_H17_CD32,core_neighborhood_stop_rr_body,long,child::orig_V09_extreme_vol18::tp03,1.1,3.8,0.3,improve,0.4,1.28,6.25,17,32,,,,,8.0,0.01,595985,195932,400053,32.87532404339035,-100.0,0.0,100.0,0.0,597,13,True,INVALID,invalid_no_peak_growth,max_return_pct <= 0
LONG_MAIN_V18_IMPROVE_1H,long_main/v18,LM18_A021_S1280_RR6250_B420_H17_CD32,core_neighborhood_stop_rr_body,long,child::orig_V09_extreme_vol18::tp03,1.1,3.8,0.3,improve,0.42,1.28,6.25,17,32,,,,,8.0,0.01,580222,190853,389369,32.893099537763135,-100.0,0.0,100.0,0.0,597,13,True,INVALID,invalid_no_peak_growth,max_return_pct <= 0
LONG_MAIN_V18_IMPROVE_1H,long_main/v18,LM18_A022_S1280_RR6350_B380_H17_CD32,core_neighborhood_stop_rr_body,long,child::orig_V09_extreme_vol18::tp03,1.1,3.8,0.3,improve,0.38,1.28,6.35,17,32,,,,,8.0,0.01,611564,201102,410462,32.88323053678764,-100.0,0.0,100.0,0.0,597,13,True,INVALID,invalid_no_peak_growth,max_return_pct <= 0
LONG_MAIN_V18_IMPROVE_1H,long_main/v18,LM18_A023_S1280_RR6350_B400_H17_CD32,core_neighborhood_stop_rr_body,long,child::orig_V09_extreme_vol18::tp03,1.1,3.8,0.3,improve,0.4,1.28,6.35,17,32,,,,,8.0,0.01,595980,195918,400062,32.87325078022752,-100.0,0.0,100.0,0.0,597,13,True,INVALID,invalid_no_peak_growth,max_return_pct <= 0
LONG_MAIN_V18_IMPROVE_1H,long_main/v18,LM18_A024_S1280_RR6350_B420_H17_CD32,core_neighborhood_stop_rr_body,long,child::orig_V09_extreme_vol18::tp03,1.1,3.8,0.3,improve,0.42,1.28,6.35,17,32,,,,,8.0,0.01,580218,190839,389379,32.89091341530253,-100.0,0.0,100.0,0.0,597,13,True,INVALID,invalid_no_peak_growth,max_return_pct <= 0
LONG_MAIN_V18_IMPROVE_1H,long_main/v18,LM18_A025_S1290_RR6050_B380_H17_CD32,core_neighborhood_stop_rr_body,long,child::orig_V09_extreme_vol18::tp03,1.1,3.8,0.3,improve,0.38,1.29,6.05,17,32,,,,,8.0,0.01,611435,202008,409427,33.038344223016345,-100.0,0.0,100.0,0.0,597,13,True,INVALID,invalid_no_peak_growth,max_return_pct <= 0
LONG_MAIN_V18_IMPROVE_1H,long_main/v18,LM18_A026_S1290_RR6050_B400_H17_CD32,core_neighborhood_stop_rr_body,long,child::orig_V09_extreme_vol18::tp03,1.1,3.8,0.3,improve,0.4,1.29,6.05,17,32,,,,,8.0,0.01,595852,196813,399039,33.030517645321325,-100.0,0.0,100.0,0.0,597,13,True,INVALID,invalid_no_peak_growth,max_return_pct <= 0
LONG_MAIN_V18_IMPROVE_1H,long_main/v18,LM18_A027_S1290_RR6050_B420_H17_CD32,core_neighborhood_stop_rr_body,long,child::orig_V09_extreme_vol18::tp03,1.1,3.8,0.3,improve,0.42,1.29,6.05,17,32,,,,,8.0,0.01,580099,191713,388386,33.04832451012672,-100.0,0.0,100.0,0.0,597,13,True,INVALID,invalid_no_peak_growth,max_return_pct <= 0
LONG_MAIN_V18_IMPROVE_1H,long_main/v18,LM18_A028_S1290_RR6150_B380_H17_CD32,core_neighborhood_stop_rr_body,long,child::orig_V09_extreme_vol18::tp03,1.1,3.8,0.3,improve,0.38,1.29,6.15,17,32,,,,,8.0,0.01,611426,202002,409424,33.03784922459954,-100.0,0.0,100.0,0.0,597,13,True,INVALID,invalid_no_peak_growth,max_return_pct <= 0
LONG_MAIN_V18_IMPROVE_1H,long_main/v18,LM18_A029_S1290_RR6150_B400_H17_CD32,core_neighborhood_stop_rr_body,long,child::orig_V09_extreme_vol18::tp03,1.1,3.8,0.3,improve,0.4,1.29,6.15,17,32,,,,,8.0,0.01,595843,196807,399036,33.03000958306131,-100.0,0.0,100.0,0.0,597,13,True,INVALID,invalid_no_peak_growth,max_return_pct <= 0
LONG_MAIN_V18_IMPROVE_1H,long_main/v18,LM18_A030_S1290_RR6150_B420_H17_CD32,core_neighborhood_stop_rr_body,long,child::orig_V09_extreme_vol18::tp03,1.1,3.8,0.3,improve,0.42,1.29,6.15,17,32,,,,,8.0,0.01,580092,191706,388386,33.047516600815044,-100.0,0.0,100.0,0.0,597,13,True,INVALID,invalid_no_peak_growth,max_return_pct <= 0
LONG_MAIN_V18_IMPROVE_1H,long_main/v18,LM18_A031_S1290_RR6250_B380_H17_CD32,core_neighborhood_stop_rr_body,long,child::orig_V09_extreme_vol18::tp03,1.1,3.8,0.3,improve,0.38,1.29,6.25,17,32,,,,,8.0,0.01,611420,201996,409424,33.03719211016977,-100.0,0.0,100.0,0.0,597,13,True,INVALID,invalid_no_peak_growth,max_return_pct <= 0
LONG_MAIN_V18_IMPROVE_1H,long_main/v18,LM18_A032_S1290_RR6250_B400_H17_CD32,core_neighborhood_stop_rr_body,long,child::orig_V09_extreme_vol18::tp03,1.1,3.8,0.3,improve,0.4,1.29,6.25,17,32,,,,,8.0,0.01,595838,196800,399038,33.02911193982257,-100.0,0.0,100.0,0.0,597,13,True,INVALID,invalid_no_peak_growth,max_return_pct <= 0
LONG_MAIN_V18_IMPROVE_1H,long_main/v18,LM18_A033_S1290_RR6250_B420_H17_CD32,core_neighborhood_stop_rr_body,long,child::orig_V09_extreme_vol18::tp03,1.1,3.8,0.3,improve,0.42,1.29,6.25,17,32,,,,,8.0,0.01,580087,191699,388388,33.046594734927695,-100.0,0.0,100.0,0.0,597,13,True,INVALID,invalid_no_peak_growth,max_return_pct <= 0
LONG_MAIN_V18_IMPROVE_1H,long_main/v18,LM18_A034_S1290_RR6350_B380_H17_CD32,core_neighborhood_stop_rr_body,long,child::orig_V09_extreme_vol18::tp03,1.1,3.8,0.3,improve,0.38,1.29,6.35,17,32,,,,,8.0,0.01,611413,201984,409429,33.0356076825321,-100.0,0.0,100.0,0.0,597,13,True,INVALID,invalid_no_peak_growth,max_return_pct <= 0
LONG_MAIN_V18_IMPROVE_1H,long_main/v18,LM18_A035_S1290_RR6350_B400_H17_CD32,core_neighborhood_stop_rr_body,long,child::orig_V09_extreme_vol18::tp03,1.1,3.8,0.3,improve,0.4,1.29,6.35,17,32,,,,,8.0,0.01,595832,196789,399043,33.02759838343694,-100.0,0.0,100.0,0.0,597,13,True,INVALID,invalid_no_peak_growth,max_return_pct <= 0
LONG_MAIN_V18_IMPROVE_1H,long_main/v18,LM18_A036_S1290_RR6350_B420_H17_CD32,core_neighborhood_stop_rr_body,long,child::orig_V09_extreme_vol18::tp03,1.1,3.8,0.3,improve,0.42,1.29,6.35,17,32,,,,,8.0,0.01,580083,191688,388395,33.044926329508016,-100.0,0.0,100.0,0.0,597,13,True,INVALID,invalid_no_peak_growth,max_return_pct <= 0
LONG_MAIN_V18_IMPROVE_1H,long_main/v18,LM18_A037_S1300_RR6050_B380_H17_CD32,core_neighborhood_stop_rr_body,long,child::orig_V09_extreme_vol18::tp03,1.1,3.8,0.3,improve,0.38,1.3,6.05,17,32,,,,,8.0,0.01,611280,202918,408362,33.195589582515375,-100.0,0.0,100.0,0.0,597,13,True,INVALID,invalid_no_peak_growth,max_return_pct <= 0
LONG_MAIN_V18_IMPROVE_1H,long_main/v18,LM18_A038_S1300_RR6050_B400_H17_CD32,core_neighborhood_stop_rr_body,long,child::orig_V09_extreme_vol18::tp03,1.1,3.8,0.3,improve,0.4,1.3,6.05,17,32,,,,,8.0,0.01,595707,197712,397995,33.189470662590836,-100.0,0.0,100.0,0.0,597,13,True,INVALID,invalid_no_peak_growth,max_return_pct <= 0
