run_label,strategy,family,tag,side,trades,wins,losses,win_rate_pct,final_return_pct,max_return_pct,max_drawdown_pct,official_cd_value,symbol_files,errors,position_fraction,fee_per_side,cost_pct_round_trip,name,crash_dd_min,crash_recent_min,crash_recent_max,recovery_min,expansion_min,atr_expansion_min,vol_max,rec_quality_min,overheat_ret20_max,overheat_ret60_max,pump_ret3_max,upper_max,ret20_min,ret20_max,ret60_min,ret60_max,rsi_min,rsi_max,ema20_min,ema50_min,atrp_min,atrp_max,range60_max,close_pos_min,stop_atr,rr,hold,cooldown,fail_bars,fail_pnl,verdict,note
LONG_EVENT_MEMORY_V27_BEST_MIX_1H,EM27_A_001,a013_exit_local,around_em26_a013,long,30045,8981,21064,29.891828923281743,7.312600431090566,7.330304468901971,3.2647222494507133,103.82626813850254,597,0,0.01,0.0004,0.08,EM27_A_001,-0.22,12,240,0.08,0.012,0.9,4.0,0.0,0.18,0.35,0.2,0.82,-0.16,0.18,-0.35,0.35,28,72,0.82,0.74,0.001,0.095,0.58,0.48,0.88,3.0,14,18,6,-0.5,mdd_under5,official candidate pool
LONG_EVENT_MEMORY_V27_BEST_MIX_1H,EM27_A_002,a013_exit_local,around_em26_a013,long,29900,8796,21104,29.418060200668894,6.303910300238225,6.3214479280647495,3.5888932049898514,102.5056847079276,597,0,0.01,0.0004,0.08,EM27_A_002,-0.22,12,240,0.08,0.012,0.9,4.0,0.0,0.18,0.35,0.2,0.82,-0.16,0.18,-0.35,0.35,28,72,0.82,0.74,0.001,0.095,0.58,0.48,0.88,3.2,14,18,6,-0.5,mdd_under5,official candidate pool
LONG_EVENT_MEMORY_V27_BEST_MIX_1H,EM27_A_003,a013_exit_local,around_em26_a013,long,29767,8614,21153,28.93808579971109,5.084270346710129,5.416215603699892,3.9153990465953803,101.28875010299569,597,0,0.01,0.0004,0.08,EM27_A_003,-0.22,12,240,0.08,0.012,0.9,4.0,0.0,0.18,0.35,0.2,0.82,-0.16,0.18,-0.35,0.35,28,72,0.82,0.74,0.001,0.095,0.58,0.48,0.88,3.4,14,18,6,-0.5,mdd_under5,official candidate pool
LONG_EVENT_MEMORY_V27_BEST_MIX_1H,EM27_A_004,a013_exit_local,around_em26_a013,long,29809,9038,20771,30.319702103391595,9.679831826524786,9.69870912667583,3.2148622994180642,106.17204668401405,597,0,0.01,0.0004,0.08,EM27_A_004,-0.22,12,240,0.08,0.012,0.9,4.0,0.0,0.18,0.35,0.2,0.82,-0.16,0.18,-0.35,0.35,28,72,0.82,0.74,0.001,0.095,0.58,0.48,0.92,3.0,14,18,6,-0.5,mdd_under5,official candidate pool
LONG_EVENT_MEMORY_V27_BEST_MIX_1H,EM27_A_005,a013_exit_local,around_em26_a013,long,29653,8852,20801,29.851954271068692,8.127484338437663,8.220661580664657,3.454333070633575,104.48235947842531,597,0,0.01,0.0004,0.08,EM27_A_005,-0.22,12,240,0.08,0.012,0.9,4.0,0.0,0.18,0.35,0.2,0.82,-0.16,0.18,-0.35,0.35,28,72,0.82,0.74,0.001,0.095,0.58,0.48,0.92,3.2,14,18,6,-0.5,mdd_under5,official candidate pool
LONG_EVENT_MEMORY_V27_BEST_MIX_1H,EM27_A_006,a013_exit_local,around_em26_a013,long,29535,8667,20868,29.344845099035044,5.811106546036826,6.624469386202758,4.815471476416155,101.4899984760301,597,0,0.01,0.0004,0.08,EM27_A_006,-0.22,12,240,0.08,0.012,0.9,4.0,0.0,0.18,0.35,0.2,0.82,-0.16,0.18,-0.35,0.35,28,72,0.82,0.74,0.001,0.095,0.58,0.48,0.92,3.4,14,18,6,-0.5,mdd_under5,official candidate pool
LONG_EVENT_MEMORY_V27_BEST_MIX_1H,EM27_A_007,a013_exit_local,around_em26_a013,long,29567,9073,20494,30.68623803564785,10.26346230516575,10.313667023416295,3.137614802121236,106.85244907812685,597,0,0.01,0.0004,0.08,EM27_A_007,-0.22,12,240,0.08,0.012,0.9,4.0,0.0,0.18,0.35,0.2,0.82,-0.16,0.18,-0.35,0.35,28,72,0.82,0.74,0.001,0.095,0.58,0.48,0.96,3.0,14,18,6,-0.5,mdd_under5,official candidate pool
LONG_EVENT_MEMORY_V27_BEST_MIX_1H,EM27_A_008,a013_exit_local,around_em26_a013,long,29443,8867,20576,30.11581700234351,8.31808681367363,8.415151443716384,3.755066708160526,104.34409018525157,597,0,0.01,0.0004,0.08,EM27_A_008,-0.22,12,240,0.08,0.012,0.9,4.0,0.0,0.18,0.35,0.2,0.82,-0.16,0.18,-0.35,0.35,28,72,0.82,0.74,0.001,0.095,0.58,0.48,0.96,3.2,14,18,6,-0.5,mdd_under5,official candidate pool
LONG_EVENT_MEMORY_V27_BEST_MIX_1H,EM27_A_009,a013_exit_local,around_em26_a013,long,29331,8728,20603,29.75691248167468,7.788989748110797,7.874606990226907,4.465397849583397,103.05757660943877,597,0,0.01,0.0004,0.08,EM27_A_009,-0.22,12,240,0.08,0.012,0.9,4.0,0.0,0.18,0.35,0.2,0.82,-0.16,0.18,-0.35,0.35,28,72,0.82,0.74,0.001,0.095,0.58,0.48,0.96,3.4,14,18,6,-0.5,mdd_under5,official candidate pool
LONG_EVENT_MEMORY_V27_BEST_MIX_1H,EM27_A_010,a013_exit_local,around_em26_a013,long,29363,9117,20246,31.049279705752138,11.968957515779245,12.167597739039792,3.7481105522853775,107.96343217193782,597,0,0.01,0.0004,0.08,EM27_A_010,-0.22,12,240,0.08,0.012,0.9,4.0,0.0,0.18,0.35,0.2,0.82,-0.16,0.18,-0.35,0.35,28,72,0.82,0.74,0.001,0.095,0.58,0.48,1.0,3.0,14,18,6,-0.5,mdd_under5,official candidate pool
LONG_EVENT_MEMORY_V27_BEST_MIX_1H,EM27_A_011,a013_exit_local,around_em26_a013,long,29245,8932,20313,30.541972986835358,10.040226679913488,10.103854282276936,5.0323207465592485,104.56307518046854,597,0,0.01,0.0004,0.08,EM27_A_011,-0.22,12,240,0.08,0.012,0.9,4.0,0.0,0.18,0.35,0.2,0.82,-0.16,0.18,-0.35,0.35,28,72,0.82,0.74,0.001,0.095,0.58,0.48,1.0,3.2,14,18,6,-0.5,valid_any_mdd,research only; MDD >= 5
LONG_EVENT_MEMORY_V27_BEST_MIX_1H,EM27_A_012,a013_exit_local,around_em26_a013,long,29126,8805,20321,30.230721691959072,9.210446608767576,9.26201734962988,4.563940229386709,104.27536418437064,597,0,0.01,0.0004,0.08,EM27_A_012,-0.22,12,240,0.08,0.012,0.9,4.0,0.0,0.18,0.35,0.2,0.82,-0.16,0.18,-0.35,0.35,28,72,0.82,0.74,0.001,0.095,0.58,0.48,1.0,3.4,14,18,6,-0.5,mdd_under5,official candidate pool
LONG_EVENT_MEMORY_V27_BEST_MIX_1H,EM27_B_013,a013_overheat_mix,a013_plus_d042,long,29239,8974,20265,30.691884127364137,9.337244470602247,9.503216700740392,3.5548991192936197,105.61048781464758,597,0,0.01,0.0004,0.08,EM27_B_013,-0.22,12,240,0.08,0.012,0.9,4.0,0.0,0.1,0.35,0.06,0.82,-0.16,0.18,-0.35,0.35,28,72,0.82,0.74,0.001,0.095,0.58,0.48,0.95,3.0,14,18,6,-0.5,mdd_under5,official candidate pool
LONG_EVENT_MEMORY_V27_BEST_MIX_1H,EM27_B_014,a013_overheat_mix,a013_plus_d042,long,29278,8987,20291,30.69540269144067,9.32925963513238,9.495219744414939,3.4083520951717072,105.7632371281433,597,0,0.01,0.0004,0.08,EM27_B_014,-0.22,12,240,0.08,0.012,0.9,4.0,0.0,0.1,0.35,0.1,0.82,-0.16,0.18,-0.35,0.35,28,72,0.82,0.74,0.001,0.095,0.58,0.48,0.95,3.0,14,18,6,-0.5,mdd_under5,official candidate pool
LONG_EVENT_MEMORY_V27_BEST_MIX_1H,EM27_B_015,a013_overheat_mix,a013_plus_d042,long,29281,8987,20294,30.69225777808135,9.149944391576836,9.31563230311907,3.3967941876266394,105.60240525887941,597,0,0.01,0.0004,0.08,EM27_B_015,-0.22,12,240,0.08,0.012,0.9,4.0,0.0,0.1,0.35,0.14,0.82,-0.16,0.18,-0.35,0.35,28,72,0.82,0.74,0.001,0.095,0.58,0.48,0.95,3.0,14,18,6,-0.5,mdd_under5,official candidate pool
LONG_EVENT_MEMORY_V27_BEST_MIX_1H,EM27_B_016,a013_overheat_mix,a013_plus_d042,long,29525,9013,20512,30.52667231160034,7.801671212700634,7.820802255978654,3.546056139104925,103.99741607834835,597,0,0.01,0.0004,0.08,EM27_B_016,-0.22,12,240,0.08,0.012,0.9,4.0,0.0,0.14,0.35,0.06,0.82,-0.16,0.18,-0.35,0.35,28,72,0.82,0.74,0.001,0.095,0.58,0.48,0.95,3.0,14,18,6,-0.5,mdd_under5,official candidate pool
LONG_EVENT_MEMORY_V27_BEST_MIX_1H,EM27_B_017,a013_overheat_mix,a013_plus_d042,long,29566,9031,20535,30.545220861800715,7.982339695069562,8.001502800712835,3.4368819720388855,104.28961862142405,597,0,0.01,0.0004,0.08,EM27_B_017,-0.22,12,240,0.08,0.012,0.9,4.0,0.0,0.14,0.35,0.1,0.82,-0.16,0.18,-0.35,0.35,28,72,0.82,0.74,0.001,0.095,0.58,0.48,0.95,3.0,14,18,6,-0.5,mdd_under5,official candidate pool
LONG_EVENT_MEMORY_V27_BEST_MIX_1H,EM27_B_018,a013_overheat_mix,a013_plus_d042,long,29568,9031,20537,30.543154761904763,7.835888018767534,7.855025134337312,3.4368819720389077,104.14817521955725,597,0,0.01,0.0004,0.08,EM27_B_018,-0.22,12,240,0.08,0.012,0.9,4.0,0.0,0.14,0.35,0.14,0.82,-0.16,0.18,-0.35,0.35,28,72,0.82,0.74,0.001,0.095,0.58,0.48,0.95,3.0,14,18,6,-0.5,mdd_under5,official candidate pool
LONG_EVENT_MEMORY_V27_BEST_MIX_1H,EM27_B_019,a013_overheat_mix,a013_plus_d042,long,29592,9046,20546,30.569072722357394,9.244114074317444,9.263501100981465,3.2955922848671215,105.66262158852182,597,0,0.01,0.0004,0.08,EM27_B_019,-0.22,12,240,0.08,0.012,0.9,4.0,0.0,0.18,0.35,0.06,0.82,-0.16,0.18,-0.35,0.35,28,72,0.82,0.74,0.001,0.095,0.58,0.48,0.95,3.0,14,18,6,-0.5,mdd_under5,official candidate pool
LONG_EVENT_MEMORY_V27_BEST_MIX_1H,EM27_B_020,a013_overheat_mix,a013_plus_d042,long,29631,9066,20565,30.59633491950997,10.151304520256765,10.170852541639007,3.1257540447263144,106.72718266220926,597,0,0.01,0.0004,0.08,EM27_B_020,-0.22,12,240,0.08,0.012,0.9,4.0,0.0,0.18,0.35,0.1,0.82,-0.16,0.18,-0.35,0.35,28,72,0.82,0.74,0.001,0.095,0.58,0.48,0.95,3.0,14,18,6,-0.5,mdd_under5,official candidate pool
LONG_EVENT_MEMORY_V27_BEST_MIX_1H,EM27_B_021,a013_overheat_mix,a013_plus_d042,long,29634,9067,20567,30.59661199973004,10.014417158227928,10.033940886869463,3.123250554646295,106.59730521782114,597,0,0.01,0.0004,0.08,EM27_B_021,-0.22,12,240,0.08,0.012,0.9,4.0,0.0,0.18,0.35,0.14,0.82,-0.16,0.18,-0.35,0.35,28,72,0.82,0.74,0.001,0.095,0.58,0.48,0.95,3.0,14,18,6,-0.5,mdd_under5,official candidate pool
LONG_EVENT_MEMORY_V27_BEST_MIX_1H,EM27_C_022,low_mdd_recency_crash_mix,e044_b024_stability,long,18736,5922,12814,31.607600341588387,9.292654719688764,9.473541429909439,1.6590051554811858,107.65736973369941,597,0,0.01,0.0004,0.08,EM27_C_022,-0.25,12,180,0.08,0.012,0.9,4.0,0.0,0.18,0.35,0.2,0.82,-0.16,0.18,-0.35,0.35,28,72,0.82,0.74,0.001,0.095,0.58,0.48,0.9,2.8,14,18,6,-0.5,mdd_under5,official candidate pool
LONG_EVENT_MEMORY_V27_BEST_MIX_1H,EM27_C_023,low_mdd_recency_crash_mix,e044_b024_stability,long,16530,5279,11251,31.93587416817907,11.542240436500295,11.59036285680688,1.5111461045594021,109.90406943543255,597,0,0.01,0.0004,0.08,EM27_C_023,-0.25,12,180,0.1,0.012,0.9,4.0,0.0,0.18,0.35,0.2,0.82,-0.16,0.18,-0.35,0.35,28,72,0.82,0.74,0.001,0.095,0.58,0.48,0.9,2.8,14,18,6,-0.5,mdd_under5,official candidate pool
LONG_EVENT_MEMORY_V27_BEST_MIX_1H,EM27_C_024,low_mdd_recency_crash_mix,e044_b024_stability,long,14504,4684,9820,32.29453943739658,9.853147580993603,9.970692953222038,1.484377550918714,108.33831267443466,597,0,0.01,0.0004,0.08,EM27_C_024,-0.25,12,180,0.12,0.012,0.9,4.0,0.0,0.18,0.35,0.2,0.82,-0.16,0.18,-0.35,0.35,28,72,0.82,0.74,0.001,0.095,0.58,0.48,0.9,2.8,14,18,6,-0.5,mdd_under5,official candidate pool
LONG_EVENT_MEMORY_V27_BEST_MIX_1H,EM27_C_025,low_mdd_recency_crash_mix,e044_b024_stability,long,22638,7074,15564,31.248343493241453,9.552191641272989,9.663646720738983,2.3212201161405766,107.11811209296386,597,0,0.01,0.0004,0.08,EM27_C_025,-0.25,12,240,0.08,0.012,0.9,4.0,0.0,0.18,0.35,0.2,0.82,-0.16,0.18,-0.35,0.35,28,72,0.82,0.74,0.001,0.095,0.58,0.48,0.9,2.8,14,18,6,-0.5,mdd_under5,official candidate pool
LONG_EVENT_MEMORY_V27_BEST_MIX_1H,EM27_C_026,low_mdd_recency_crash_mix,e044_b024_stability,long,19631,6210,13421,31.633640670368298,13.51534782711492,13.529651451799495,1.3604753440010553,111.98510853566742,597,0,0.01,0.0004,0.08,EM27_C_026,-0.25,12,240,0.1,0.012,0.9,4.0,0.0,0.18,0.35,0.2,0.82,-0.16,0.18,-0.35,0.35,28,72,0.82,0.74,0.001,0.095,0.58,0.48,0.9,2.8,14,18,6,-0.5,mdd_under5,official candidate pool
LONG_EVENT_MEMORY_V27_BEST_MIX_1H,EM27_C_027,low_mdd_recency_crash_mix,e044_b024_stability,long,16985,5472,11513,32.2166617603768,12.52640769104454,12.57990683396908,1.3304730168679613,111.08206155112804,597,0,0.01,0.0004,0.08,EM27_C_027,-0.25,12,240,0.12,0.012,0.9,4.0,0.0,0.18,0.35,0.2,0.82,-0.16,0.18,-0.35,0.35,28,72,0.82,0.74,0.001,0.095,0.58,0.48,0.9,2.8,14,18,6,-0.5,mdd_under5,official candidate pool
LONG_EVENT_MEMORY_V27_BEST_MIX_1H,EM27_C_028,low_mdd_recency_crash_mix,e044_b024_stability,long,25934,8086,17848,31.179147065628133,10.400304057295306,10.413906829344732,2.312740426267057,107.86031976988164,597,0,0.01,0.0004,0.08,EM27_C_028,-0.25,12,300,0.08,0.012,0.9,4.0,0.0,0.18,0.35,0.2,0.82,-0.16,0.18,-0.35,0.35,28,72,0.82,0.74,0.001,0.095,0.58,0.48,0.9,2.8,14,18,6,-0.5,mdd_under5,official candidate pool
LONG_EVENT_MEMORY_V27_BEST_MIX_1H,EM27_C_029,low_mdd_recency_crash_mix,e044_b024_stability,long,22197,6953,15244,31.32405279992792,12.029204291668982,12.132849659534163,1.3991405333812712,110.56395350871213,597,0,0.01,0.0004,0.08,EM27_C_029,-0.25,12,300,0.1,0.012,0.9,4.0,0.0,0.18,0.35,0.2,0.82,-0.16,0.18,-0.35,0.35,28,72,0.82,0.74,0.001,0.095,0.58,0.48,0.9,2.8,14,18,6,-0.5,mdd_under5,official candidate pool
LONG_EVENT_MEMORY_V27_BEST_MIX_1H,EM27_C_030,low_mdd_recency_crash_mix,e044_b024_stability,long,18967,6043,12924,31.86059998945537,11.115390898817878,11.215044595421354,1.3357327553106924,109.72950881592692,597,0,0.01,0.0004,0.08,EM27_C_030,-0.25,12,300,0.12,0.012,0.9,4.0,0.0,0.18,0.35,0.2,0.82,-0.16,0.18,-0.35,0.35,28,72,0.82,0.74,0.001,0.095,0.58,0.48,0.9,2.8,14,18,6,-0.5,mdd_under5,official candidate pool
LONG_EVENT_MEMORY_V27_BEST_MIX_1H,EM27_D_031,quality_payoff_mix,recovery_quality_plus_exit,long,29795,9261,20534,31.082396375230744,11.49430647346652,11.532720740692714,3.0918776618728105,108.08426546243224,597,0,0.01,0.0004,0.08,EM27_D_031,-0.22,12,240,0.08,0.012,0.9,4.0,0.35,0.18,0.35,0.2,0.82,-0.16,0.18,-0.35,0.35,28,72,0.82,0.74,0.001,0.095,0.58,0.48,0.95,2.8,14,18,6,-0.5,mdd_under5,official candidate pool
LONG_EVENT_MEMORY_V27_BEST_MIX_1H,EM27_D_032,quality_payoff_mix,recovery_quality_plus_exit,long,29502,8868,20634,30.05897905226764,8.535923881300423,8.632251013651903,3.866688120134043,104.43178066907284,597,0,0.01,0.0004,0.08,EM27_D_032,-0.22,12,240,0.08,0.012,0.9,4.0,0.35,0.18,0.35,0.2,0.82,-0.16,0.18,-0.35,0.35,28,72,0.82,0.74,0.001,0.095,0.58,0.48,0.95,3.2,14,18,6,-0.5,mdd_under5,official candidate pool
LONG_EVENT_MEMORY_V27_BEST_MIX_1H,EM27_D_033,quality_payoff_mix,recovery_quality_plus_exit,long,29745,9239,20506,31.06068246764162,10.74627893870963,10.784435480402465,3.1473371029922315,107.29767583818727,597,0,0.01,0.0004,0.08,EM27_D_033,-0.22,12,240,0.08,0.012,0.9,4.0,0.55,0.18,0.35,0.2,0.82,-0.16,0.18,-0.35,0.35,28,72,0.82,0.74,0.001,0.095,0.58,0.48,0.95,2.8,14,18,6,-0.5,mdd_under5,official candidate pool
LONG_EVENT_MEMORY_V27_BEST_MIX_1H,EM27_D_034,quality_payoff_mix,recovery_quality_plus_exit,long,29452,8848,20604,30.042102403911446,7.945664095800153,8.041467364434919,3.724246940463971,104.01773632168258,597,0,0.01,0.0004,0.08,EM27_D_034,-0.22,12,240,0.08,0.012,0.9,4.0,0.55,0.18,0.35,0.2,0.82,-0.16,0.18,-0.35,0.35,28,72,0.82,0.74,0.001,0.095,0.58,0.48,0.95,3.2,14,18,6,-0.5,mdd_under5,official candidate pool
LONG_EVENT_MEMORY_V27_BEST_MIX_1H,EM27_D_035,quality_payoff_mix,recovery_quality_plus_exit,long,29557,9173,20384,31.0349494197652,8.916834342234004,9.094598535474763,3.070822004102791,105.7444975983598,597,0,0.01,0.0004,0.08,EM27_D_035,-0.22,12,240,0.08,0.012,0.9,4.0,0.75,0.18,0.35,0.2,0.82,-0.16,0.18,-0.35,0.35,28,72,0.82,0.74,0.001,0.095,0.58,0.48,0.95,2.8,14,18,6,-0.5,mdd_under5,official candidate pool
LONG_EVENT_MEMORY_V27_BEST_MIX_1H,EM27_D_036,quality_payoff_mix,recovery_quality_plus_exit,long,29265,8780,20485,30.00170852554246,6.071762683674353,6.241565200121446,3.9875791904015467,102.00509865464451,597,0,0.01,0.0004,0.08,EM27_D_036,-0.22,12,240,0.08,0.012,0.9,4.0,0.75,0.18,0.35,0.2,0.82,-0.16,0.18,-0.35,0.35,28,72,0.82,0.74,0.001,0.095,0.58,0.48,0.95,3.2,14,18,6,-0.5,mdd_under5,official candidate pool
LONG_EVENT_MEMORY_V27_BEST_MIX_1H,EM27_E_037,deep_crash_payoff,deeper_crash_plus_payoff,long,25470,7893,17577,30.98939929328622,10.34266740016896,10.541099393608855,2.870522654620755,107.36799209284847,597,0,0.01,0.0004,0.08,EM27_E_037,-0.22,12,240,0.1,0.012,0.9,4.0,0.0,0.18,0.35,0.2,0.82,-0.16,0.18,-0.35,0.35,28,72,0.82,0.74,0.001,0.095,0.58,0.48,0.9,2.8,14,18,6,-0.5,mdd_under5,official candidate pool
LONG_EVENT_MEMORY_V27_BEST_MIX_1H,EM27_E_038,deep_crash_payoff,deeper_crash_plus_payoff,long,25237,7585,17652,30.055077861869478,11.67120820630354,11.853067192597377,3.1266194435334294,108.35584744556512,597,0,0.01,0.0004,0.08,EM27_E_038,-0.22,12,240,0.1,0.012,0.9,4.0,0.0,0.18,0.35,0.2,0.82,-0.16,0.18,-0.35,0.35,28,72,0.82,0.74,0.001,0.095,0.58,0.48,0.9,3.2,14,18,6,-0.5,mdd_under5,official candidate pool
LONG_EVENT_MEMORY_V27_BEST_MIX_1H,EM27_E_039,deep_crash_payoff,deeper_crash_plus_payoff,long,19631,6210,13421,31.633640670368298,13.51534782711492,13.529651451799495,1.3604753440010553,111.98510853566742,597,0,0.01,0.0004,0.08,EM27_E_039,-0.25,12,240,0.1,0.012,0.9,4.0,0.0,0.18,0.35,0.2,0.82,-0.16,0.18,-0.35,0.35,28,72,0.82,0.74,0.001,0.095,0.58,0.48,0.9,2.8,14,18,6,-0.5,mdd_under5,official candidate pool
LONG_EVENT_MEMORY_V27_BEST_MIX_1H,EM27_E_040,deep_crash_payoff,deeper_crash_plus_payoff,long,19449,5998,13451,30.839631857679056,16.565155747041494,16.57696858282758,1.5748793733025734,114.7410219505952,597,0,0.01,0.0004,0.08,EM27_E_040,-0.25,12,240,0.1,0.012,0.9,4.0,0.0,0.18,0.35,0.2,0.82,-0.16,0.18,-0.35,0.35,28,72,0.82,0.74,0.001,0.095,0.58,0.48,0.9,3.2,14,18,6,-0.5,mdd_under5,official candidate pool
LONG_EVENT_MEMORY_V27_BEST_MIX_1H,EM27_E_041,deep_crash_payoff,deeper_crash_plus_payoff,long,14347,4630,9717,32.27155502892591,14.250982475771746,14.343236121140546,1.285280001716349,112.87360537396023,597,0,0.01,0.0004,0.08,EM27_E_041,-0.28,12,240,0.1,0.012,0.9,4.0,0.0,0.18,0.35,0.2,0.82,-0.16,0.18,-0.35,0.35,28,72,0.82,0.74,0.001,0.095,0.58,0.48,0.9,2.8,14,18,6,-0.5,mdd_under5,official candidate pool
LONG_EVENT_MEMORY_V27_BEST_MIX_1H,EM27_E_042,deep_crash_payoff,deeper_crash_plus_payoff,long,14209,4440,9769,31.24780068970371,14.395930763243037,14.432765609733789,1.5260967498263334,112.68641089302726,597,0,0.01,0.0004,0.08,EM27_E_042,-0.28,12,240,0.1,0.012,0.9,4.0,0.0,0.18,0.35,0.2,0.82,-0.16,0.18,-0.35,0.35,28,72,0.82,0.74,0.001,0.095,0.58,0.48,0.9,3.2,14,18,6,-0.5,mdd_under5,official candidate pool
LONG_EVENT_MEMORY_V27_BEST_MIX_1H,EM27_E_043,deep_crash_payoff,deeper_crash_plus_payoff,long,11622,3719,7903,31.99965582515918,11.559368249500723,11.736805573045794,1.259827194496299,110.32911491017511,597,0,0.01,0.0004,0.08,EM27_E_043,-0.3,12,240,0.1,0.012,0.9,4.0,0.0,0.18,0.35,0.2,0.82,-0.16,0.18,-0.35,0.35,28,72,0.82,0.74,0.001,0.095,0.58,0.48,0.9,2.8,14,18,6,-0.5,mdd_under5,official candidate pool
LONG_EVENT_MEMORY_V27_BEST_MIX_1H,EM27_E_044,deep_crash_payoff,deeper_crash_plus_payoff,long,11512,3554,7958,30.872133425990274,11.001198411554537,11.160439451264503,1.457890125922423,109.53984238057255,597,0,0.01,0.0004,0.08,EM27_E_044,-0.3,12,240,0.1,0.012,0.9,4.0,0.0,0.18,0.35,0.2,0.82,-0.16,0.18,-0.35,0.35,28,72,0.82,0.74,0.001,0.095,0.58,0.48,0.9,3.2,14,18,6,-0.5,mdd_under5,official candidate pool
