axis,baseline_version,strategy,symbol,side,signal_i,entry_i,exit_i,entry_ts,exit_ts,entry_price,exit_price,pnl_decimal,exit_reason,score,same_bar,side_trade_id
long_max2,long_max2/v2,V34_RETEST_V33_TOP_WEAK_E1_CLOSE_000_BE_NEXT,RIVER,long,131,132,133,1767265200000000000,1767265500000000000,9.913,9.98154296102107,0.006114451833054613,stop,0.7339922181729978,False,1
long_max2,long_max2/v2,V34_RETEST_V33_TOP_WEAK_E1_CLOSE_000_BE_NEXT,Q,long,143,144,146,1767268800000000000,1767269400000000000,0.015555,0.01565242045922781,0.005462967484912174,stop,0.7846401115935209,False,2
long_max2,long_max2/v2,V34_RETEST_V33_TOP_WEAK_E1_CLOSE_000_BE_NEXT,EPT,long,146,147,148,1767269700000000000,1767270000000000000,0.002021,0.002027692451698094,0.00251145556560819,stop,2.156160500061463,False,3
long_max2,long_max2/v2,V34_RETEST_V33_TOP_WEAK_E1_CLOSE_000_BE_NEXT,HOME,long,159,160,160,1767273600000000000,1767273600000000000,0.01945,0.01903286457808409,-0.02224655125531658,stop,1.9665076541147,True,4
long_max2,long_max2/v2,V34_RETEST_V33_TOP_WEAK_E1_CLOSE_000_BE_NEXT,CLO,long,173,174,185,1767277800000000000,1767281100000000000,0.4071,0.4084528904461892,0.002523238629794112,stop,0.7495063645812576,False,5
long_max2,long_max2/v2,V34_RETEST_V33_TOP_WEAK_E1_CLOSE_000_BE_NEXT,RIVER,long,173,174,175,1767277800000000000,1767278100000000000,7.843,7.911664710857533,0.00795490384515265,stop,0.8292469201267018,False,6
long_max2,long_max2/v2,V34_RETEST_V33_TOP_WEAK_E1_CLOSE_000_BE_NEXT,LAB,long,175,176,182,1767278400000000000,1767280200000000000,0.11717,0.11745497684125887,0.0016321655821359923,stop,3.2913200801042186,False,7
long_max2,long_max2/v2,V34_RETEST_V33_TOP_WEAK_E1_CLOSE_000_BE_NEXT,FOLKS,long,181,182,184,1767280200000000000,1767280800000000000,3.993,4.002594684045392,0.0016028760444259057,stop,1.5446053178912944,False,8
long_max2,long_max2/v2,V34_RETEST_V33_TOP_WEAK_E1_CLOSE_000_BE_NEXT,BEAT,long,207,208,208,1767288000000000000,1767288000000000000,1.3322,1.3123781277091717,-0.01567905141182133,stop,2.53810534453291,True,9
long_max2,long_max2/v2,V34_RETEST_V33_TOP_WEAK_E1_CLOSE_000_BE_NEXT,NAORIS,long,215,216,233,1767290400000000000,1767295500000000000,0.03953,0.03987,0.0078010624841892365,time,1.1674740247277116,False,10
long_max2,long_max2/v2,V34_RETEST_V33_TOP_WEAK_E1_CLOSE_000_BE_NEXT,Q,long,221,222,223,1767292200000000000,1767292500000000000,0.015896,0.015973591918708473,0.00408122286792092,stop,1.2691399006382427,False,11
long_max2,long_max2/v2,V34_RETEST_V33_TOP_WEAK_E1_CLOSE_000_BE_NEXT,TRUTH,long,225,226,226,1767293400000000000,1767293400000000000,0.008557,0.00840903324213849,-0.018091896442855113,stop,3.8130186006242246,True,12
long_max2,long_max2/v2,V34_RETEST_V33_TOP_WEAK_E1_CLOSE_000_BE_NEXT,BROCCOLIF3B,long,244,245,245,1767299100000000000,1767299100000000000,0.005961,0.005802128461921669,-0.027451826552311907,stop,1.3092338786161024,True,13
long_max2,long_max2/v2,V34_RETEST_V33_TOP_WEAK_E1_CLOSE_000_BE_NEXT,LIGHT,long,252,253,253,1767301500000000000,1767301500000000000,1.85,1.7000527120587317,-0.08185258807636128,stop,4.038352465815712,True,14
long_max2,long_max2/v2,V34_RETEST_V33_TOP_WEAK_E1_CLOSE_000_BE_NEXT,1000CAT,long,254,255,256,1767302100000000000,1767302400000000000,0.002722,0.00272571081705119,0.0005632685713409475,stop,2.0494138878556654,False,15
long_max2,long_max2/v2,V34_RETEST_V33_TOP_WEAK_E1_CLOSE_000_BE_NEXT,MUBARAK,long,254,255,256,1767302100000000000,1767302400000000000,0.01783,0.017880884585642173,0.002053874685483815,stop,0.9580504466089809,False,16
long_max2,long_max2/v2,V34_RETEST_V33_TOP_WEAK_E1_CLOSE_000_BE_NEXT,COOKIE,long,255,256,257,1767302400000000000,1767302700000000000,0.04163,0.04173268082236418,0.0016665102657741578,stop,2.2789065631952012,False,17
long_max2,long_max2/v2,V34_RETEST_V33_TOP_WEAK_E1_CLOSE_000_BE_NEXT,FOLKS,long,255,256,257,1767302400000000000,1767302700000000000,3.859,3.8676259015098116,0.0014352685954423191,stop,2.6449409344692167,False,18
long_max2,long_max2/v2,V34_RETEST_V33_TOP_WEAK_E1_CLOSE_000_BE_NEXT,PLAY,long,255,256,256,1767302400000000000,1767302400000000000,0.04871,0.04811303217070368,-0.013055549769992214,stop,6.380578337847558,True,19
long_max2,long_max2/v2,V34_RETEST_V33_TOP_WEAK_E1_CLOSE_000_BE_NEXT,TA,long,255,256,257,1767302400000000000,1767302700000000000,0.02525,0.025321685603073685,0.002039033785096312,stop,2.012956490743043,False,20
long_max2,long_max2/v2,V34_RETEST_V33_TOP_WEAK_E1_CLOSE_000_BE_NEXT,TANSSI,long,255,256,273,1767302400000000000,1767307500000000000,0.01189,0.01214,0.020226072329688895,time,3.045974331588474,False,21
long_max2,long_max2/v2,V34_RETEST_V33_TOP_WEAK_E1_CLOSE_000_BE_NEXT,BEAT,long,256,257,258,1767302700000000000,1767303000000000000,1.0172,1.0233248942690945,0.005221327437174983,stop,0.6781341550593201,False,22
long_max2,long_max2/v2,V34_RETEST_V33_TOP_WEAK_E1_CLOSE_000_BE_NEXT,DMC,long,256,257,260,1767302700000000000,1767303600000000000,0.001288,0.001291058199436149,0.001574378444214953,stop,1.2752601919616229,False,23
long_max2,long_max2/v2,V34_RETEST_V33_TOP_WEAK_E1_CLOSE_000_BE_NEXT,TLM,long,257,258,275,1767303000000000000,1767308100000000000,0.002785,0.002832,0.016076122082585267,time,2.2139268472765856,False,24
long_max2,long_max2/v2,V34_RETEST_V33_TOP_WEAK_E1_CLOSE_000_BE_NEXT,TAKE,long,258,259,276,1767303300000000000,1767308400000000000,0.0834,0.0858,0.02797697841726623,time,0.8434163428271123,False,25
long_max2,long_max2/v2,V34_RETEST_V33_TOP_WEAK_E1_CLOSE_000_BE_NEXT,LYN,long,260,261,278,1767303900000000000,1767309000000000000,0.15254,0.15869,0.03951729382457061,time,1.305141612913947,False,26
long_max2,long_max2/v2,V34_RETEST_V33_TOP_WEAK_E1_CLOSE_000_BE_NEXT,SQD,long,260,261,262,1767303900000000000,1767304200000000000,0.08215,0.08233032209048144,0.0013950345767673963,stop,1.9140749703959317,False,27
long_max2,long_max2/v2,V34_RETEST_V33_TOP_WEAK_E1_CLOSE_000_BE_NEXT,CC,long,277,278,278,1767309000000000000,1767309000000000000,0.16515,0.1621240862966525,-0.019122214370859678,stop,2.002039910556007,True,28
long_max2,long_max2/v2,V34_RETEST_V33_TOP_WEAK_E1_CLOSE_000_BE_NEXT,LIGHT,long,306,307,322,1767317700000000000,1767322200000000000,0.5766,0.5813075514106393,0.0073643278020104844,stop,2.448087974982944,False,29
long_max2,long_max2/v2,V34_RETEST_V33_TOP_WEAK_E1_CLOSE_000_BE_NEXT,BAN,long,322,323,323,1767322500000000000,1767322500000000000,0.06856,0.06749994517468769,-0.01626170982077466,stop,1.226351664987702,True,30
long_max2,long_max2/v2,V34_RETEST_V33_TOP_WEAK_E1_CLOSE_000_BE_NEXT,Q,long,344,345,346,1767329100000000000,1767329400000000000,0.017864,0.018051512460313557,0.009696667057409148,stop,0.6073196405698688,False,31
long_max2,long_max2/v2,V34_RETEST_V33_TOP_WEAK_E1_CLOSE_000_BE_NEXT,A2Z,long,385,386,387,1767341400000000000,1767341700000000000,0.001827,0.0018342064320637996,0.0031444072598793235,stop,1.488253813405895,False,32
long_max2,long_max2/v2,V34_RETEST_V33_TOP_WEAK_E1_CLOSE_000_BE_NEXT,ZBT,long,397,398,400,1767345000000000000,1767345600000000000,0.1473,0.14753609332091944,0.0008028059804442662,stop,3.221183882027006,False,33
long_max2,long_max2/v2,V34_RETEST_V33_TOP_WEAK_E1_CLOSE_000_BE_NEXT,DAM,long,403,404,405,1767346800000000000,1767347100000000000,0.02555,0.025600058166738292,0.001159223747095562,stop,1.441323258544485,False,34
long_max2,long_max2/v2,V34_RETEST_V33_TOP_WEAK_E1_CLOSE_000_BE_NEXT,RIVER,long,425,426,432,1767353400000000000,1767355200000000000,12.706,12.794899128004275,0.006196625846393378,stop,1.340226869202471,False,35
long_max2,long_max2/v2,V34_RETEST_V33_TOP_WEAK_E1_CLOSE_000_BE_NEXT,BEAT,long,432,433,434,1767355500000000000,1767355800000000000,1.0856,1.0899323846385889,0.00319077435389561,stop,0.9407059483359447,False,36
long_max2,long_max2/v2,V34_RETEST_V33_TOP_WEAK_E1_CLOSE_000_BE_NEXT,BROCCOLI714,long,436,437,439,1767356700000000000,1767357300000000000,0.01923,0.019286823403216597,0.0021549351646696032,stop,1.818792859098094,False,37
long_max2,long_max2/v2,V34_RETEST_V33_TOP_WEAK_E1_CLOSE_000_BE_NEXT,UAI,long,447,448,449,1767360000000000000,1767360300000000000,0.1283,0.12852664412378123,0.0009665169429559313,stop,2.0649112458424574,False,38
long_max2,long_max2/v2,V34_RETEST_V33_TOP_WEAK_E1_CLOSE_000_BE_NEXT,OG,long,477,478,478,1767369000000000000,1767369000000000000,8.674,8.36053857261101,-0.036938047888977456,stop,10.88650692502991,True,39
long_max2,long_max2/v2,V34_RETEST_V33_TOP_WEAK_E1_CLOSE_000_BE_NEXT,XNY,long,482,483,500,1767370500000000000,1767375600000000000,0.003293,0.003329,0.010132280595201904,time,4.6393738023244095,False,40
long_max2,long_max2/v2,V34_RETEST_V33_TOP_WEAK_E1_CLOSE_000_BE_NEXT,PNUT,long,486,487,488,1767371700000000000,1767372000000000000,0.07746,0.07767202058219934,0.0019371621765988064,stop,0.6621998607097398,False,41
long_max2,long_max2/v2,V34_RETEST_V33_TOP_WEAK_E1_CLOSE_000_BE_NEXT,A2Z,long,487,488,489,1767372000000000000,1767372300000000000,0.001797,0.0018024820519608718,0.0022506688708245023,stop,1.1382599151810475,False,42
long_max2,long_max2/v2,V34_RETEST_V33_TOP_WEAK_E1_CLOSE_000_BE_NEXT,BEAT,long,518,519,519,1767381300000000000,1767381300000000000,0.9742,0.9541024616306365,-0.021429786870625554,stop,2.1604635951927937,True,43
long_max2,long_max2/v2,V34_RETEST_V33_TOP_WEAK_E1_CLOSE_000_BE_NEXT,MERL,long,527,528,528,1767384000000000000,1767384000000000000,0.2646,0.26137998544653385,-0.012969367171073864,stop,0.7428537853734779,True,44
long_max2,long_max2/v2,V34_RETEST_V33_TOP_WEAK_E1_CLOSE_000_BE_NEXT,FLOW,long,528,529,530,1767384300000000000,1767384600000000000,0.08,0.08024054558924341,0.0022068198655426315,stop,2.4319714272874537,False,45
long_max2,long_max2/v2,V34_RETEST_V33_TOP_WEAK_E1_CLOSE_000_BE_NEXT,CLO,long,530,531,532,1767384900000000000,1767385200000000000,0.3124,0.37790453082200126,0.20888159674136123,target,2.6916077069401947,False,46
long_max2,long_max2/v2,V34_RETEST_V33_TOP_WEAK_E1_CLOSE_000_BE_NEXT,D,long,531,532,533,1767385200000000000,1767385500000000000,0.01351,0.013533418891981541,0.000933448703296947,stop,2.164918820239755,False,47
long_max2,long_max2/v2,V34_RETEST_V33_TOP_WEAK_E1_CLOSE_000_BE_NEXT,LIGHT,long,533,534,536,1767385800000000000,1767386400000000000,0.6766,0.6805199727706059,0.00499363400917221,stop,3.606530153987434,False,48
long_max2,long_max2/v2,V34_RETEST_V33_TOP_WEAK_E1_CLOSE_000_BE_NEXT,TRUTH,long,546,547,548,1767389700000000000,1767390000000000000,0.009905,0.009959590352577917,0.004711393496003602,stop,2.3718476596243887,False,49
long_max2,long_max2/v2,V34_RETEST_V33_TOP_WEAK_E1_CLOSE_000_BE_NEXT,RVV,long,581,582,587,1767400200000000000,1767401700000000000,0.004281,0.004289394742647373,0.0011609303077254837,stop,3.5075524333336356,False,50
long_max2,long_max2/v2,V34_RETEST_V33_TOP_WEAK_E1_CLOSE_000_BE_NEXT,BEAT,long,591,592,593,1767403200000000000,1767403500000000000,0.7806,0.7842352819650406,0.003857035568845336,stop,2.601586366876094,False,51
long_max2,long_max2/v2,V34_RETEST_V33_TOP_WEAK_E1_CLOSE_000_BE_NEXT,GRIFFAIN,long,605,606,606,1767407400000000000,1767407400000000000,0.02036,0.02011571543808273,-0.012798259426192038,stop,1.4900655086148058,True,52
long_max2,long_max2/v2,V34_RETEST_V33_TOP_WEAK_E1_CLOSE_000_BE_NEXT,CLO,long,607,608,609,1767408000000000000,1767408300000000000,0.359,0.3603155143063171,0.002864385254365188,stop,0.6818625960148197,False,53
long_max2,long_max2/v2,V34_RETEST_V33_TOP_WEAK_E1_CLOSE_000_BE_NEXT,LIGHT,long,666,667,668,1767425700000000000,1767426000000000000,0.7115,0.7148429112497293,0.003898399507701012,stop,1.5516415520812858,False,54
long_max2,long_max2/v2,V34_RETEST_V33_TOP_WEAK_E1_CLOSE_000_BE_NEXT,LIGHT,long,705,706,707,1767437400000000000,1767437700000000000,0.6923,0.6947255803939301,0.002703655054066135,stop,2.958467184991159,False,55
long_max2,long_max2/v2,V34_RETEST_V33_TOP_WEAK_E1_CLOSE_000_BE_NEXT,RIVER,long,706,707,708,1767437700000000000,1767438000000000000,16.059,16.14003529728996,0.004246098592064174,stop,0.719501278453692,False,56
long_max2,long_max2/v2,V34_RETEST_V33_TOP_WEAK_E1_CLOSE_000_BE_NEXT,BEAT,long,707,708,725,1767438000000000000,1767443100000000000,0.7323,0.7994,0.09082911375119487,time,4.435849273828944,False,57
long_max2,long_max2/v2,V34_RETEST_V33_TOP_WEAK_E1_CLOSE_000_BE_NEXT,PIEVERSE,long,710,711,728,1767438900000000000,1767444000000000000,0.7994,0.823,0.02872214160620459,time,1.6228241174872495,False,58
long_max2,long_max2/v2,V34_RETEST_V33_TOP_WEAK_E1_CLOSE_000_BE_NEXT,Q,long,749,750,752,1767450600000000000,1767451200000000000,0.016935,0.016972574300895604,0.0014187363977328457,stop,3.5290077749792363,False,59
long_max2,long_max2/v2,V34_RETEST_V33_TOP_WEAK_E1_CLOSE_000_BE_NEXT,STABLE,long,763,764,764,1767454800000000000,1767454800000000000,0.017193,0.016823132407607595,-0.022312684952736837,stop,1.339127866802997,True,60
long_max2,long_max2/v2,V34_RETEST_V33_TOP_WEAK_E1_CLOSE_000_BE_NEXT,1000PEPE,long,765,766,770,1767455400000000000,1767456600000000000,0.0058777,0.005886709245649274,0.0007327841926731089,stop,0.48050637850558536,False,61
long_max2,long_max2/v2,V34_RETEST_V33_TOP_WEAK_E1_CLOSE_000_BE_NEXT,NEIRO,long,765,766,770,1767455400000000000,1767456600000000000,0.0001291,0.00012928933575031456,0.0006665821093304831,stop,1.0299164298133336,False,62
long_max2,long_max2/v2,V34_RETEST_V33_TOP_WEAK_E1_CLOSE_000_BE_NEXT,PNUT,long,765,766,770,1767455400000000000,1767456600000000000,0.08012,0.08021351099510539,0.00036713673371693357,stop,1.4597213926143562,False,63
long_max2,long_max2/v2,V34_RETEST_V33_TOP_WEAK_E1_CLOSE_000_BE_NEXT,PUMP,long,765,766,772,1767455400000000000,1767457200000000000,0.002242,0.002245225501857006,0.0006386716578973501,stop,1.0277470443241814,False,64
long_max2,long_max2/v2,V34_RETEST_V33_TOP_WEAK_E1_CLOSE_000_BE_NEXT,VIRTUAL,long,765,766,770,1767455400000000000,1767456600000000000,0.8303,0.8325338403803514,0.001890401517946972,stop,0.7158076351670574,False,65
long_max2,long_max2/v2,V34_RETEST_V33_TOP_WEAK_E1_CLOSE_000_BE_NEXT,WLFI,long,765,766,768,1767455400000000000,1767456000000000000,0.1531,0.1534208010022799,0.0012953690547347304,stop,0.4862827699768365,False,66
long_max2,long_max2/v2,V34_RETEST_V33_TOP_WEAK_E1_CLOSE_000_BE_NEXT,BROCCOLI714,long,771,772,773,1767457200000000000,1767457500000000000,0.01735,0.01738229659716519,0.001061475340933172,stop,2.1736036041488034,False,67
long_max2,long_max2/v2,V34_RETEST_V33_TOP_WEAK_E1_CLOSE_000_BE_NEXT,4,long,772,773,776,1767457500000000000,1767458400000000000,0.02538,0.02545014561013908,0.001963814426283595,stop,1.4455644451442027,False,68
long_max2,long_max2/v2,V34_RETEST_V33_TOP_WEAK_E1_CLOSE_000_BE_NEXT,IP,long,772,773,774,1767457500000000000,1767457800000000000,2.045,2.0500528157324895,0.0016708145391147963,stop,2.7400563830135907,False,69
long_max2,long_max2/v2,V34_RETEST_V33_TOP_WEAK_E1_CLOSE_000_BE_NEXT,EPT,long,773,774,777,1767457800000000000,1767458700000000000,0.00198,0.001983508322567805,0.0009718800847501548,stop,2.2788668503197638,False,70
long_max2,long_max2/v2,V34_RETEST_V33_TOP_WEAK_E1_CLOSE_000_BE_NEXT,RIVER,long,784,785,787,1767461100000000000,1767461700000000000,14.266,14.326524358738618,0.0034425598442883406,stop,1.3563960314645864,False,71
long_max2,long_max2/v2,V34_RETEST_V33_TOP_WEAK_E1_CLOSE_000_BE_NEXT,USELESS,long,784,785,795,1767461100000000000,1767464100000000000,0.09715,0.09750216616843517,0.002824973427021727,stop,1.2735465249058113,False,72
long_max2,long_max2/v2,V34_RETEST_V33_TOP_WEAK_E1_CLOSE_000_BE_NEXT,1000000BOB,long,785,786,787,1767461400000000000,1767461700000000000,0.01894,0.018410401708410663,-0.02876189501527646,stop,1.693736581566546,False,73
long_max2,long_max2/v2,V34_RETEST_V33_TOP_WEAK_E1_CLOSE_000_BE_NEXT,B,long,791,792,794,1767463200000000000,1767463800000000000,0.1751,0.1760788334777869,0.0047901397931861215,stop,1.693342164540132,False,74
long_max2,long_max2/v2,V34_RETEST_V33_TOP_WEAK_E1_CLOSE_000_BE_NEXT,Q,long,801,802,802,1767466200000000000,1767466200000000000,0.016471,0.016170388962611044,-0.01905092813969742,stop,1.4746630857283625,True,75
long_max2,long_max2/v2,V34_RETEST_V33_TOP_WEAK_E1_CLOSE_000_BE_NEXT,BULLA,long,806,807,809,1767467700000000000,1767468300000000000,0.06683,0.06723908839933816,0.005321328734672415,stop,1.9019116681352242,False,76
long_max2,long_max2/v2,V34_RETEST_V33_TOP_WEAK_E1_CLOSE_000_BE_NEXT,UAI,long,809,810,827,1767468600000000000,1767473700000000000,0.1572,0.16,0.017011704834605592,time,1.5166412556601592,False,77
long_max2,long_max2/v2,V34_RETEST_V33_TOP_WEAK_E1_CLOSE_000_BE_NEXT,CLO,long,841,842,843,1767478200000000000,1767478500000000000,0.3295,0.3311677217797996,0.004261371107130785,stop,6.851862306057528,False,78
long_max2,long_max2/v2,V34_RETEST_V33_TOP_WEAK_E1_CLOSE_000_BE_NEXT,MYX,long,844,845,846,1767479100000000000,1767479400000000000,5.84,5.898171896894185,0.009160941249004262,stop,1.2671066947340404,False,79
long_max2,long_max2/v2,V34_RETEST_V33_TOP_WEAK_E1_CLOSE_000_BE_NEXT,PARTI,long,851,852,854,1767481200000000000,1767481800000000000,0.10582,0.10599885058583101,0.0008901397262427675,stop,0.7304980265674892,False,80
long_max2,long_max2/v2,V34_RETEST_V33_TOP_WEAK_E1_CLOSE_000_BE_NEXT,PIEVERSE,long,855,856,858,1767482400000000000,1767483000000000000,0.7746,0.7771855227994336,0.0025378812282902626,stop,1.8704147575334218,False,81
long_max2,long_max2/v2,V34_RETEST_V33_TOP_WEAK_E1_CLOSE_000_BE_NEXT,LIT,long,866,867,869,1767485700000000000,1767486300000000000,2.559,2.5632988515816892,0.00087989510812383,stop,4.218568530545667,False,82
long_max2,long_max2/v2,V34_RETEST_V33_TOP_WEAK_E1_CLOSE_000_BE_NEXT,RIVER,long,943,944,947,1767508800000000000,1767509700000000000,12.19,12.233766583868215,0.0027903678316830945,stop,2.39703423771646,False,83
long_max2,long_max2/v2,V34_RETEST_V33_TOP_WEAK_E1_CLOSE_000_BE_NEXT,COAI,long,955,956,973,1767512400000000000,1767517500000000000,0.4016,0.4349,0.08211832669322719,time,8.24318126369163,False,84
long_max2,long_max2/v2,V34_RETEST_V33_TOP_WEAK_E1_CLOSE_000_BE_NEXT,C,long,975,976,977,1767518400000000000,1767518700000000000,0.10031,0.10049230807013039,0.0010174466167919513,stop,1.165883659719387,False,85
long_max2,long_max2/v2,V34_RETEST_V33_TOP_WEAK_E1_CLOSE_000_BE_NEXT,B,long,990,991,992,1767522900000000000,1767523200000000000,0.191,0.19273746230220257,0.008296661268076289,stop,2.065080776401034,False,86
long_max2,long_max2/v2,V34_RETEST_V33_TOP_WEAK_E1_CLOSE_000_BE_NEXT,LYN,long,1006,1007,1007,1767527700000000000,1767527700000000000,0.16541,0.16226709619451146,-0.019800688020606614,stop,0.8148515380991501,True,87
long_max2,long_max2/v2,V34_RETEST_V33_TOP_WEAK_E1_CLOSE_000_BE_NEXT,OG,long,1027,1028,1029,1767534000000000000,1767534300000000000,6.299,6.310649953365239,0.001049492517103979,stop,3.0128875970210727,False,88
long_max2,long_max2/v2,V34_RETEST_V33_TOP_WEAK_E1_CLOSE_000_BE_NEXT,ACT,long,1052,1053,1055,1767541500000000000,1767542100000000000,0.02677,0.02681743650754233,0.000972002523060534,stop,4.357403415830033,False,89
long_max2,long_max2/v2,V34_RETEST_V33_TOP_WEAK_E1_CLOSE_000_BE_NEXT,LIGHT,long,1074,1075,1082,1767548100000000000,1767550200000000000,0.6449,0.6465420983006549,0.0017462836108773868,stop,2.6837613791101624,False,90
long_max2,long_max2/v2,V34_RETEST_V33_TOP_WEAK_E1_CLOSE_000_BE_NEXT,MYX,long,1075,1076,1076,1767548400000000000,1767548400000000000,6.253,6.102780369784704,-0.02482360950188642,stop,2.4231187327402735,True,91
long_max2,long_max2/v2,V34_RETEST_V33_TOP_WEAK_E1_CLOSE_000_BE_NEXT,CLO,long,1081,1082,1099,1767550200000000000,1767555300000000000,0.2813,0.2894,0.02799488091006044,time,4.0093782507295055,False,92
long_max2,long_max2/v2,V34_RETEST_V33_TOP_WEAK_E1_CLOSE_000_BE_NEXT,EVAA,long,1091,1092,1095,1767553200000000000,1767554100000000000,1.2166,1.2235251192094838,0.004892190703175947,stop,1.7655291743217802,False,93
long_max2,long_max2/v2,V34_RETEST_V33_TOP_WEAK_E1_CLOSE_000_BE_NEXT,B,long,1105,1106,1108,1767557400000000000,1767558000000000000,0.1948,0.19539652855059364,0.0022622615533555387,stop,4.511100092899248,False,94
long_max2,long_max2/v2,V34_RETEST_V33_TOP_WEAK_E1_CLOSE_000_BE_NEXT,RIVER,long,1110,1111,1111,1767558900000000000,1767558900000000000,14.189,13.78453770093677,-0.029305342100446084,stop,1.3820818437087772,True,95
long_max2,long_max2/v2,V34_RETEST_V33_TOP_WEAK_E1_CLOSE_000_BE_NEXT,RVV,long,1122,1123,1124,1767562500000000000,1767562800000000000,0.003804,0.0038133227919126657,0.001650786517525172,stop,1.6942349617973467,False,96
long_max2,long_max2/v2,V34_RETEST_V33_TOP_WEAK_E1_CLOSE_000_BE_NEXT,ESPORTS,long,1135,1136,1136,1767566400000000000,1767566400000000000,0.44687,0.429327596509768,-0.040056167319873805,stop,3.7645924651529405,True,97
long_max2,long_max2/v2,V34_RETEST_V33_TOP_WEAK_E1_CLOSE_000_BE_NEXT,RVV,long,1156,1157,1157,1767572700000000000,1767572700000000000,0.004036,0.003978038677161816,-0.015161080980719421,stop,4.732466178623786,True,98
long_max2,long_max2/v2,V34_RETEST_V33_TOP_WEAK_E1_CLOSE_000_BE_NEXT,BULLA,long,1159,1160,1161,1767573600000000000,1767573900000000000,0.06263,0.06281868019918353,0.0022126169436934803,stop,1.0644996182383637,False,99
long_max2,long_max2/v2,V34_RETEST_V33_TOP_WEAK_E1_CLOSE_000_BE_NEXT,1000BONK,long,1160,1161,1161,1767573900000000000,1767573900000000000,0.012194,0.011970845646333314,-0.01910034063200636,stop,0.6116842345091837,True,100
long_max2,long_max2/v2,V34_RETEST_V33_TOP_WEAK_E1_CLOSE_000_BE_NEXT,PIEVERSE,long,1170,1171,1188,1767576900000000000,1767582000000000000,0.6647,0.715,0.0748732360463368,time,1.1784863462179427,False,101
long_max2,long_max2/v2,V34_RETEST_V33_TOP_WEAK_E1_CLOSE_000_BE_NEXT,BANANAS31,long,1192,1193,1195,1767583500000000000,1767584100000000000,0.004353,0.004362015349857517,0.0012710658988094544,stop,0.8651910489636707,False,102
long_max2,long_max2/v2,V34_RETEST_V33_TOP_WEAK_E1_CLOSE_000_BE_NEXT,ICNT,long,1201,1202,1202,1767586200000000000,1767586200000000000,0.4575,0.45156483068211317,-0.013773047689370132,stop,2.0808167953660264,True,103
long_max2,long_max2/v2,V34_RETEST_V33_TOP_WEAK_E1_CLOSE_000_BE_NEXT,BROCCOLIF3B,long,1238,1239,1240,1767597300000000000,1767597600000000000,0.006623,0.0066383790593841354,0.0015220684560070205,stop,2.8275461401013664,False,104
long_max2,long_max2/v2,V34_RETEST_V33_TOP_WEAK_E1_CLOSE_000_BE_NEXT,AIO,long,1247,1248,1248,1767600000000000000,1767600000000000000,0.11415,0.11295397176841207,-0.011277689282417213,stop,2.369509285108906,True,105
long_max2,long_max2/v2,V34_RETEST_V33_TOP_WEAK_E1_CLOSE_000_BE_NEXT,BROCCOLI714,long,1250,1251,1268,1767600900000000000,1767606000000000000,0.02834,0.03121,0.10047028934368388,time,1.3173518284166414,False,106
long_max2,long_max2/v2,V34_RETEST_V33_TOP_WEAK_E1_CLOSE_000_BE_NEXT,ZBT,long,1266,1267,1269,1767605700000000000,1767606300000000000,0.1364,0.13667451363917865,0.0012125633370868812,stop,4.546222197680109,False,107
long_max2,long_max2/v2,V34_RETEST_V33_TOP_WEAK_E1_CLOSE_000_BE_NEXT,OG,long,1290,1291,1293,1767612900000000000,1767613500000000000,5.279,5.2877304394602245,0.0008538055427590681,stop,0.7370762983143868,False,108
long_max2,long_max2/v2,V34_RETEST_V33_TOP_WEAK_E1_CLOSE_000_BE_NEXT,币安人生,long,1292,1293,1293,1767613500000000000,1767613500000000000,0.13917,0.13587478237874404,-0.024477643322957186,stop,1.305831812819678,True,109
long_max2,long_max2/v2,V34_RETEST_V33_TOP_WEAK_E1_CLOSE_000_BE_NEXT,BOME,long,1301,1302,1304,1767616200000000000,1767616800000000000,0.0007952,0.0007973485892820211,0.0019019482922800987,stop,2.078340442897285,False,110
long_max2,long_max2/v2,V34_RETEST_V33_TOP_WEAK_E1_CLOSE_000_BE_NEXT,TRADOOR,long,1305,1306,1306,1767617400000000000,1767617400000000000,1.652,1.6259389765149161,-0.01657543794496594,stop,5.73653602229276,True,111
long_max2,long_max2/v2,V34_RETEST_V33_TOP_WEAK_E1_CLOSE_000_BE_NEXT,DMC,long,1307,1308,1314,1767618000000000000,1767619800000000000,0.001364,0.001368748579761084,0.0026813634612052003,stop,1.6015314857560554,False,112
long_max2,long_max2/v2,V34_RETEST_V33_TOP_WEAK_E1_CLOSE_000_BE_NEXT,BROCCOLIF3B,long,1311,1312,1313,1767619200000000000,1767619500000000000,0.006511,0.00652695676783383,0.0016507399529765107,stop,2.0041652753886123,False,113
long_max2,long_max2/v2,V34_RETEST_V33_TOP_WEAK_E1_CLOSE_000_BE_NEXT,PIPPIN,long,1312,1313,1314,1767619500000000000,1767619800000000000,0.43952,0.4408786132877587,0.002291129613575383,stop,2.7327864620881552,False,114
long_max2,long_max2/v2,V34_RETEST_V33_TOP_WEAK_E1_CLOSE_000_BE_NEXT,BRETT,long,1313,1314,1315,1767619800000000000,1767620100000000000,0.01963,0.019696138122539758,0.00256923701170444,stop,3.9508227625139094,False,115
long_max2,long_max2/v2,V34_RETEST_V33_TOP_WEAK_E1_CLOSE_000_BE_NEXT,DF,long,1313,1314,1316,1767619800000000000,1767620400000000000,0.01182,0.011836435389950448,0.0005904729230496126,stop,2.610221000496171,False,116
long_max2,long_max2/v2,V34_RETEST_V33_TOP_WEAK_E1_CLOSE_000_BE_NEXT,STABLE,long,1313,1314,1314,1767619800000000000,1767619800000000000,0.015746,0.01553696994128445,-0.014075121219074593,stop,1.225182643939755,True,117
long_max2,long_max2/v2,V34_RETEST_V33_TOP_WEAK_E1_CLOSE_000_BE_NEXT,LYN,long,1314,1315,1316,1767620100000000000,1767620400000000000,0.15244,0.15309968567284965,0.003527510317827743,stop,0.8217549998596744,False,118
long_max2,long_max2/v2,V34_RETEST_V33_TOP_WEAK_E1_CLOSE_000_BE_NEXT,MYX,long,1316,1317,1334,1767620700000000000,1767625800000000000,5.451,5.467666449197377,0.0022575030631769807,stop,1.2519163352013096,False,119
long_max2,long_max2/v2,V34_RETEST_V33_TOP_WEAK_E1_CLOSE_000_BE_NEXT,ICNT,long,1340,1341,1341,1767627900000000000,1767627900000000000,0.3986,0.39254983874028804,-0.015978527997270373,stop,1.4611180794246759,True,120
long_max2,long_max2/v2,V34_RETEST_V33_TOP_WEAK_E1_CLOSE_000_BE_NEXT,TA,long,1341,1342,1344,1767628200000000000,1767628800000000000,0.03022,0.030355992102645068,0.003700069577930699,stop,1.4769239984781113,False,121
long_max2,long_max2/v2,V34_RETEST_V33_TOP_WEAK_E1_CLOSE_000_BE_NEXT,BROCCOLI714,long,1343,1344,1345,1767628800000000000,1767629100000000000,0.02967,0.029817263147226162,0.004163368629125941,stop,1.2314689955762435,False,122
long_max2,long_max2/v2,V34_RETEST_V33_TOP_WEAK_E1_CLOSE_000_BE_NEXT,BULLA,long,1352,1353,1355,1767631500000000000,1767632100000000000,0.04061,0.04070128591623615,0.0014478679201218821,stop,2.178868419148667,False,123
long_max2,long_max2/v2,V34_RETEST_V33_TOP_WEAK_E1_CLOSE_000_BE_NEXT,AT,long,1355,1356,1356,1767632400000000000,1767632400000000000,0.15248,0.14946609909791822,-0.02056587684995923,stop,7.18603587299114,True,124
long_max2,long_max2/v2,V34_RETEST_V33_TOP_WEAK_E1_CLOSE_000_BE_NEXT,TRADOOR,long,1362,1363,1380,1767634500000000000,1767639600000000000,1.517,1.589,0.046662096242584016,time,1.7456754777759174,False,125
long_max2,long_max2/v2,V34_RETEST_V33_TOP_WEAK_E1_CLOSE_000_BE_NEXT,1000PEPE,long,1368,1369,1386,1767636300000000000,1767641400000000000,0.0066514,0.0067266,0.01050589048922026,time,4.439230769585015,False,126
long_max2,long_max2/v2,V34_RETEST_V33_TOP_WEAK_E1_CLOSE_000_BE_NEXT,PIPPIN,long,1380,1381,1383,1767639900000000000,1767640500000000000,0.38047,0.38153439263030114,0.001997573081454896,stop,1.4949370699323408,False,127
long_max2,long_max2/v2,V34_RETEST_V33_TOP_WEAK_E1_CLOSE_000_BE_NEXT,BEAT,long,1387,1388,1388,1767642000000000000,1767642000000000000,0.7253,0.7139786803307114,-0.016409154376517996,stop,3.08886251969932,True,128
long_max2,long_max2/v2,V34_RETEST_V33_TOP_WEAK_E1_CLOSE_000_BE_NEXT,H,long,1392,1393,1397,1767643500000000000,1767644700000000000,0.15827,0.1585249334562423,0.000810750339560818,stop,3.732738786138605,False,129
long_max2,long_max2/v2,V34_RETEST_V33_TOP_WEAK_E1_CLOSE_000_BE_NEXT,BROCCOLI714,long,1417,1418,1419,1767651000000000000,1767651300000000000,0.02658,0.02670291154971985,0.0038242118028536617,stop,3.014362774242749,False,130
long_max2,long_max2/v2,V34_RETEST_V33_TOP_WEAK_E1_CLOSE_000_BE_NEXT,PIPPIN,long,1421,1422,1424,1767652200000000000,1767652800000000000,0.33931,0.34061770058019086,0.003053999529017216,stop,1.324156329231953,False,131
long_max2,long_max2/v2,V34_RETEST_V33_TOP_WEAK_E1_CLOSE_000_BE_NEXT,MYX,long,1429,1430,1432,1767654600000000000,1767655200000000000,4.834,4.847203301035964,0.001931340719065889,stop,2.407352518390755,False,132
long_max2,long_max2/v2,V34_RETEST_V33_TOP_WEAK_E1_CLOSE_000_BE_NEXT,BULLA,long,1436,1437,1454,1767656700000000000,1767661800000000000,0.03583,0.03982,0.11055919620429813,time,3.2279367048122487,False,133
long_max2,long_max2/v2,V34_RETEST_V33_TOP_WEAK_E1_CLOSE_000_BE_NEXT,LYN,long,1441,1442,1442,1767658200000000000,1767658200000000000,0.17867,0.17257135336051282,-0.0349335794452744,stop,0.9698873126542337,True,134
long_max2,long_max2/v2,V34_RETEST_V33_TOP_WEAK_E1_CLOSE_000_BE_NEXT,BEAT,long,1449,1450,1458,1767660600000000000,1767663000000000000,0.6951,0.6969264626687626,0.0018276257642965373,stop,2.4662425775458168,False,135
long_max2,long_max2/v2,V34_RETEST_V33_TOP_WEAK_E1_CLOSE_000_BE_NEXT,BLUAI,long,1457,1458,1459,1767663000000000000,1767663300000000000,0.005427,0.005438785936306207,0.001371722186513181,stop,1.2408857149769303,False,136
long_max2,long_max2/v2,V34_RETEST_V33_TOP_WEAK_E1_CLOSE_000_BE_NEXT,OG,long,1465,1466,1466,1767665400000000000,1767665400000000000,4.357,4.293662408034937,-0.015336973138641996,stop,2.298792794022118,True,137
long_max2,long_max2/v2,V34_RETEST_V33_TOP_WEAK_E1_CLOSE_000_BE_NEXT,RIVER,long,1476,1477,1486,1767668700000000000,1767671400000000000,16.278,16.41247729876843,0.00746129123777064,stop,4.808395215563271,False,138
long_max2,long_max2/v2,V34_RETEST_V33_TOP_WEAK_E1_CLOSE_000_BE_NEXT,PTB,long,1488,1489,1490,1767672300000000000,1767672600000000000,0.0029,0.002911044256251418,0.0030083642246269368,stop,3.107497618555675,False,139
long_max2,long_max2/v2,V34_RETEST_V33_TOP_WEAK_E1_CLOSE_000_BE_NEXT,KGEN,long,1491,1492,1492,1767673200000000000,1767673200000000000,0.21625,0.21406311645729553,-0.010912756266841494,stop,3.0852122978876784,True,140
long_max2,long_max2/v2,V34_RETEST_V33_TOP_WEAK_E1_CLOSE_000_BE_NEXT,CC,long,1496,1497,1497,1767674700000000000,1767674700000000000,0.14743,0.1450147362922399,-0.017182443924303768,stop,0.8665720406741978,True,141
long_max2,long_max2/v2,V34_RETEST_V33_TOP_WEAK_E1_CLOSE_000_BE_NEXT,RIVER,long,1539,1540,1541,1767687600000000000,1767687900000000000,15.919,16.000704005533976,0.0043324835438140145,stop,1.5561048588631685,False,142
long_max2,long_max2/v2,V34_RETEST_V33_TOP_WEAK_E1_CLOSE_000_BE_NEXT,1000000MOG,long,1549,1550,1551,1767690600000000000,1767690900000000000,0.3354,0.3360115624360299,0.001023382337596824,stop,2.3276445970763824,False,143
long_max2,long_max2/v2,V34_RETEST_V33_TOP_WEAK_E1_CLOSE_000_BE_NEXT,M,long,1553,1554,1554,1767691800000000000,1767691800000000000,1.5539,1.5235687260448056,-0.020319450386250357,stop,4.856043970245949,True,144
long_max2,long_max2/v2,V34_RETEST_V33_TOP_WEAK_E1_CLOSE_000_BE_NEXT,RIVER,long,1581,1582,1584,1767700200000000000,1767700800000000000,15.141,15.216650277758996,0.004196385823855531,stop,1.853330934840205,False,145
long_max2,long_max2/v2,V34_RETEST_V33_TOP_WEAK_E1_CLOSE_000_BE_NEXT,LYN,long,1587,1588,1590,1767702000000000000,1767702600000000000,0.1471,0.14751563947755475,0.002025557291330716,stop,1.4403107316030788,False,146
long_max2,long_max2/v2,V34_RETEST_V33_TOP_WEAK_E1_CLOSE_000_BE_NEXT,BR,long,1597,1598,1609,1767705000000000000,1767708300000000000,0.0579,0.05798669973378864,0.0006974047286466785,stop,2.8114273175767286,False,147
long_max2,long_max2/v2,V34_RETEST_V33_TOP_WEAK_E1_CLOSE_000_BE_NEXT,1000BONK,long,1608,1609,1613,1767708300000000000,1767709500000000000,0.012141,0.012177111355098795,0.0021743311999665956,stop,1.3229910611023936,False,148
long_max2,long_max2/v2,V34_RETEST_V33_TOP_WEAK_E1_CLOSE_000_BE_NEXT,4,long,1639,1640,1641,1767717600000000000,1767717900000000000,0.02787,0.027935281187251377,0.0015423461518254918,stop,3.8533306545323667,False,149
long_max2,long_max2/v2,V34_RETEST_V33_TOP_WEAK_E1_CLOSE_000_BE_NEXT,CLANKER,long,1640,1641,1642,1767717900000000000,1767718200000000000,43.1,43.22977931181753,0.0022111209238405934,stop,1.7579843567115105,False,150
long_max2,long_max2/v2,V34_RETEST_V33_TOP_WEAK_E1_CLOSE_000_BE_NEXT,PTB,long,1641,1642,1642,1767718200000000000,1767718200000000000,0.003163,0.0030931112361683513,-0.022895720465269862,stop,2.362325371753612,True,151
long_max2,long_max2/v2,V34_RETEST_V33_TOP_WEAK_E1_CLOSE_000_BE_NEXT,HANA,long,1642,1643,1645,1767718500000000000,1767719100000000000,0.01189,0.011937668335096564,0.0032091114463047806,stop,1.3090450898608619,False,152
long_max2,long_max2/v2,V34_RETEST_V33_TOP_WEAK_E1_CLOSE_000_BE_NEXT,BEAT,long,1647,1648,1649,1767720000000000000,1767720300000000000,0.6543,0.6564341866684266,0.0024617861354524714,stop,5.0527445230225005,False,153
long_max2,long_max2/v2,V34_RETEST_V33_TOP_WEAK_E1_CLOSE_000_BE_NEXT,BULLA,long,1647,1648,1649,1767720000000000000,1767720300000000000,0.03156,0.03164773301614431,0.001979880105966859,stop,2.044840219614729,False,154
long_max2,long_max2/v2,V34_RETEST_V33_TOP_WEAK_E1_CLOSE_000_BE_NEXT,PIPPIN,long,1648,1649,1653,1767720300000000000,1767721500000000000,0.3181,0.3192202216515739,0.002721602174076932,stop,2.242056289905952,False,155
long_max2,long_max2/v2,V34_RETEST_V33_TOP_WEAK_E1_CLOSE_000_BE_NEXT,LYN,long,1659,1660,1662,1767723600000000000,1767724200000000000,0.13415,0.1345711133891529,0.0023391232885047416,stop,1.4030662886034952,False,156
long_max2,long_max2/v2,V34_RETEST_V33_TOP_WEAK_E1_CLOSE_000_BE_NEXT,JCT,long,1722,1723,1723,1767742500000000000,1767742500000000000,0.002261,0.0022141747179298993,-0.02150998764710341,stop,3.1927196888251133,True,157
long_max2,long_max2/v2,V34_RETEST_V33_TOP_WEAK_E1_CLOSE_000_BE_NEXT,4,long,1725,1726,1735,1767743400000000000,1767746100000000000,0.02901,0.029082321683155807,0.0016929914910654106,stop,1.7525864231745594,False,158
long_max2,long_max2/v2,V34_RETEST_V33_TOP_WEAK_E1_CLOSE_000_BE_NEXT,WIF,long,1736,1737,1738,1767746700000000000,1767747000000000000,0.437,0.43934391034809905,0.004563639240501205,stop,2.2961629075808894,False,159
long_max2,long_max2/v2,V34_RETEST_V33_TOP_WEAK_E1_CLOSE_000_BE_NEXT,Q,long,1744,1745,1746,1767749100000000000,1767749400000000000,0.01882,0.018861199249897796,0.0013891206109350137,stop,2.764127994623834,False,160
long_max2,long_max2/v2,V34_RETEST_V33_TOP_WEAK_E1_CLOSE_000_BE_NEXT,OXT,long,1745,1746,1747,1767749400000000000,1767749700000000000,0.02648,0.026573176261657,0.002718740999131298,stop,1.7998146418166123,False,161
long_max2,long_max2/v2,V34_RETEST_V33_TOP_WEAK_E1_CLOSE_000_BE_NEXT,SWARMS,long,1745,1746,1746,1767749400000000000,1767749400000000000,0.01508,0.014823153525698334,-0.017832259569075946,stop,1.8727140456484053,True,162
long_max2,long_max2/v2,V34_RETEST_V33_TOP_WEAK_E1_CLOSE_000_BE_NEXT,PTB,long,1749,1750,1761,1767750600000000000,1767753900000000000,0.00282,0.0028281539341755806,0.0020914660197094656,stop,0.7891895938124741,False,163
long_max2,long_max2/v2,V34_RETEST_V33_TOP_WEAK_E1_CLOSE_000_BE_NEXT,RIVER,long,1759,1760,1761,1767753600000000000,1767753900000000000,20.272,20.409979273388647,0.006006396674656989,stop,0.8352341418365649,False,164
long_max2,long_max2/v2,V34_RETEST_V33_TOP_WEAK_E1_CLOSE_000_BE_NEXT,BICO,long,1761,1762,1763,1767754200000000000,1767754500000000000,0.04663,0.04670951955408086,0.0009053303470053737,stop,1.6429921106843843,False,165
long_max2,long_max2/v2,V34_RETEST_V33_TOP_WEAK_E1_CLOSE_000_BE_NEXT,GIGGLE,long,1761,1762,1763,1767754200000000000,1767754500000000000,70.36,70.48986463728163,0.0010457168459582452,stop,2.732845580050977,False,166
long_max2,long_max2/v2,V34_RETEST_V33_TOP_WEAK_E1_CLOSE_000_BE_NEXT,JASMY,long,1761,1762,1765,1767754200000000000,1767755100000000000,0.008535,0.008564447811417967,0.0026502415252450903,stop,1.6620929584646602,False,167
long_max2,long_max2/v2,V34_RETEST_V33_TOP_WEAK_E1_CLOSE_000_BE_NEXT,MON,long,1761,1762,1763,1767754200000000000,1767754500000000000,0.02756,0.02762953723159436,0.001723121610825907,stop,3.337061235823181,False,168
long_max2,long_max2/v2,V34_RETEST_V33_TOP_WEAK_E1_CLOSE_000_BE_NEXT,RENDER,long,1761,1762,1763,1767754200000000000,1767754500000000000,2.32,2.326587608613588,0.0020394864713741087,stop,1.4208494385494597,False,169
long_max2,long_max2/v2,V34_RETEST_V33_TOP_WEAK_E1_CLOSE_000_BE_NEXT,ZK,long,1763,1764,1769,1767754800000000000,1767756300000000000,0.03532,0.035400967379878245,0.0014923946737896107,stop,2.0712044807695156,False,170
long_max2,long_max2/v2,V34_RETEST_V33_TOP_WEAK_E1_CLOSE_000_BE_NEXT,VVV,long,1776,1777,1778,1767758700000000000,1767759000000000000,2.129,2.1350164249777803,0.0020259393977361214,stop,1.264039696013299,False,171
long_max2,long_max2/v2,V34_RETEST_V33_TOP_WEAK_E1_CLOSE_000_BE_NEXT,RIVER,long,1793,1794,1796,1767763800000000000,1767764400000000000,17.945,18.03353105791961,0.004133466587885737,stop,0.8568179549924543,False,172
long_max2,long_max2/v2,V34_RETEST_V33_TOP_WEAK_E1_CLOSE_000_BE_NEXT,TRUTH,long,1815,1816,1833,1767770400000000000,1767775500000000000,0.010625,0.011063,0.04042352941176466,time,3.239795569873828,False,173
long_max2,long_max2/v2,V34_RETEST_V33_TOP_WEAK_E1_CLOSE_000_BE_NEXT,EVAA,long,1828,1829,1831,1767774300000000000,1767774900000000000,1.2888,1.2925287275057706,0.002093177766737143,stop,1.1819045487178914,False,174
long_max2,long_max2/v2,V34_RETEST_V33_TOP_WEAK_E1_CLOSE_000_BE_NEXT,BROCCOLI714,long,1838,1839,1841,1767777300000000000,1767777900000000000,0.03873,0.03888432340539188,0.003184596059692258,stop,1.6173826605639272,False,175
long_max2,long_max2/v2,V34_RETEST_V33_TOP_WEAK_E1_CLOSE_000_BE_NEXT,UAI,long,1840,1841,1843,1767777900000000000,1767778500000000000,0.1651,0.1653480739138532,0.0007025676187352399,stop,2.5153793492743053,False,176
long_max2,long_max2/v2,V34_RETEST_V33_TOP_WEAK_E1_CLOSE_000_BE_NEXT,XPL,long,1851,1852,1854,1767781200000000000,1767781800000000000,0.1919,0.1923654459854522,0.0016254611018874606,stop,4.105739569637437,False,177
long_max2,long_max2/v2,V34_RETEST_V33_TOP_WEAK_E1_CLOSE_000_BE_NEXT,AKE,long,1852,1853,1854,1767781500000000000,1767781800000000000,0.0004732,0.00047462453040157264,0.002210419276358034,stop,2.149129282618477,False,178
long_max2,long_max2/v2,V34_RETEST_V33_TOP_WEAK_E1_CLOSE_000_BE_NEXT,LYN,long,1852,1853,1854,1767781500000000000,1767781800000000000,0.14126,0.1416747109069835,0.002135798576975124,stop,1.2977715100737022,False,179
long_max2,long_max2/v2,V34_RETEST_V33_TOP_WEAK_E1_CLOSE_000_BE_NEXT,BULLA,long,1854,1855,1869,1767782100000000000,1767786300000000000,0.02825,0.028330848480118822,0.0020618931015511607,stop,2.773707058814509,False,180
long_max2,long_max2/v2,V34_RETEST_V33_TOP_WEAK_E1_CLOSE_000_BE_NEXT,BAS,long,1891,1892,1896,1767793200000000000,1767794400000000000,0.005638,0.005646264003842205,0.0006657686843215778,stop,2.4776125944462315,False,181
long_max2,long_max2/v2,V34_RETEST_V33_TOP_WEAK_E1_CLOSE_000_BE_NEXT,LYN,long,1896,1897,1898,1767794700000000000,1767795000000000000,0.11472,0.11523512205043297,0.003690254972393304,stop,1.8586857215591002,False,182
long_max2,long_max2/v2,V34_RETEST_V33_TOP_WEAK_E1_CLOSE_000_BE_NEXT,SPK,long,1903,1904,1905,1767796800000000000,1767797100000000000,0.02519,0.025263325547699632,0.002110899075015072,stop,1.542436484256502,False,183
long_max2,long_max2/v2,V34_RETEST_V33_TOP_WEAK_E1_CLOSE_000_BE_NEXT,BROCCOLI714,long,1912,1913,1915,1767799500000000000,1767800100000000000,0.03601,0.03613802781064805,0.0027553404789794297,stop,0.4873941035478405,False,184
long_max2,long_max2/v2,V34_RETEST_V33_TOP_WEAK_E1_CLOSE_000_BE_NEXT,ALCH,long,1927,1928,1929,1767804000000000000,1767804300000000000,0.12233,0.12263064455883683,0.0016576519156120914,stop,2.406329929265751,False,185
long_max2,long_max2/v2,V34_RETEST_V33_TOP_WEAK_E1_CLOSE_000_BE_NEXT,BROCCOLI714,long,1965,1966,1967,1767815400000000000,1767815700000000000,0.03485,0.03495554772274262,0.0022286290600465283,stop,0.5542516548902838,False,186
long_max2,long_max2/v2,V34_RETEST_V33_TOP_WEAK_E1_CLOSE_000_BE_NEXT,FHE,long,1968,1969,1970,1767816300000000000,1767816600000000000,0.04495,0.04512877234040728,0.003177137717625867,stop,1.3307427729480463,False,187
long_max2,long_max2/v2,V34_RETEST_V33_TOP_WEAK_E1_CLOSE_000_BE_NEXT,ARIA,long,1976,1977,1979,1767818700000000000,1767819300000000000,0.08318,0.08337263218585084,0.0015158473894064891,stop,1.670281622870443,False,188
long_max2,long_max2/v2,V34_RETEST_V33_TOP_WEAK_E1_CLOSE_000_BE_NEXT,LYN,long,1986,1987,1988,1767821700000000000,1767822000000000000,0.11256,0.11287110216054055,0.0019638784696211172,stop,1.55447329314498,False,189
long_max2,long_max2/v2,V34_RETEST_V33_TOP_WEAK_E1_CLOSE_000_BE_NEXT,SOPH,long,1994,1995,2002,1767824100000000000,1767826200000000000,0.013347,0.013367838546871352,0.0007612906923916369,stop,0.5895324696027198,False,190
long_max2,long_max2/v2,V34_RETEST_V33_TOP_WEAK_E1_CLOSE_000_BE_NEXT,币安人生,long,2004,2005,2007,1767827100000000000,1767827700000000000,0.1603,0.16155956514024572,0.007057549221744975,stop,1.805146814047618,False,191
long_max2,long_max2/v2,V34_RETEST_V33_TOP_WEAK_E1_CLOSE_000_BE_NEXT,RVV,long,2009,2010,2011,1767828600000000000,1767828900000000000,0.003856,0.00386463632743466,0.0014397114716441458,stop,3.161065882059673,False,192
long_max2,long_max2/v2,V34_RETEST_V33_TOP_WEAK_E1_CLOSE_000_BE_NEXT,RIVER,long,2012,2013,2016,1767829500000000000,1767830400000000000,16.787,16.852483852694615,0.00310086690263991,stop,1.1077540036975346,False,193
long_max2,long_max2/v2,V34_RETEST_V33_TOP_WEAK_E1_CLOSE_000_BE_NEXT,STABLE,long,2017,2018,2019,1767831000000000000,1767831300000000000,0.01477,0.014800314988316127,0.001252470434402709,stop,1.1063834051408052,False,194
long_max2,long_max2/v2,V34_RETEST_V33_TOP_WEAK_E1_CLOSE_000_BE_NEXT,BROCCOLI714,long,2022,2023,2023,1767832500000000000,1767832500000000000,0.03114,0.030362159606983106,-0.025778818015956804,stop,4.061244476836256,True,195
long_max2,long_max2/v2,V34_RETEST_V33_TOP_WEAK_E1_CLOSE_000_BE_NEXT,SONIC,long,2022,2023,2025,1767832500000000000,1767833100000000000,0.0826,0.08277623700373027,0.0013336198998820333,stop,1.803537244008595,False,196
long_max2,long_max2/v2,V34_RETEST_V33_TOP_WEAK_E1_CLOSE_000_BE_NEXT,FHE,long,2038,2039,2039,1767837300000000000,1767837300000000000,0.03899,0.03819031714294253,-0.021309947603423172,stop,2.0808248986640563,True,197
long_max2,long_max2/v2,V34_RETEST_V33_TOP_WEAK_E1_CLOSE_000_BE_NEXT,PIPPIN,long,2065,2066,2067,1767845400000000000,1767845700000000000,0.25924,0.2600865037954454,0.002465328635416509,stop,1.3084406779502087,False,198
long_max2,long_max2/v2,V34_RETEST_V33_TOP_WEAK_E1_CLOSE_000_BE_NEXT,PTB,long,2066,2067,2068,1767845700000000000,1767846000000000000,0.002795,0.0028001385526817304,0.001038480387023278,stop,3.1876680097564596,False,199
long_max2,long_max2/v2,V34_RETEST_V33_TOP_WEAK_E1_CLOSE_000_BE_NEXT,SHELL,long,2070,2071,2072,1767846900000000000,1767847200000000000,0.04679,0.046227093403478255,-0.012830489346478768,stop,1.9399310769274751,False,200
long_max2,long_max2/v2,V34_RETEST_V33_TOP_WEAK_E1_CLOSE_000_BE_NEXT,CROSS,long,2078,2079,2081,1767849300000000000,1767849900000000000,0.12471,0.12494011225509555,0.0010451788557096727,stop,1.3219634907045166,False,201
long_max2,long_max2/v2,V34_RETEST_V33_TOP_WEAK_E1_CLOSE_000_BE_NEXT,ICNT,long,2095,2096,2097,1767854400000000000,1767854700000000000,0.4068,0.4079958582616834,0.0021396712430762584,stop,1.4512589456520806,False,202
long_max2,long_max2/v2,V34_RETEST_V33_TOP_WEAK_E1_CLOSE_000_BE_NEXT,OG,long,2112,2113,2113,1767859500000000000,1767859500000000000,4.081,4.038817710155574,-0.011136263132669999,stop,2.650401398604306,True,203
long_max2,long_max2/v2,V34_RETEST_V33_TOP_WEAK_E1_CLOSE_000_BE_NEXT,LIGHT,long,2118,2119,2136,1767861300000000000,1767866400000000000,0.5494,0.5777,0.05071073898798697,time,7.662402630676652,False,204
long_max2,long_max2/v2,V34_RETEST_V33_TOP_WEAK_E1_CLOSE_000_BE_NEXT,UB,long,2123,2124,2125,1767862800000000000,1767863100000000000,0.04218,0.04133387616790014,-0.020859834805591924,stop,4.22514987094472,False,205
long_max2,long_max2/v2,V34_RETEST_V33_TOP_WEAK_E1_CLOSE_000_BE_NEXT,ZBT,long,2126,2127,2131,1767863700000000000,1767864900000000000,0.1223,0.12249205427855579,0.0007703538720832632,stop,3.553682870969005,False,206
long_max2,long_max2/v2,V34_RETEST_V33_TOP_WEAK_E1_CLOSE_000_BE_NEXT,TRADOOR,long,2146,2147,2147,1767869700000000000,1767869700000000000,1.723,1.6979021713572902,-0.015366354406680193,stop,3.574014361041343,True,207
long_max2,long_max2/v2,V34_RETEST_V33_TOP_WEAK_E1_CLOSE_000_BE_NEXT,币安人生,long,2157,2158,2159,1767873000000000000,1767873300000000000,0.13948,0.13988890405186108,0.0021316321469823326,stop,1.4211157785186426,False,208
long_max2,long_max2/v2,V34_RETEST_V33_TOP_WEAK_E1_CLOSE_000_BE_NEXT,4,long,2168,2169,2186,1767876300000000000,1767881400000000000,0.02051,0.02222,0.08257396392003905,time,8.168935571193433,False,209
long_max2,long_max2/v2,V34_RETEST_V33_TOP_WEAK_E1_CLOSE_000_BE_NEXT,GIGGLE,long,2170,2171,2172,1767876900000000000,1767877200000000000,59.97,60.072344379312526,0.0009065929516846267,stop,1.066985805508081,False,210
long_max2,long_max2/v2,V34_RETEST_V33_TOP_WEAK_E1_CLOSE_000_BE_NEXT,NAORIS,long,2175,2176,2177,1767878400000000000,1767878700000000000,0.03564,0.035738780312887235,0.001971613717374777,stop,1.04626111194828,False,211
long_max2,long_max2/v2,V34_RETEST_V33_TOP_WEAK_E1_CLOSE_000_BE_NEXT,BEAT,long,2177,2178,2178,1767879000000000000,1767879000000000000,0.5098,0.496509176088804,-0.02687066283090631,stop,1.8779874119748121,True,212
long_max2,long_max2/v2,V34_RETEST_V33_TOP_WEAK_E1_CLOSE_000_BE_NEXT,PIEVERSE,long,2189,2190,2190,1767882600000000000,1767882600000000000,0.7365,0.7250491731547882,-0.01634762640218843,stop,4.461686539375414,True,213
long_max2,long_max2/v2,V34_RETEST_V33_TOP_WEAK_E1_CLOSE_000_BE_NEXT,币安人生,long,2200,2201,2202,1767885900000000000,1767886200000000000,0.12604,0.12655173185043964,0.003260074979685968,stop,2.450209028269002,False,214
long_max2,long_max2/v2,V34_RETEST_V33_TOP_WEAK_E1_CLOSE_000_BE_NEXT,BANANAS31,long,2207,2208,2208,1767888000000000000,1767888000000000000,0.003896,0.0038630302995409163,-0.009262448783132404,stop,6.742554433452553,True,215
long_max2,long_max2/v2,V34_RETEST_V33_TOP_WEAK_E1_CLOSE_000_BE_NEXT,ARIA,long,2209,2210,2227,1767888600000000000,1767893700000000000,0.07854,0.07966,0.01346024955436711,time,2.9436263894452663,False,216
long_max2,long_max2/v2,V34_RETEST_V33_TOP_WEAK_E1_CLOSE_000_BE_NEXT,UAI,long,2209,2210,2211,1767888600000000000,1767888900000000000,0.1474,0.14763083579694172,0.0007660501827796658,stop,3.0411227777518914,False,217
long_max2,long_max2/v2,V34_RETEST_V33_TOP_WEAK_E1_CLOSE_000_BE_NEXT,CROSS,long,2215,2216,2228,1767890400000000000,1767894000000000000,0.12524,0.1256181738121321,0.002219592878729771,stop,2.650368607887156,False,218
long_max2,long_max2/v2,V34_RETEST_V33_TOP_WEAK_E1_CLOSE_000_BE_NEXT,BLESS,long,2223,2224,2225,1767892800000000000,1767893100000000000,0.01316,0.01319057572661639,0.001523383481488639,stop,1.9132824130054322,False,219
long_max2,long_max2/v2,V34_RETEST_V33_TOP_WEAK_E1_CLOSE_000_BE_NEXT,FOLKS,long,2235,2236,2237,1767896400000000000,1767896700000000000,3.513,3.523762661178652,0.0022636667175212296,stop,1.4856920360660346,False,220
long_max2,long_max2/v2,V34_RETEST_V33_TOP_WEAK_E1_CLOSE_000_BE_NEXT,ZEC,long,2236,2237,2238,1767896700000000000,1767897000000000000,410.8,411.8176666348624,0.001677280026442097,stop,1.3451359739087139,False,221
long_max2,long_max2/v2,V34_RETEST_V33_TOP_WEAK_E1_CLOSE_000_BE_NEXT,TAKE,long,2237,2238,2240,1767897000000000000,1767897600000000000,0.07621,0.07640070242771675,0.0017023281421958644,stop,1.1247890368684106,False,222
long_max2,long_max2/v2,V34_RETEST_V33_TOP_WEAK_E1_CLOSE_000_BE_NEXT,EPIC,long,2238,2239,2249,1767897300000000000,1767900300000000000,0.7171,0.7194144474765681,0.0024275100774901145,stop,5.737654509097212,False,223
long_max2,long_max2/v2,V34_RETEST_V33_TOP_WEAK_E1_CLOSE_000_BE_NEXT,EVAA,long,2238,2239,2256,1767897300000000000,1767902400000000000,0.9708,1.0094,0.038961021837659836,time,2.120534007788421,False,224
long_max2,long_max2/v2,V34_RETEST_V33_TOP_WEAK_E1_CLOSE_000_BE_NEXT,WOO,long,2238,2239,2239,1767897300000000000,1767897300000000000,0.02881,0.028386378812298066,-0.01550396347455516,stop,2.7312137201552984,True,225
long_max2,long_max2/v2,V34_RETEST_V33_TOP_WEAK_E1_CLOSE_000_BE_NEXT,BROCCOLI714,long,2244,2245,2247,1767899100000000000,1767899700000000000,0.02761,0.027694258943334382,0.002251754557565456,stop,0.7868600931403352,False,226
long_max2,long_max2/v2,V34_RETEST_V33_TOP_WEAK_E1_CLOSE_000_BE_NEXT,COMMON,long,2244,2245,2247,1767899100000000000,1767899700000000000,0.002835,0.0028398069506215457,0.000895573411480078,stop,3.569830720349894,False,227
long_max2,long_max2/v2,V34_RETEST_V33_TOP_WEAK_E1_CLOSE_000_BE_NEXT,DIA,long,2244,2245,2262,1767899100000000000,1767904200000000000,0.3,0.3019,0.005533333333333302,time,3.6987915499655686,False,228
long_max2,long_max2/v2,V34_RETEST_V33_TOP_WEAK_E1_CLOSE_000_BE_NEXT,Q,long,2245,2246,2250,1767899400000000000,1767900600000000000,0.01751,0.017552760048506526,0.0016420358941477095,stop,2.1752781684942075,False,229
long_max2,long_max2/v2,V34_RETEST_V33_TOP_WEAK_E1_CLOSE_000_BE_NEXT,BLESS,long,2260,2261,2262,1767903900000000000,1767904200000000000,0.012,0.012025168388703275,0.0012973657252729706,stop,3.2540819742402736,False,230
long_max2,long_max2/v2,V34_RETEST_V33_TOP_WEAK_E1_CLOSE_000_BE_NEXT,MYX,long,2260,2261,2278,1767903900000000000,1767909000000000000,4.841,5.017,0.035556124767610074,time,3.103102343053898,False,231
long_max2,long_max2/v2,V34_RETEST_V33_TOP_WEAK_E1_CLOSE_000_BE_NEXT,NOM,long,2271,2272,2274,1767907200000000000,1767907800000000000,0.008042,0.008055784562569201,0.000914071446058174,stop,1.3438946580279558,False,232
long_max2,long_max2/v2,V34_RETEST_V33_TOP_WEAK_E1_CLOSE_000_BE_NEXT,CLO,long,2289,2290,2293,1767912600000000000,1767913500000000000,0.6778,0.6814585520334581,0.004597686682587998,stop,0.5329977494284316,False,233
long_max2,long_max2/v2,V34_RETEST_V33_TOP_WEAK_E1_CLOSE_000_BE_NEXT,VVV,long,2292,2293,2295,1767913500000000000,1767914100000000000,2.021,2.0237345052922504,0.0005530456666257517,stop,1.7114613064611457,False,234
long_max2,long_max2/v2,V34_RETEST_V33_TOP_WEAK_E1_CLOSE_000_BE_NEXT,UB,long,2296,2297,2298,1767914700000000000,1767915000000000000,0.04349,0.043737605113168765,0.004893380390176194,stop,3.0950491699970546,False,235
long_max2,long_max2/v2,V34_RETEST_V33_TOP_WEAK_E1_CLOSE_000_BE_NEXT,Q,long,2318,2319,2322,1767921300000000000,1767922200000000000,0.015046,0.015087786301624478,0.0019772365827780644,stop,0.8166551877855363,False,236
long_max2,long_max2/v2,V34_RETEST_V33_TOP_WEAK_E1_CLOSE_000_BE_NEXT,APR,long,2335,2336,2337,1767926400000000000,1767926700000000000,0.13119,0.13141420040386875,0.0009089747989080805,stop,0.51315697034761,False,237
long_max2,long_max2/v2,V34_RETEST_V33_TOP_WEAK_E1_CLOSE_000_BE_NEXT,GRIFFAIN,long,2335,2336,2336,1767926400000000000,1767926400000000000,0.02197,0.021587170159846382,-0.018225117895021323,stop,1.4262211111362295,True,238
long_max2,long_max2/v2,V34_RETEST_V33_TOP_WEAK_E1_CLOSE_000_BE_NEXT,SIREN,long,2346,2347,2348,1767929700000000000,1767930000000000000,0.08137,0.08149222787708363,0.0007021245801110083,stop,0.9572284391387078,False,239
long_max2,long_max2/v2,V34_RETEST_V33_TOP_WEAK_E1_CLOSE_000_BE_NEXT,LAB,long,2356,2357,2359,1767932700000000000,1767933300000000000,0.14246,0.14281109915280107,0.001664545506114524,stop,2.0160971462128274,False,240
long_max2,long_max2/v2,V34_RETEST_V33_TOP_WEAK_E1_CLOSE_000_BE_NEXT,WLFI,long,2394,2395,2395,1767944100000000000,1767944100000000000,0.1736,0.1718066963814545,-0.011130089968580203,stop,2.82718439173847,True,241
long_max2,long_max2/v2,V34_RETEST_V33_TOP_WEAK_E1_CLOSE_000_BE_NEXT,AKE,long,2395,2396,2397,1767944400000000000,1767944700000000000,0.000556,0.000557038595771844,0.0010679780069137398,stop,1.5020280674070061,False,242
long_max2,long_max2/v2,V34_RETEST_V33_TOP_WEAK_E1_CLOSE_000_BE_NEXT,TA,long,2412,2413,2413,1767949500000000000,1767949500000000000,0.04435,0.04357284104913827,-0.018323313435439224,stop,2.509139215134557,True,243
long_max2,long_max2/v2,V34_RETEST_V33_TOP_WEAK_E1_CLOSE_000_BE_NEXT,PIPPIN,long,2433,2434,2435,1767955800000000000,1767956100000000000,0.34719,0.3482999006020084,0.002396810397789074,stop,1.1560494675633468,False,244
long_max2,long_max2/v2,V34_RETEST_V33_TOP_WEAK_E1_CLOSE_000_BE_NEXT,FHE,long,2434,2435,2435,1767956100000000000,1767956100000000000,0.03877,0.03826590836061637,-0.013802105735971825,stop,1.2120812016384466,True,245
long_max2,long_max2/v2,V34_RETEST_V33_TOP_WEAK_E1_CLOSE_000_BE_NEXT,UB,long,2454,2455,2457,1767962100000000000,1767962700000000000,0.04437,0.04445024677769048,0.0010085818726725212,stop,4.446907530373478,False,246
long_max2,long_max2/v2,V34_RETEST_V33_TOP_WEAK_E1_CLOSE_000_BE_NEXT,VVV,long,2469,2470,2487,1767966600000000000,1767971700000000000,2.101,2.201,0.046796382674916835,time,4.345728888077815,False,247
long_max2,long_max2/v2,V34_RETEST_V33_TOP_WEAK_E1_CLOSE_000_BE_NEXT,STBL,long,2470,2471,2471,1767966900000000000,1767966900000000000,0.06023,0.05961723316420533,-0.01097378110235212,stop,1.1668386052139266,True,248
long_max2,long_max2/v2,V34_RETEST_V33_TOP_WEAK_E1_CLOSE_000_BE_NEXT,币安人生,long,2508,2509,2511,1767978300000000000,1767978900000000000,0.1403,0.14073568987770824,0.0023054160920045427,stop,2.2020249932051024,False,249
long_max2,long_max2/v2,V34_RETEST_V33_TOP_WEAK_E1_CLOSE_000_BE_NEXT,RIVER,long,2511,2512,2513,1767979200000000000,1767979500000000000,15.083,15.12973558400225,0.0022985602335245056,stop,1.9526876992830435,False,250
long_max2,long_max2/v2,V34_RETEST_V33_TOP_WEAK_E1_CLOSE_000_BE_NEXT,BROCCOLI714,long,2512,2513,2514,1767979500000000000,1767979800000000000,0.03065,0.030748217839931844,0.0024044972245299786,stop,1.905967389731852,False,251
long_max2,long_max2/v2,V34_RETEST_V33_TOP_WEAK_E1_CLOSE_000_BE_NEXT,LIGHT,long,2513,2514,2515,1767979800000000000,1767980100000000000,0.6128,0.6139334827567811,0.0010496781279064845,stop,1.6171397306524236,False,252
long_max2,long_max2/v2,V34_RETEST_V33_TOP_WEAK_E1_CLOSE_000_BE_NEXT,LYN,long,2527,2528,2530,1767984000000000000,1767984600000000000,0.13783,0.13832685206885423,0.0028048180283989596,stop,3.2025628949667078,False,253
long_max2,long_max2/v2,V34_RETEST_V33_TOP_WEAK_E1_CLOSE_000_BE_NEXT,GUN,long,2544,2545,2546,1767989100000000000,1767989400000000000,0.02495,0.025046722137240327,0.003076638767147389,stop,1.7539934997348663,False,254
long_max2,long_max2/v2,V34_RETEST_V33_TOP_WEAK_E1_CLOSE_000_BE_NEXT,TANSSI,long,2553,2554,2557,1767991800000000000,1767992700000000000,0.0125,0.01252529479331385,0.0012235834651078922,stop,1.3876373514695493,False,255
long_max2,long_max2/v2,V34_RETEST_V33_TOP_WEAK_E1_CLOSE_000_BE_NEXT,TRADOOR,long,2568,2569,2569,1767996300000000000,1767996300000000000,2.097,2.037227297814675,-0.029303911390236113,stop,1.3701906891555542,True,256
long_max2,long_max2/v2,V34_RETEST_V33_TOP_WEAK_E1_CLOSE_000_BE_NEXT,RIVER,long,2584,2585,2592,1768001100000000000,1768003200000000000,12.8,15.579719581885403,0.21636559233479705,target,1.2794366105043398,False,257
long_max2,long_max2/v2,V34_RETEST_V33_TOP_WEAK_E1_CLOSE_000_BE_NEXT,PIEVERSE,long,2605,2606,2608,1768007400000000000,1768008000000000000,0.6748,0.6764845936716459,0.0016964340125162022,stop,2.3266738240625,False,258
long_max2,long_max2/v2,V34_RETEST_V33_TOP_WEAK_E1_CLOSE_000_BE_NEXT,CLO,long,2627,2628,2630,1768014000000000000,1768014600000000000,0.7588,0.7616427675673009,0.002946399008040191,stop,1.0769434811397087,False,259
long_max2,long_max2/v2,V34_RETEST_V33_TOP_WEAK_E1_CLOSE_000_BE_NEXT,GRASS,long,2633,2634,2636,1768015800000000000,1768016400000000000,0.355,0.35597982108815873,0.0019600594032641813,stop,1.5324226209721368,False,260
long_max2,long_max2/v2,V34_RETEST_V33_TOP_WEAK_E1_CLOSE_000_BE_NEXT,LYN,long,2640,2641,2658,1768017900000000000,1768023000000000000,0.14344,0.1463,0.019138650306748464,time,1.5160528780937825,False,261
long_max2,long_max2/v2,V34_RETEST_V33_TOP_WEAK_E1_CLOSE_000_BE_NEXT,PIEVERSE,long,2652,2653,2655,1768021500000000000,1768022100000000000,0.6149,0.6169686450091902,0.002564197445422379,stop,2.234071084921952,False,262
long_max2,long_max2/v2,V34_RETEST_V33_TOP_WEAK_E1_CLOSE_000_BE_NEXT,CLO,long,2691,2692,2700,1768033200000000000,1768035600000000000,0.701,0.7030808601105081,0.002168416705432464,stop,3.045615593281017,False,263
long_max2,long_max2/v2,V34_RETEST_V33_TOP_WEAK_E1_CLOSE_000_BE_NEXT,ZEC,long,2704,2705,2705,1768037100000000000,1768037100000000000,400.23,396.41742144738237,-0.010325968949398278,stop,2.4959485735622278,True,264
long_max2,long_max2/v2,V34_RETEST_V33_TOP_WEAK_E1_CLOSE_000_BE_NEXT,FARTCOIN,long,2708,2709,2709,1768038300000000000,1768038300000000000,0.3834,0.37949693825435576,-0.010980129748680878,stop,1.8985095504239495,True,265
long_max2,long_max2/v2,V34_RETEST_V33_TOP_WEAK_E1_CLOSE_000_BE_NEXT,VVV,long,2722,2723,2725,1768042500000000000,1768043100000000000,2.505,2.5133293033073882,0.002525071180594108,stop,1.8494944212603461,False,266
long_max2,long_max2/v2,V34_RETEST_V33_TOP_WEAK_E1_CLOSE_000_BE_NEXT,BULLA,long,2732,2733,2750,1768045500000000000,1768050600000000000,0.03282,0.0352,0.07171675807434488,time,1.807310820575088,False,267
long_max2,long_max2/v2,V34_RETEST_V33_TOP_WEAK_E1_CLOSE_000_BE_NEXT,RVV,long,2733,2734,2736,1768045800000000000,1768046400000000000,0.004071,0.004079612622266804,0.001315603602752092,stop,1.65280672471461,False,268
long_max2,long_max2/v2,V34_RETEST_V33_TOP_WEAK_E1_CLOSE_000_BE_NEXT,CLO,long,2736,2737,2737,1768046700000000000,1768046700000000000,0.6549,0.6429112431744574,-0.01910624038103934,stop,2.049420165704951,True,269
long_max2,long_max2/v2,V34_RETEST_V33_TOP_WEAK_E1_CLOSE_000_BE_NEXT,BROCCOLI714,long,2742,2743,2746,1768048500000000000,1768049400000000000,0.02772,0.02781085952477917,0.00247776063416918,stop,4.764497734851152,False,270
long_max2,long_max2/v2,V34_RETEST_V33_TOP_WEAK_E1_CLOSE_000_BE_NEXT,ZEC,long,2750,2751,2752,1768050900000000000,1768051200000000000,376.05,376.84172526584274,0.0013053723330479724,stop,1.0024310631986624,False,271
long_max2,long_max2/v2,V34_RETEST_V33_TOP_WEAK_E1_CLOSE_000_BE_NEXT,币安人生,long,2752,2753,2754,1768051500000000000,1768051800000000000,0.13299,0.1334023338183155,0.002300487392401874,stop,2.6909022513186454,False,272
long_max2,long_max2/v2,V34_RETEST_V33_TOP_WEAK_E1_CLOSE_000_BE_NEXT,ALCH,long,2765,2766,2770,1768055400000000000,1768056600000000000,0.13365,0.13402607663730545,0.0020138917867972513,stop,2.0584900076395853,False,273
long_max2,long_max2/v2,V34_RETEST_V33_TOP_WEAK_E1_CLOSE_000_BE_NEXT,GPS,long,2778,2779,2780,1768059300000000000,1768059600000000000,0.006952,0.006970520135218174,0.0018640010382874558,stop,1.7162401691759104,False,274
long_max2,long_max2/v2,V34_RETEST_V33_TOP_WEAK_E1_CLOSE_000_BE_NEXT,CUDIS,long,2785,2786,2792,1768061400000000000,1768063200000000000,0.03181,0.031903441424424465,0.0021374858354123124,stop,1.2938587007278246,False,275
long_max2,long_max2/v2,V34_RETEST_V33_TOP_WEAK_E1_CLOSE_000_BE_NEXT,IRYS,long,2789,2790,2807,1768062600000000000,1768067700000000000,0.052546,0.055005,0.045997092071708455,time,1.8043427614146275,False,276
long_max2,long_max2/v2,V34_RETEST_V33_TOP_WEAK_E1_CLOSE_000_BE_NEXT,1000WHY,long,2802,2803,2803,1768066500000000000,1768066500000000000,1.74e-05,1.6929910589892856e-05,-0.02781663276477839,stop,0.8296294100969277,True,277
long_max2,long_max2/v2,V34_RETEST_V33_TOP_WEAK_E1_CLOSE_000_BE_NEXT,ARC,long,2839,2840,2857,1768077600000000000,1768082700000000000,0.04247,0.04381,0.030751683541323207,time,2.099194170006282,False,278
long_max2,long_max2/v2,V34_RETEST_V33_TOP_WEAK_E1_CLOSE_000_BE_NEXT,M,long,2863,2864,2866,1768084800000000000,1768085400000000000,1.5391,1.5429733609928393,0.0017166402396461508,stop,0.8457770928287404,False,279
long_max2,long_max2/v2,V34_RETEST_V33_TOP_WEAK_E1_CLOSE_000_BE_NEXT,PIEVERSE,long,2881,2882,2884,1768090200000000000,1768090800000000000,0.5097,0.5109571686726108,0.0016664874879551935,stop,1.1943504739757222,False,280
long_max2,long_max2/v2,V34_RETEST_V33_TOP_WEAK_E1_CLOSE_000_BE_NEXT,UB,long,2883,2884,2885,1768090800000000000,1768091100000000000,0.03544,0.035506323150985016,0.0010714207388548233,stop,1.1172569291338637,False,281
long_max2,long_max2/v2,V34_RETEST_V33_TOP_WEAK_E1_CLOSE_000_BE_NEXT,USELESS,long,2894,2895,2896,1768094100000000000,1768094400000000000,0.10447,0.10465754964313802,0.0009952488095915876,stop,3.6078447747406512,False,282
long_max2,long_max2/v2,V34_RETEST_V33_TOP_WEAK_E1_CLOSE_000_BE_NEXT,LIT,long,2914,2915,2918,1768100100000000000,1768101000000000000,2.648,2.6534559942851788,0.0012604208025598592,stop,3.1809050913315517,False,283
long_max2,long_max2/v2,V34_RETEST_V33_TOP_WEAK_E1_CLOSE_000_BE_NEXT,ZEC,long,2916,2917,2934,1768100700000000000,1768105800000000000,363.59,378.12,0.03916259523089196,time,1.1169891631515514,False,284
long_max2,long_max2/v2,V34_RETEST_V33_TOP_WEAK_E1_CLOSE_000_BE_NEXT,PIPPIN,long,2943,2944,2946,1768108800000000000,1768109400000000000,0.3947,0.3955954233247443,0.0014686174936517035,stop,1.7813920588404737,False,285
long_max2,long_max2/v2,V34_RETEST_V33_TOP_WEAK_E1_CLOSE_000_BE_NEXT,LYN,long,2957,2958,2959,1768113000000000000,1768113300000000000,0.11249,0.11399724829213417,0.01259895361484733,stop,2.11527856202487,False,286
long_max2,long_max2/v2,V34_RETEST_V33_TOP_WEAK_E1_CLOSE_000_BE_NEXT,AKE,long,2972,2973,2974,1768117500000000000,1768117800000000000,0.0004734,0.0004741154434070474,0.0007112872983680247,stop,2.780094107245461,False,287
long_max2,long_max2/v2,V34_RETEST_V33_TOP_WEAK_E1_CLOSE_000_BE_NEXT,BEAT,long,2974,2975,2975,1768118100000000000,1768118100000000000,0.4389,0.43323951692890045,-0.013696976694234619,stop,1.8372990201311172,True,288
long_max2,long_max2/v2,V34_RETEST_V33_TOP_WEAK_E1_CLOSE_000_BE_NEXT,FARTCOIN,long,2974,2975,2992,1768118100000000000,1768123200000000000,0.3625,0.3722,0.025958620689655067,time,2.646897608217008,False,289
long_max2,long_max2/v2,V34_RETEST_V33_TOP_WEAK_E1_CLOSE_000_BE_NEXT,RVV,long,2974,2975,2975,1768118100000000000,1768118100000000000,0.00379,0.0037426806484116386,-0.013285317041784017,stop,0.6318767902845537,True,290
long_max2,long_max2/v2,V34_RETEST_V33_TOP_WEAK_E1_CLOSE_000_BE_NEXT,EVAA,long,2975,2976,2993,1768118400000000000,1768123500000000000,0.9233,0.9433,0.020861431820643397,time,1.6847812472263228,False,291
long_max2,long_max2/v2,V34_RETEST_V33_TOP_WEAK_E1_CLOSE_000_BE_NEXT,NMR,long,2977,2978,2980,1768119000000000000,1768119600000000000,10.015,10.05171589895845,0.002866090759705476,stop,1.0409659325855425,False,292
long_max2,long_max2/v2,V34_RETEST_V33_TOP_WEAK_E1_CLOSE_000_BE_NEXT,FORM,long,2979,2980,2981,1768119600000000000,1768119900000000000,0.4094,0.4103008064972339,0.001400308982007515,stop,4.372748211847217,False,293
long_max2,long_max2/v2,V34_RETEST_V33_TOP_WEAK_E1_CLOSE_000_BE_NEXT,ID,long,3000,3001,3002,1768125900000000000,1768126200000000000,0.0808,0.08107482123597978,0.0026012529205418308,stop,0.4895909863744784,False,294
long_max2,long_max2/v2,V34_RETEST_V33_TOP_WEAK_E1_CLOSE_000_BE_NEXT,PIPPIN,long,3012,3013,3014,1768129500000000000,1768129800000000000,0.34732,0.34855342915161275,0.002751275917346386,stop,1.2616046880077145,False,295
long_max2,long_max2/v2,V34_RETEST_V33_TOP_WEAK_E1_CLOSE_000_BE_NEXT,GUN,long,3013,3014,3015,1768129800000000000,1768130100000000000,0.02234,0.022386170486071565,0.0012667182664084739,stop,1.3937475100490806,False,296
long_max2,long_max2/v2,V34_RETEST_V33_TOP_WEAK_E1_CLOSE_000_BE_NEXT,1000WHY,long,3030,3031,3032,1768134900000000000,1768135200000000000,2.47e-05,2.4780501893489252e-05,0.002459185971224765,stop,1.211151635992495,False,297
long_max2,long_max2/v2,V34_RETEST_V33_TOP_WEAK_E1_CLOSE_000_BE_NEXT,币安人生,long,3030,3031,3033,1768134900000000000,1768135500000000000,0.16816,0.1689171537163025,0.003702579188288003,stop,1.169247381262674,False,298
long_max2,long_max2/v2,V34_RETEST_V33_TOP_WEAK_E1_CLOSE_000_BE_NEXT,4,long,3060,3061,3061,1768143900000000000,1768143900000000000,0.02754,0.026119034476397095,-0.05239642424120925,stop,4.281595787471203,True,299
long_max2,long_max2/v2,V34_RETEST_V33_TOP_WEAK_E1_CLOSE_000_BE_NEXT,VVV,long,3074,3075,3075,1768148100000000000,1768148100000000000,2.741,2.703414649087277,-0.014512276874397356,stop,2.282804281892588,True,300
long_max2,long_max2/v2,V34_RETEST_V33_TOP_WEAK_E1_CLOSE_000_BE_NEXT,AIO,long,3092,3093,3110,1768153500000000000,1768158600000000000,0.12235,0.12575,0.02698912954638324,time,1.8270522626182608,False,301
long_max2,long_max2/v2,V34_RETEST_V33_TOP_WEAK_E1_CLOSE_000_BE_NEXT,1000RATS,long,3100,3101,3103,1768155900000000000,1768156500000000000,0.05613,0.05626398560300192,0.0015870586674135109,stop,3.9440804695442675,False,302
long_max2,long_max2/v2,V34_RETEST_V33_TOP_WEAK_E1_CLOSE_000_BE_NEXT,IOTX,long,3108,3109,3111,1768158300000000000,1768158900000000000,0.00877,0.008789171586916415,0.0013860418376755675,stop,0.5085650990973581,False,303
long_max2,long_max2/v2,V34_RETEST_V33_TOP_WEAK_E1_CLOSE_000_BE_NEXT,币安人生,long,3137,3138,3138,1768167000000000000,1768167000000000000,0.15866,0.15604404663025379,-0.017287793834275898,stop,2.0573761223129603,True,304
long_max2,long_max2/v2,V34_RETEST_V33_TOP_WEAK_E1_CLOSE_000_BE_NEXT,RIVER,long,3138,3139,3139,1768167300000000000,1768167300000000000,15.639,15.233328847202493,-0.02673971179727006,stop,2.60851675723714,True,305
long_max2,long_max2/v2,V34_RETEST_V33_TOP_WEAK_E1_CLOSE_000_BE_NEXT,PIPPIN,long,3163,3164,3164,1768174800000000000,1768174800000000000,0.32384,0.3190586475397231,-0.015564551816566663,stop,3.733044185361329,True,306
long_max2,long_max2/v2,V34_RETEST_V33_TOP_WEAK_E1_CLOSE_000_BE_NEXT,TRADOOR,long,3181,3182,3192,1768180200000000000,1768183200000000000,1.977,1.9825411037082257,0.002002783868601777,stop,0.6686393532934836,False,307
long_max2,long_max2/v2,V34_RETEST_V33_TOP_WEAK_E1_CLOSE_000_BE_NEXT,ZEREBRO,long,3189,3190,3190,1768182600000000000,1768182600000000000,0.03,0.029131777856386164,-0.02974073812046116,stop,3.9379322736102664,True,308
long_max2,long_max2/v2,V34_RETEST_V33_TOP_WEAK_E1_CLOSE_000_BE_NEXT,DEXE,long,3233,3234,3234,1768195800000000000,1768195800000000000,3.716,3.612883084254517,-0.028549439113423867,stop,3.7695076233602967,True,309
