all2026_active_months,all2026_avg_month_pnl,all2026_final_asset,all2026_final_return_pct,all2026_losses,all2026_max_conc,all2026_max_conc_unique_symbols,all2026_max_drawdown_pct,all2026_max_month_pnl,all2026_max_return_pct,all2026_median_month_pnl,all2026_min_month_pnl,all2026_negative_months,all2026_official_cd_value,all2026_peak_asset,all2026_positive_month_ratio_pct,all2026_positive_months,all2026_profit_factor,all2026_same_bar_trades,all2026_trades,all2026_win_rate_pct,all2026_wins,atr_pct_max,atr_pct_min,atr_stop_mult,balance_dev_component_min,balance_rsi_component_min,balance_wick_component_min,candidate_index,close_position_max,close_position_min,dd_brake_freeze_steps,dd_brake_trigger_pct,ema50_dev_max,ema50_dev_min,entry_cooldown_bars,fail_fast_bars,fail_fast_min_progress_r,full2025_exit_active_months,full2025_exit_avg_month_pnl,full2025_exit_final_asset,full2025_exit_final_return_pct,full2025_exit_losses,full2025_exit_max_conc,full2025_exit_max_conc_unique_symbols,full2025_exit_max_drawdown_pct,full2025_exit_max_month_pnl,full2025_exit_max_return_pct,full2025_exit_median_month_pnl,full2025_exit_min_month_pnl,full2025_exit_negative_months,full2025_exit_official_cd_value,full2025_exit_peak_asset,full2025_exit_positive_month_ratio_pct,full2025_exit_positive_months,full2025_exit_profit_factor,full2025_exit_same_bar_trades,full2025_exit_trades,full2025_exit_win_rate_pct,full2025_exit_wins,late_ret3_penalty_start,late_ret5_penalty_start,late_ret_penalty,loss_cooldown_bars,over_ema50_penalty,over_ema50_penalty_start,period_calc_mode,preq4_exit_active_months,preq4_exit_avg_month_pnl,preq4_exit_final_asset,preq4_exit_final_return_pct,preq4_exit_losses,preq4_exit_max_conc,preq4_exit_max_conc_unique_symbols,preq4_exit_max_drawdown_pct,preq4_exit_max_month_pnl,preq4_exit_max_return_pct,preq4_exit_median_month_pnl,preq4_exit_min_month_pnl,preq4_exit_negative_months,preq4_exit_official_cd_value,preq4_exit_peak_asset,preq4_exit_positive_month_ratio_pct,preq4_exit_positive_months,preq4_exit_profit_factor,preq4_exit_same_bar_trades,preq4_exit_trades,preq4_exit_win_rate_pct,preq4_exit_wins,range20_pct_max,range_atr_ratio_max,range_atr_ratio_min,require_ema_reject,require_red_candle,require_upper_sweep,ret10_ceil,ret20_ceil,ret3_ceil,ret5_ceil,rr_mult,rsi_delta1_max,rsi_rising_penalty,rsi_rising_penalty_start,score_all_cd,score_dev_cap,score_dev_weight,score_full2025_cd,score_min_short,score_preq4_cd,score_rsi_cap,score_rsi_weight,score_wick_cap,score_wick_weight,short_dev,short_rsi_min,short_wick_mult,signal_cooldown_bars,soft_ema_reject_bonus,soft_range_atr_bonus,soft_range_atr_min,soft_red_candle_bonus,soft_rsi_falling_bonus,soft_upper_range_bonus,soft_upper_range_ratio_min,soft_upper_sweep_bonus,soft_volr_bonus,soft_volr_min,strategy,tag,time_reduce_bars,time_reduce_to_risk_frac,timeout_bars,upper_body_ratio_max,upper_body_ratio_min,upper_range_ratio_max,upper_range_ratio_min,volr_max,volr_min,y2023_exit_active_months,y2023_exit_avg_month_pnl,y2023_exit_final_asset,y2023_exit_final_return_pct,y2023_exit_losses,y2023_exit_max_conc,y2023_exit_max_conc_unique_symbols,y2023_exit_max_drawdown_pct,y2023_exit_max_month_pnl,y2023_exit_max_return_pct,y2023_exit_median_month_pnl,y2023_exit_min_month_pnl,y2023_exit_negative_months,y2023_exit_official_cd_value,y2023_exit_peak_asset,y2023_exit_positive_month_ratio_pct,y2023_exit_positive_months,y2023_exit_profit_factor,y2023_exit_same_bar_trades,y2023_exit_trades,y2023_exit_win_rate_pct,y2023_exit_wins,y2024_exit_active_months,y2024_exit_avg_month_pnl,y2024_exit_final_asset,y2024_exit_final_return_pct,y2024_exit_losses,y2024_exit_max_conc,y2024_exit_max_conc_unique_symbols,y2024_exit_max_drawdown_pct,y2024_exit_max_month_pnl,y2024_exit_max_return_pct,y2024_exit_median_month_pnl,y2024_exit_min_month_pnl,y2024_exit_negative_months,y2024_exit_official_cd_value,y2024_exit_peak_asset,y2024_exit_positive_month_ratio_pct,y2024_exit_positive_months,y2024_exit_profit_factor,y2024_exit_same_bar_trades,y2024_exit_trades,y2024_exit_win_rate_pct,y2024_exit_wins,y2025_exit_active_months,y2025_exit_avg_month_pnl,y2025_exit_final_asset,y2025_exit_final_return_pct,y2025_exit_losses,y2025_exit_max_conc,y2025_exit_max_conc_unique_symbols,y2025_exit_max_drawdown_pct,y2025_exit_max_month_pnl,y2025_exit_max_return_pct,y2025_exit_median_month_pnl,y2025_exit_min_month_pnl,y2025_exit_negative_months,y2025_exit_official_cd_value,y2025_exit_peak_asset,y2025_exit_positive_month_ratio_pct,y2025_exit_positive_months,y2025_exit_profit_factor,y2025_exit_same_bar_trades,y2025_exit_trades,y2025_exit_win_rate_pct,y2025_exit_wins,y2026_exit_active_months,y2026_exit_avg_month_pnl,y2026_exit_final_asset,y2026_exit_final_return_pct,y2026_exit_losses,y2026_exit_max_conc,y2026_exit_max_conc_unique_symbols,y2026_exit_max_drawdown_pct,y2026_exit_max_month_pnl,y2026_exit_max_return_pct,y2026_exit_median_month_pnl,y2026_exit_min_month_pnl,y2026_exit_negative_months,y2026_exit_official_cd_value,y2026_exit_peak_asset,y2026_exit_positive_month_ratio_pct,y2026_exit_positive_months,y2026_exit_profit_factor,y2026_exit_same_bar_trades,y2026_exit_trades,y2026_exit_win_rate_pct,y2026_exit_wins
76,340.63365872208175,25988.158062878214,25888.158062878218,106985,326,326,5.703235000480511,7126.1787858662865,25894.92500620183,14.130755852726324,-0.2903800887941941,5,24505.99233625595,25994.92500620183,93.42105263157895,71,1.9848071041189899,49173,115610,7.460427298676585,8625,999.0,0.0,2.57,0.0,0.0,0.0,1,999.0,-999.0,4,0.035,999.0,-999.0,0,12,0.1,75,319.5132090426269,24063.490678197017,23963.490678197017,105429,326,326,5.703235000480511,7126.1787858662865,23963.490678197017,13.954863959897551,-0.2903800887941941,5,22691.09325550072,24063.490678197017,93.33333333333333,70,1.987686470447645,48345,113888,7.427472604664231,8459,999.0,999.0,0.0,0,0.0,999.0,exit_ts_filter_from_all_through_2026_single_run,72,96.08719836901507,7018.278282569085,6918.278282569085,89842,326,326,5.703235000480511,1717.1819169697774,6920.544039603436,11.851545885735959,-0.2903800887941941,5,6618.009379126483,7020.544039603436,93.05555555555556,67,1.9329509938402882,38696,96936,7.318230585128332,7094,999.0,999.0,0.0,False,False,False,999.0,999.0,999.0,999.0,5.075,999.0,0.0,999.0,24505.99233625595,2.0,1.3,22691.09325550072,2.35,6618.009379126483,2.0,0.8,2.5,0.7,0.032,76.0,1.3,0,0.0,0.0,999.0,0.0,0.0,0.07,0.2,0.07,0.14,1.1,RETEST_SMX2V3_B04_M01_S02D_plus_upper020,anchor_M01_v4_current,3,0.0,320,999.0,0.0,999.0,0.0,999.0,0.0,12,5.115849524687749,161.390194296253,61.390194296252986,11070,150,150,1.9771055940383087,11.921598479722462,62.185529021207685,4.703303380781485,0.4697663033791457,0,158.19933973659246,162.18552902120769,100.0,12,1.808360711363227,3537,12046,8.102274613979745,976,12,12.11878023708664,245.42536284503967,145.42536284503967,22329,197,197,1.8269160985862842,34.38228634366902,145.62716361014716,8.400110067856438,3.2101317805082488,0,240.94164738120983,245.62716361014716,100.0,12,1.8904940587276715,10562,24041,7.121168004658708,1712,12,135.61677927619849,1727.4013513143818,1627.4013513143818,43454,326,326,5.703235000480278,511.5538318622532,1627.4013513143818,46.220751892350236,11.007702857999377,0,1628.8835928474507,1727.4013513143818,100.0,12,2.073767395439081,24907,47132,7.803615378087074,3678,1,7.998288404703629,107.99828840470363,7.998288404703624,1556,42,42,2.010267680394462,7.998288404703629,8.026409608788754,7.998288404703629,7.998288404703629,0,105.82723371752466,108.02640960878875,100.0,1,1.8152253181026134,828,1722,9.639953542392567,166
76,340.63365872208175,25988.158062878214,25888.158062878218,106985,326,326,5.703235000480511,7126.1787858662865,25894.92500620183,14.130755852726324,-0.2903800887941941,5,24505.99233625595,25994.92500620183,93.42105263157895,71,1.9848071041189899,49173,115610,7.460427298676585,8625,999.0,0.0,2.57,0.0,0.0,0.0,13,999.0,-999.0,4,0.035,999.0,-999.0,0,12,0.1,75,319.5132090426269,24063.490678197017,23963.490678197017,105429,326,326,5.703235000480511,7126.1787858662865,23963.490678197017,13.954863959897551,-0.2903800887941941,5,22691.09325550072,24063.490678197017,93.33333333333333,70,1.987686470447645,48345,113888,7.427472604664231,8459,0.07,0.12,0.1,0,0.0,999.0,exit_ts_filter_from_all_through_2026_single_run,72,96.08719836901507,7018.278282569085,6918.278282569085,89842,326,326,5.703235000480511,1717.1819169697774,6920.544039603436,11.851545885735959,-0.2903800887941941,5,6618.009379126483,7020.544039603436,93.05555555555556,67,1.9329509938402882,38696,96936,7.318230585128332,7094,999.0,999.0,0.0,False,False,False,999.0,999.0,999.0,999.0,5.075,999.0,0.0,999.0,24505.99233625595,2.0,1.3,22691.09325550072,2.35,6618.009379126483,2.0,0.8,2.5,0.7,0.032,76.0,1.3,0,0.0,0.0,999.0,0.0,0.0,0.07,0.2,0.07,0.14,1.1,SMX2V4_B05_S02_late_runup_penalty,score_late_runup_penalty,3,0.0,320,999.0,0.0,999.0,0.0,999.0,0.0,12,5.115849524687749,161.390194296253,61.390194296252986,11070,150,150,1.9771055940383087,11.921598479722462,62.185529021207685,4.703303380781485,0.4697663033791457,0,158.19933973659246,162.18552902120769,100.0,12,1.808360711363227,3537,12046,8.102274613979745,976,12,12.11878023708664,245.42536284503967,145.42536284503967,22329,197,197,1.8269160985862842,34.38228634366902,145.62716361014716,8.400110067856438,3.2101317805082488,0,240.94164738120983,245.62716361014716,100.0,12,1.8904940587276715,10562,24041,7.121168004658708,1712,12,135.61677927619849,1727.4013513143818,1627.4013513143818,43454,326,326,5.703235000480278,511.5538318622532,1627.4013513143818,46.220751892350236,11.007702857999377,0,1628.8835928474507,1727.4013513143818,100.0,12,2.073767395439081,24907,47132,7.803615378087074,3678,1,7.998288404703629,107.99828840470363,7.998288404703624,1556,42,42,2.010267680394462,7.998288404703629,8.026409608788754,7.998288404703629,7.998288404703629,0,105.82723371752466,108.02640960878875,100.0,1,1.8152253181026134,828,1722,9.639953542392567,166
76,340.63365872208175,25988.158062878214,25888.158062878218,106985,326,326,5.703235000480511,7126.1787858662865,25894.92500620183,14.130755852726324,-0.2903800887941941,5,24505.99233625595,25994.92500620183,93.42105263157895,71,1.9848071041189899,49173,115610,7.460427298676585,8625,999.0,0.0,2.57,0.0,0.0,0.0,14,999.0,-999.0,4,0.035,999.0,-999.0,0,12,0.1,75,319.5132090426269,24063.490678197017,23963.490678197017,105429,326,326,5.703235000480511,7126.1787858662865,23963.490678197017,13.954863959897551,-0.2903800887941941,5,22691.09325550072,24063.490678197017,93.33333333333333,70,1.987686470447645,48345,113888,7.427472604664231,8459,999.0,999.0,0.0,0,0.08,0.24,exit_ts_filter_from_all_through_2026_single_run,72,96.08719836901507,7018.278282569085,6918.278282569085,89842,326,326,5.703235000480511,1717.1819169697774,6920.544039603436,11.851545885735959,-0.2903800887941941,5,6618.009379126483,7020.544039603436,93.05555555555556,67,1.9329509938402882,38696,96936,7.318230585128332,7094,999.0,999.0,0.0,False,False,False,999.0,999.0,999.0,999.0,5.075,999.0,0.0,999.0,24505.99233625595,2.0,1.3,22691.09325550072,2.35,6618.009379126483,2.0,0.8,2.5,0.7,0.032,76.0,1.3,0,0.0,0.0,999.0,0.0,0.0,0.07,0.2,0.07,0.14,1.1,SMX2V4_B05_S03_over_ema50_penalty,score_over_ema50_penalty,3,0.0,320,999.0,0.0,999.0,0.0,999.0,0.0,12,5.115849524687749,161.390194296253,61.390194296252986,11070,150,150,1.9771055940383087,11.921598479722462,62.185529021207685,4.703303380781485,0.4697663033791457,0,158.19933973659246,162.18552902120769,100.0,12,1.808360711363227,3537,12046,8.102274613979745,976,12,12.11878023708664,245.42536284503967,145.42536284503967,22329,197,197,1.8269160985862842,34.38228634366902,145.62716361014716,8.400110067856438,3.2101317805082488,0,240.94164738120983,245.62716361014716,100.0,12,1.8904940587276715,10562,24041,7.121168004658708,1712,12,135.61677927619849,1727.4013513143818,1627.4013513143818,43454,326,326,5.703235000480278,511.5538318622532,1627.4013513143818,46.220751892350236,11.007702857999377,0,1628.8835928474507,1727.4013513143818,100.0,12,2.073767395439081,24907,47132,7.803615378087074,3678,1,7.998288404703629,107.99828840470363,7.998288404703624,1556,42,42,2.010267680394462,7.998288404703629,8.026409608788754,7.998288404703629,7.998288404703629,0,105.82723371752466,108.02640960878875,100.0,1,1.8152253181026134,828,1722,9.639953542392567,166
76,332.9918346551112,25407.37943378845,25307.37943378845,105738,326,326,5.7489793869977435,6911.494591670176,25313.995150693594,14.497466512401566,-0.2959385771186618,5,23946.714427363648,25413.995150693594,93.42105263157895,71,1.987979630015115,48304,114291,7.483528886788986,8553,999.0,0.0,2.57,0.0,0.0,0.0,15,999.0,-999.0,4,0.035,999.0,-999.0,0,12,0.1,75,312.83979584738535,23562.9846885539,23462.9846885539,104193,326,326,5.7489793869977435,6911.494591670176,23462.9846885539,14.039691423572052,-0.2959385771186618,5,22208.3535558475,23562.9846885539,93.33333333333333,70,1.9911300990949299,47478,112583,7.452279651457147,8390,999.0,999.0,0.0,0,0.0,999.0,exit_ts_filter_from_all_through_2026_single_run,72,94.82529802873782,6927.421458069123,6827.421458069123,88753,326,326,5.7489793869977435,1689.1590178646775,6829.657883195999,11.85171967300758,-0.2959385771186618,5,6529.165426394271,6929.657883195999,93.05555555555556,67,1.9372987837234164,37947,95793,7.349180002714186,7040,999.0,999.0,0.0,False,False,False,999.0,999.0,999.0,999.0,5.075,999.0,0.08,4.0,23946.714427363648,2.0,1.3,22208.3535558475,2.35,6529.165426394271,2.0,0.8,2.5,0.7,0.032,76.0,1.3,0,0.0,0.0,999.0,0.0,0.0,0.07,0.2,0.07,0.14,1.1,SMX2V4_B05_S04_rsi_rising_penalty,score_rsi_rising_penalty,3,0.0,320,999.0,0.0,999.0,0.0,999.0,0.0,12,5.112115146566964,161.34538175880357,61.345381758803576,10938,150,150,1.9755372089071521,11.67305017083686,62.13660430574075,4.683601713064313,0.4719275971715433,0,158.15794370730512,162.13660430574075,100.0,12,1.8137971466184524,3453,11908,8.145784346657708,970,12,12.073760663960622,244.88512796752747,144.8851279675275,22051,197,197,1.8055647385405993,34.61615404711932,145.0845238331579,8.52988516926412,3.3595751582904256,0,240.46356844701583,245.0845238331579,100.0,12,1.8959548841772627,10370,23751,7.157593364489916,1700,12,133.89191777475332,1706.70301329704,1606.70301329704,42990,326,326,5.7489793869976875,500.6101222702828,1606.70301329704,45.954769610781725,10.981537340350144,0,1608.5850088653247,1706.70301329704,100.0,12,2.075171709718798,24541,46636,7.817994682219745,3646,1,7.827508991806312,107.82750899180631,7.827508991806309,1545,42,42,2.0417952745178103,7.827508991806312,7.855585727383674,7.827508991806312,7.827508991806312,0,105.62589200858135,107.85558572738368,100.0,1,1.8027898579200263,826,1708,9.543325526932083,163
76,227.31150856822876,17375.674651185385,17275.674651185385,106657,326,326,5.7032350004804115,4224.9799485649055,17280.199027452825,12.811230416958317,-0.285844601302756,6,16384.69909290938,17380.199027452825,92.10526315789474,70,1.930683360739229,48917,115218,7.430262632574772,8561,999.0,0.0,2.57,0.0,0.0,0.0,5,999.0,-999.0,4,0.035,999.0,-999.0,0,12,0.1,75,213.45319797235754,16108.989847926816,16008.989847926816,105107,326,326,5.7032350004804115,4224.9799485649055,16008.989847926816,11.673038433800059,-0.285844601302756,6,15190.256300696019,16108.989847926816,92.0,69,1.9321432898841062,48094,113503,7.39716130851167,8396,999.0,999.0,0.0,0,0.0,999.0,exit_ts_filter_from_all_through_2026_single_run,72,78.25551841479529,5734.39732586526,5634.39732586526,89627,326,326,5.7032350004804115,1048.2456549261506,5636.248599148498,11.568647614858307,-0.285844601302756,6,5407.351170509901,5736.248599148498,91.66666666666666,66,1.8982202413594707,38566,96685,7.299994828566995,7058,0.4,999.0,0.0,False,False,False,999.0,999.0,999.0,999.0,5.075,999.0,0.0,999.0,16384.69909290938,2.0,1.3,15190.256300696019,2.35,5407.351170509901,2.0,0.8,2.5,0.7,0.032,76.0,1.3,0,0.0,0.0,999.0,0.0,0.0,0.07,0.2,0.07,0.14,1.1,SMX2V4_B05_L04_block_wide_range20,loss_context_block_wide_range20,3,0.0,320,999.0,0.0,999.0,0.0,999.0,0.0,12,4.862214480868464,158.34657377042157,58.346573770421564,11062,150,150,1.9265124038125525,11.733555926226927,59.12690946086641,4.460699460065868,0.5813293645055637,0,155.2960073857222,159.12690946086641,100.0,12,1.7787504198023245,3530,12035,8.08475280432073,973,12,11.804527253332518,241.65432703999022,141.65432703999022,22310,197,197,1.826916098586262,33.95618213612187,141.85302707458683,7.589093513386004,3.16908774061811,0,237.23950523636634,241.85302707458686,100.0,12,1.8778838328584113,10552,24020,7.119067443796837,1710,12,93.0347172510889,1216.4166070130668,1116.4166070130668,43213,326,326,5.703235000480278,319.0352605748825,1116.4166070130668,39.23515982692099,11.018364290698301,0,1147.0415093302431,1216.4166070130668,100.0,12,1.973277976291786,24695,46840,7.743381725021349,3627,1,7.8632168448574475,107.86321684485745,7.863216844857446,1550,41,41,1.5682819609878274,7.8632168448574475,7.891302878247197,7.8632168448574475,7.8632168448574475,0,106.17161747253836,107.8913028782472,100.0,1,1.8420895914703794,823,1715,9.620991253644315,165
76,275.8524637197848,21064.787242703645,20964.787242703645,98284,325,325,5.655961392725716,5644.852881522234,20970.272210936124,13.085974936278937,-0.45140028877325733,5,19873.371008796516,21070.272210936124,93.42105263157895,71,2.0010696725618833,43108,106337,7.573093090833859,8053,999.0,0.0,2.57,0.0,0.0,0.0,0,999.0,-999.0,4,0.035,999.0,-999.0,0,12,0.1,75,256.92846035733015,19369.63452679976,19269.63452679976,96843,325,325,5.655961392725716,5644.852881522234,19269.63452679976,12.992945222159108,-0.45140028877325733,5,18274.095476051894,19369.63452679976,93.33333333333333,70,2.002195594712407,42379,104735,7.535207905666683,7892,999.0,999.0,0.0,0,0.0,999.0,exit_ts_filter_from_all_through_2026_single_run,72,77.54197514196474,5683.022210221461,5583.022210221461,82299,325,325,5.655961392725716,1339.2922618945095,5584.85689773751,10.411488882855139,-0.45140028877325733,5,5361.592668071308,5684.85689773751,93.05555555555556,67,1.938861328172264,33632,88881,7.405407229891653,6582,999.0,999.0,0.0,False,False,False,999.0,999.0,999.0,999.0,5.075,999.0,0.0,999.0,19873.371008796516,2.0,1.3,18274.095476051894,2.35,5361.592668071308,2.0,0.8,2.5,0.7,0.032,76.0,1.3,0,0.0,0.0,999.0,0.0,0.0,0.0,999.0,0.0,0.0,999.0,RETEST_SMX2V2_C08_EX20_02_N02_stop257_rr5075,gate_retest_N02_parent,3,0.0,320,999.0,0.0,999.0,0.0,999.0,0.0,12,4.780795797526349,157.3695495703162,57.369549570316195,10256,150,150,1.9196538272639452,10.96666045671111,58.29246731921967,4.439856929381492,0.4667619614367453,0,154.3485989890416,158.29246731921967,100.0,12,1.8104104100927836,3100,11167,8.157965433867647,911,12,11.278697830407266,235.34437396488718,135.34437396488718,20056,183,183,1.8229859178414132,30.573574088771522,135.48015765982697,8.146324459091772,3.268387832723647,0,231.05407916907527,235.48015765982697,100.0,12,1.9165598413737563,8925,21637,7.306927947497342,1581,12,126.80315327528704,1621.6378393034445,1521.6378393034447,40297,325,325,5.655961392725562,472.590591077612,1521.6378393034447,43.90901993886459,10.19102886421868,0,1529.918629182613,1621.6378393034445,100.0,12,2.0961320716803242,22314,43779,7.953585052193975,3482,1,8.751598867591213,108.75159886759121,8.751598867591204,1441,43,43,1.9026002459188396,8.751598867591213,8.77991622290779,8.751598867591213,8.751598867591213,0,106.68249068009575,108.77991622290779,100.0,1,1.935034433075917,729,1602,10.049937578027466,161
76,205.96808662760387,15753.574583697893,15653.574583697891,106434,326,326,5.701726234135085,3727.313398946717,15657.676588391505,12.406091330289463,-0.2715760253263966,5,14855.348888845152,15757.676588391505,93.42105263157895,71,1.9221029736549984,48704,114969,7.423740312606007,8535,999.0,0.0,2.57,0.0,0.0,0.0,4,999.0,-999.0,4,0.035,0.3,-999.0,0,12,0.1,75,193.06026699996787,14579.52002499759,14479.52002499759,104888,326,326,5.701726234135085,3727.313398946717,14479.52002499759,11.311258418746093,-0.2715760253263966,5,13748.235706921325,14579.52002499759,93.33333333333333,70,1.9228111238543173,47882,113258,7.39020643133377,8370,999.0,999.0,0.0,0,0.0,999.0,exit_ts_filter_from_all_through_2026_single_run,72,74.1592386627853,5439.465183720543,5339.465183720543,89490,326,326,5.701726234135085,965.1615467756519,5341.2212421164795,10.870244050394575,-0.2715760253263966,5,5129.321770343705,5441.2212421164795,93.05555555555556,67,1.8948991058990163,38433,96530,7.2930695120687865,7040,999.0,999.0,0.0,False,False,False,999.0,999.0,999.0,999.0,5.075,999.0,0.0,999.0,14855.348888845152,2.0,1.3,13748.235706921325,2.35,5129.321770343705,2.0,0.8,2.5,0.7,0.032,76.0,1.3,0,0.0,0.0,999.0,0.0,0.0,0.07,0.2,0.07,0.14,1.1,SMX2V4_B05_L03_block_extreme_ema50_dev,loss_context_block_extreme_ema50_dev,3,0.0,320,999.0,0.0,999.0,0.0,999.0,0.0,12,4.5755425784924855,154.90651094190983,54.906510941909836,11065,150,150,1.9771055940383753,11.5513530667709,55.66989392072639,4.207944616289346,0.45924138670913806,0,151.84384564854767,155.6698939207264,100.0,12,1.7391344360297596,3530,12034,8.052185474488947,969,12,11.785009130775636,241.42010956930764,141.42010956930764,22286,197,197,1.8269160985863175,33.46845428412303,141.61861701881767,7.651725786560746,3.320262774409045,0,237.00956672236123,241.61861701881764,100.0,12,1.8820961602880664,10521,23994,7.1184462782362266,1708,12,87.2776994618137,1147.3323935417643,1047.3323935417643,43020,326,326,5.701726234135018,293.32017763009264,1047.3323935417643,40.3415151311371,12.17097459050673,0,1081.9146414664642,1147.3323935417643,100.0,12,1.965145229544556,24522,46631,7.743775599922797,3611,1,8.052765500423533,108.05276550042353,8.052765500423531,1546,41,41,1.4873584234000092,8.052765500423533,8.080900889562393,8.052765500423533,8.052765500423533,0,106.44563359103633,108.0809008895624,100.0,1,1.8787044396169965,822,1711,9.643483343074227,165
76,189.8971098072027,14532.180345347404,14432.180345347404,106084,326,326,5.703235000480145,3487.634262688229,14435.964316513331,12.462315956019339,-0.2715760253263966,6,13703.375949558655,14535.964316513331,92.10526315789474,70,1.9158226882102294,48427,114590,7.4229862989789686,8506,999.0,0.0,2.57,0.0,0.0,0.0,9,999.0,-999.0,4,0.035,0.26,0.015,0,12,0.1,75,177.75707675715398,13431.78075678655,13331.78075678655,104542,326,326,5.703235000480145,3487.634262688229,13331.78075678655,11.302753462779691,-0.2715760253263966,6,12665.734735477741,13431.78075678655,92.0,69,1.915972289422082,47611,112883,7.389066555637252,8341,999.0,999.0,0.0,0,0.0,999.0,exit_ts_filter_from_all_through_2026_single_run,72,70.0478177348124,5143.4428769064925,5043.4428769064925,89264,326,326,5.703235000480145,855.6880160034534,5045.103368470084,10.774507420357224,-0.2715760253263966,6,4850.100242521058,5145.103368470084,91.66666666666666,66,1.8883351891442572,38270,96281,7.288042292871906,7017,999.0,999.0,0.0,False,False,False,999.0,999.0,999.0,999.0,5.075,999.0,0.0,999.0,13703.375949558655,2.0,1.3,12665.734735477741,2.35,4850.100242521058,2.0,0.8,2.5,0.7,0.032,76.0,1.3,0,0.0,0.0,999.0,0.0,0.0,0.07,0.2,0.07,0.14,1.1,SMX2V4_B05_R01_ema50_dev_band,regime_ema50_dev_band,3,0.0,320,999.0,0.0,999.0,0.0,999.0,0.0,12,4.530131591396682,154.36157909676018,54.36157909676018,11051,150,150,2.0706932009836754,11.513161329750972,55.12227663845297,4.2520401708699325,0.3369671874921494,0,151.16522437347254,155.12227663845297,100.0,12,1.7347989183475243,3514,12018,8.046263937427192,967,12,11.778597231196464,241.34316677435757,141.34316677435757,22249,197,197,1.8269160985863175,33.825625890105044,141.54161095772952,7.640058560804064,3.2300137372095463,0,236.9340296077188,241.54161095772952,100.0,12,1.884203579950738,10507,23955,7.121686495512419,1706,12,80.55533463229754,1066.6640155875705,966.6640155875705,42770,326,326,5.703235000480278,276.9650603223357,966.6640155875705,38.08804391137248,11.434876671632239,0,1005.8296601130518,1066.6640155875705,100.0,12,1.9510775202913966,24310,46360,7.74374460742019,3590,1,8.192507073232562,108.19250707323256,8.192507073232559,1542,41,41,1.4873584234000092,8.192507073232562,8.220678849071117,8.192507073232562,8.192507073232562,0,106.58329670579118,108.22067884907112,100.0,1,1.9066040351587434,816,1707,9.666080843585236,165
76,170.97637300432208,13094.204348328478,12994.204348328478,105950,326,326,5.703235000480378,3056.9515318282174,12997.613891185596,11.703327641054614,-0.2715760253263966,5,12347.411102900185,13097.613891185598,93.42105263157895,71,1.8955280327753044,48401,114432,7.412262304250559,8482,999.0,0.0,2.57,0.0,0.0,0.0,10,999.0,-999.0,4,0.035,999.0,-999.0,0,12,0.1,75,160.14893158234926,12111.169868676194,12011.169868676194,104412,326,326,5.703235000480378,3056.9515318282174,12011.169868676194,11.324234900659746,-0.2715760253263966,5,11420.44138975822,12111.169868676194,93.33333333333333,70,1.8955855713609944,47590,112729,7.3778708229470675,8317,999.0,999.0,0.0,0,0.0,999.0,exit_ts_filter_from_all_through_2026_single_run,72,65.06805211961027,4784.899752611939,4684.899752611939,89144,326,326,5.703235000480378,773.6224063728432,4686.444493335612,10.494952619128782,-0.2715760253263966,5,4512.005675183076,4786.444493335612,93.05555555555556,67,1.8706630857721818,38259,96147,7.283638595067969,7003,0.3,999.0,0.0,False,False,False,999.0,999.0,999.0,999.0,5.075,999.0,0.0,999.0,12347.411102900185,2.0,1.3,11420.44138975822,2.35,4512.005675183076,2.0,0.8,2.5,0.7,0.032,76.0,1.3,0,0.0,0.0,999.0,0.0,0.0,0.07,0.2,0.07,0.14,1.1,SMX2V4_B05_R02_range20_not_too_wide,regime_range20_not_too_wide,3,0.0,320,999.0,0.0,999.0,0.0,999.0,0.0,12,4.563345429674816,154.7601451560978,54.76014515609779,11043,150,150,1.957479944898588,11.485352876791524,55.522806840832686,3.9588254330513166,0.5710575534214399,0,151.73074635197122,155.5228068408327,100.0,12,1.7428022483925298,3519,12009,8.043967024731453,966,12,11.721717407488002,240.66060888985604,140.66060888985606,22231,197,197,1.8269160985862287,33.34904087932003,140.85849184067345,7.5191996657834395,3.1735912280088314,0,236.26394148309166,240.85849184067345,100.0,12,1.8790284428911426,10505,23936,7.123161764705882,1705,12,74.5645050271881,994.7740603262573,894.7740603262573,42711,326,326,5.7032350004804115,251.0885505290787,894.7740603262573,36.345990288180985,11.241789679234472,0,938.0397579420302,994.7740603262573,100.0,12,1.9204161367960502,24293,46286,7.723717754828674,3575,1,8.116759077046098,108.1167590770461,8.116759077046098,1538,41,41,1.4865703159625432,8.116759077046098,8.144911129193755,8.116759077046098,8.116759077046098,0,106.509527430026,108.14491112919374,100.0,1,1.892004385459844,811,1703,9.688784497944804,165
75,188.41152258111424,14230.864193583568,14130.864193583568,94327,321,321,5.608173326217436,3656.928662790262,14134.797462197064,9.798406212983508,-0.1324433096818325,4,13432.772663788786,14234.797462197064,94.66666666666667,71,2.1335656631719293,41126,101274,6.859608586606631,6947,999.0,0.0,2.57,0.0,0.0,0.0,3,999.0,-999.0,4,0.035,999.0,-999.0,0,12,0.1,74,177.43014065750504,13229.830408655373,13129.83040865537,93032,321,321,5.608173326217436,3656.928662790262,13146.045305683248,9.495376116689513,-0.1324433096818325,4,12487.878588573358,13246.045305683248,94.5945945945946,70,2.1343865767061954,40559,99843,6.821710084833188,6811,999.0,999.0,0.0,0,0.0,999.0,exit_ts_filter_from_all_through_2026_single_run,71,63.69043776063679,4622.021081005212,4522.021081005212,79412,321,321,5.608173326217436,1064.7835902146076,4523.513238533822,9.159519283992182,-0.1324433096818325,4,4362.810127608131,4623.513238533822,94.36619718309859,67,2.075366426794044,32792,85155,6.744172391521343,5743,999.0,3.2,0.0,False,False,False,999.0,999.0,999.0,999.0,5.075,999.0,0.0,999.0,13432.772663788786,2.0,1.3,12487.878588573358,2.35,4362.810127608131,2.0,0.8,2.5,0.7,0.032,76.0,1.3,0,0.0,0.0,999.0,0.0,0.0,0.07,0.2,0.07,0.14,1.1,SMX2V4_B05_L02_block_range_atr_spike,loss_context_block_range_atr_spike,3,0.0,320,999.0,0.0,999.0,0.0,999.0,0.0,12,4.241574396759918,150.89889276111901,50.89889276111901,9407,152,152,1.6933338603675296,10.427243243863103,51.367100750421656,3.526312366448437,0.7088536743607108,0,148.3436707150753,151.36710075042166,100.0,12,1.9179244709284786,2847,10138,7.210495166699546,731,12,10.460006126432956,225.52007351719547,125.52007351719547,20091,196,196,1.309753349494136,23.841899981895438,125.6964791017405,7.664486337316845,3.1103055880456765,0,222.56631680052237,225.6964791017405,100.0,12,2.0072517352761583,9092,21526,6.66635696367184,1435,12,97.78269110291926,1273.392293235031,1173.392293235031,38120,321,321,5.608173326217325,351.98522069193507,1174.9530029548914,38.893154931989685,12.16059930436559,0,1201.978246307717,1274.9530029548914,100.0,12,2.2644875284877175,20672,41069,7.180598504955076,2949,1,7.566489924718653,107.56648992471865,7.566489924718645,1295,40,40,1.3127706384149618,7.566489924718653,7.596220227315098,7.566489924718653,7.566489924718653,0,106.15438862821335,107.5962202273151,100.0,1,2.081102448983612,567,1431,9.503843466107616,136
76,159.3946816324031,12213.995804062637,12113.995804062637,89236,321,321,5.602384742697508,3207.652905228905,12113.995804062637,9.262010256797026,-0.17088477056979912,5,11529.720766662118,12213.995804062637,93.42105263157895,71,2.1416177151230733,38162,95974,7.020651426427992,6738,999.0,0.0,2.57,0.0,0.0,0.0,11,999.0,-999.0,4,0.035,999.0,-999.0,0,12,0.1,75,150.34736765410332,11376.05257405775,11276.05257405775,87987,321,321,5.602384742697508,3207.652905228905,11307.413764481898,8.986690776447404,-0.17088477056979912,5,10738.722340327491,11407.413764481898,93.33333333333333,70,2.143712618038691,37599,94589,6.9796699404793365,6602,999.0,999.0,0.0,0,0.0,999.0,exit_ts_filter_from_all_through_2026_single_run,72,53.88854936784875,3979.975554485111,3879.975554485111,74957,321,321,5.602384742697508,1032.388434986131,3881.2604362247703,7.965539685681577,-0.17088477056979912,5,3757.0020112575467,3981.2604362247707,93.05555555555556,67,2.085761683508867,30219,80469,6.849842796604904,5512,999.0,999.0,0.0,False,False,False,999.0,999.0,999.0,999.0,5.075,6.0,0.0,999.0,11529.720766662118,2.0,1.3,10738.722340327491,2.35,3757.0020112575467,2.0,0.8,2.5,0.7,0.032,76.0,1.3,0,0.0,0.0,999.0,0.0,0.0,0.07,0.2,0.07,0.14,1.1,SMX2V4_B05_R03_rsi_not_accelerating,regime_rsi_not_accelerating,3,0.0,320,999.0,0.0,999.0,0.0,999.0,0.0,12,4.1862878773494545,150.23545452819346,50.23545452819347,9013,151,151,1.6791996941380338,9.195082442197446,50.645196332582884,3.597856862995357,0.48392740423382463,0,147.71270123526915,150.64519633258288,100.0,12,1.9474155605955548,2700,9729,7.35944084695241,716,12,8.987328756668413,207.84794508002096,107.84794508002098,18939,197,197,1.6660904549813726,19.451271749310024,107.8778774589217,6.7203263176077,3.4356141733600367,0,204.38501030616783,207.8778774589217,100.0,12,1.9358177699528574,8458,20285,6.635444910032043,1346,12,101.68846330992515,1320.2615597191018,1220.2615597191018,36304,321,321,5.60238474269763,372.2680429020287,1223.9012206572434,39.32717242462208,11.77178072293006,0,1246.295427533697,1323.9012206572434,100.0,12,2.3266880630760642,19457,39249,7.503375882188081,2945,1,7.365852298500741,107.36585229850074,7.36585229850073,1249,39,39,1.2511036547448562,7.365852298500741,7.36585229850073,7.365852298500741,7.365852298500741,0,106.02259419644622,107.36585229850074,100.0,1,2.0173413659098522,563,1385,9.819494584837544,136
76,120.92053545094414,9289.960694271755,9189.960694271755,103325,326,326,5.703235000480323,2138.2854547430834,9192.379666687755,9.83328828024031,-0.22922195816883573,5,8760.132404425183,9292.379666687755,93.42105263157895,71,1.924485024548642,46537,111346,7.203671438578844,8021,999.0,0.0,2.57,0.0,0.0,0.0,2,999.0,-999.0,4,0.035,999.0,-999.0,0,12,0.1,75,113.92572677264945,8644.42950794871,8544.42950794871,101829,326,326,5.703235000480323,2138.2854547430834,8544.42950794871,9.756727535268396,-0.22922195816883573,5,8151.417378659529,8644.42950794871,93.33333333333333,70,1.9246991825952033,45774,109693,7.169099213258823,7864,999.0,999.0,0.0,0,0.0,999.0,exit_ts_filter_from_all_through_2026_single_run,72,48.497221941532274,3591.7999797903235,3491.7999797903235,87148,326,326,5.703235000480323,665.5095059612186,3492.9595442507994,9.001049899442862,-0.22922195816883573,5,3386.9511861956767,3592.9595442507994,93.05555555555556,67,1.8848131441878793,36976,93784,7.075833830930649,6636,999.0,999.0,0.0,False,False,False,999.0,999.0,0.085,0.145,5.075,999.0,0.0,999.0,8760.132404425183,2.0,1.3,8151.417378659529,2.35,3386.9511861956767,2.0,0.8,2.5,0.7,0.032,76.0,1.3,0,0.0,0.0,999.0,0.0,0.0,0.07,0.2,0.07,0.14,1.1,SMX2V4_B05_L01_block_late_ret3_ret5,loss_context_block_late_runup,3,0.0,320,999.0,0.0,999.0,0.0,999.0,0.0,12,4.245705676605596,150.94846811926715,50.94846811926714,10852,149,149,1.8649996751080922,10.630495395496013,51.77172612146816,3.2585169054614838,0.648834250812584,0,148.13327967926216,151.77172612146816,100.0,12,1.743620355323753,3387,11782,7.893396706840944,930,12,10.239001871372347,222.86802245646817,122.86802245646817,21881,197,197,1.6735556016069464,25.46916291982683,123.04770666432093,7.266664871032113,2.9253136647726734,0,219.13820218245732,223.0477066643209,100.0,12,1.8528070884712415,10297,23516,6.952713046436469,1635,12,62.624415460050194,851.4929855206024,751.4929855206024,41231,326,326,5.7032350004803,210.62524300536938,751.4929855206024,28.251428835527534,11.020141695591192,0,802.9303395437566,851.4929855206024,100.0,12,1.9965380955041225,23040,44554,7.458365129954663,3323,1,7.467597320673377,107.46759732067338,7.467597320673369,1496,38,38,1.1116128596126207,7.467597320673377,7.495580340417796,7.467597320673377,7.467597320673377,0,106.27297368894006,107.49558034041779,100.0,1,1.9114097647114787,763,1653,9.497882637628555,157
76,90.10461652182141,6947.950855658427,6847.950855658426,87611,285,285,5.229121573356588,1766.7249737573616,6849.593209424131,8.80940749001902,-1.7001604651951538,7,6584.634058558978,6949.593209424131,90.78947368421053,69,1.9290606246650388,36552,94723,7.508208143745447,7112,999.0,0.0,2.57,0.0,0.0,0.0,6,999.0,-999.0,4,0.035,999.0,-999.0,6,12,0.1,75,87.2083391928182,6640.625439461365,6540.625439461365,86351,285,285,5.229121573356588,1766.7249737573616,6540.625439461365,8.726043701340458,-1.7001604651951538,7,6293.379062000685,6640.625439461365,90.66666666666666,68,1.9345970752471398,36003,93336,7.483714751007114,6985,999.0,999.0,0.0,0,0.0,999.0,exit_ts_filter_from_all_through_2026_single_run,72,37.03450645381793,2766.484464674891,2666.484464674891,73724,285,285,5.229121573356588,478.17010192212865,2666.5287289574967,6.98193689221128,-1.7001604651951538,7,2621.8216287090177,2766.5287289574967,90.27777777777779,65,1.8941503490561395,29075,79603,7.385400047736894,5879,999.0,999.0,0.0,False,False,False,999.0,999.0,999.0,999.0,5.075,999.0,0.0,999.0,6584.634058558978,2.0,1.3,6293.379062000685,2.35,2621.8216287090177,2.0,0.8,2.5,0.7,0.032,76.0,1.3,0,0.0,0.0,999.0,0.0,0.0,0.07,0.2,0.07,0.14,1.1,SMX2V4_B05_C01_entry_cooldown_6,density_control_entry_cooldown_6,3,0.0,320,999.0,0.0,999.0,0.0,999.0,0.0,12,3.4206049641728953,141.04725957007474,41.047259570074736,8901,123,123,1.6837908699212645,9.482693484253787,41.78282232028183,3.1561420639594076,-0.5882597681713833,1,138.67231869115966,141.78282232028184,91.66666666666666,11,1.71294049449747,2423,9700,8.237113402061857,799,12,8.130471968605958,197.5656636232715,97.56566362327148,18312,182,182,1.753138084610184,21.560259400600387,98.04829872223083,7.025486600448765,2.2769212225267808,0,194.10206473217906,198.0482987222308,100.0,12,1.8188089376214667,8040,19717,7.125830501597606,1405,12,60.378391881896334,824.540702582756,724.540702582756,35377,285,285,5.229121573356599,219.36738706505764,724.540702582756,26.28137945672097,13.011036203859845,0,781.4244668228952,824.540702582756,100.0,12,2.0012249402066784,18433,38388,7.843596957382514,3011,1,4.627958902346592,104.62795890234659,4.627958902346596,1260,33,33,1.8574078158669183,4.627958902346592,4.65269081624049,4.627958902346592,4.627958902346592,0,102.68459101611238,104.6526908162405,100.0,1,1.5995591822328088,549,1387,9.156452775775053,127
76,31.35776714973015,2483.1903033794915,2383.1903033794915,73060,285,285,5.154502257264227,500.8023873065579,2383.7375386046165,6.379620525363492,-2.452489169630155,5,2355.1942031396293,2483.7375386046165,93.42105263157895,71,1.8186507637997198,27910,79039,7.564619997722644,5979,999.0,0.0,2.57,0.0,0.0,0.0,7,999.0,-999.0,4,0.035,999.0,-999.0,12,12,0.1,75,30.56825016592404,2392.6187624443032,2292.6187624443032,72006,285,285,5.154502257264227,500.8023873065579,2292.6187624443032,6.2204535397664245,-2.452489169630155,5,2269.291174326384,2392.6187624443032,93.33333333333333,70,1.8233261501915263,27504,77877,7.538811202280519,5871,999.0,999.0,0.0,0,0.0,999.0,exit_ts_filter_from_all_through_2026_single_run,72,15.775526834600392,1235.8379320912281,1135.8379320912281,61736,285,285,5.154502257264227,152.2924567804978,1135.8675926761662,5.891735320425774,-2.452489169630155,5,1172.1366379854583,1235.8675926761662,93.05555555555556,67,1.7849938049517065,22440,66669,7.39924102656407,4933,999.0,999.0,0.0,False,False,False,999.0,999.0,999.0,999.0,5.075,999.0,0.0,999.0,2355.1942031396293,2.0,1.3,2269.291174326384,2.35,1172.1366379854583,2.0,0.8,2.5,0.7,0.032,76.0,1.3,0,0.0,0.0,999.0,0.0,0.0,0.07,0.2,0.07,0.14,1.1,SMX2V4_B05_C02_entry_cooldown_12,density_control_entry_cooldown_12,3,0.0,320,999.0,0.0,999.0,0.0,999.0,0.0,12,2.428080982397404,129.13697178876885,29.13697178876884,7431,122,122,1.7896325639994326,6.172487114098374,29.694223749684955,2.4484312459085444,-1.0122972554704575,1,126.82589448947427,129.69422374968497,91.66666666666666,11,1.6066623445487174,1829,8116,8.440118284869394,685,12,5.188483760746863,162.26180512896235,62.26180512896236,15264,181,181,1.3468128036085658,14.838689555449719,62.81269116199368,3.690279773438583,2.0900062628838754,0,160.0764423621191,162.81269116199368,100.0,12,1.6877095323434228,6227,16409,6.977877993783899,1145,12,30.942582254995855,471.31098705995026,371.3109870599503,29138,285,285,5.154502257264326,98.65076341803149,371.3109870599503,16.773061455444086,3.9470205544768646,0,447.0172515932104,471.31098705995026,100.0,12,1.858197162856088,13854,31648,7.930990899898887,2510,1,3.7854564361376646,103.78545643613766,3.7854564361376575,1054,29,29,1.411827331312121,3.7854564361376646,3.808328246461734,3.7854564361376646,3.7854564361376646,0,102.32018499624523,103.80832824646174,100.0,1,1.551153558910769,406,1162,9.294320137693632,108
76,17.07068808168314,1397.3722942079187,1297.3722942079187,63496,285,285,5.170976426689156,250.27312798577975,1297.6802413438927,4.74090715782765,-2.5715906729806193,7,1325.1145022813419,1397.6802413438927,90.78947368421053,69,1.7704254186584565,23088,68789,7.694544185843667,5293,999.0,0.0,2.57,0.0,0.0,0.0,8,999.0,-999.0,4,0.035,999.0,-999.0,0,12,0.1,75,16.673286586848167,1350.4964940136126,1250.4964940136126,62579,285,285,5.170976426689156,250.27312798577975,1250.4964940136126,4.726566665805251,-2.5715906729806193,7,1280.6626386649052,1350.4964940136126,90.66666666666666,68,1.7733896941975618,22767,67775,7.6665437108078205,5196,999.0,999.0,0.0,24,0.0,999.0,exit_ts_filter_from_all_through_2026_single_run,72,9.556807237216178,788.0901210795648,688.0901210795648,53903,285,285,5.170976426689156,71.07231138261682,688.1986648427609,4.171320639059715,-2.5715906729806193,7,747.3381666974745,788.1986648427609,90.27777777777779,65,1.7330933227272076,18824,58283,7.515055848189009,4380,999.0,999.0,0.0,False,False,False,999.0,999.0,999.0,999.0,5.075,999.0,0.0,999.0,1325.1145022813419,2.0,1.3,1280.6626386649052,2.35,747.3381666974745,2.0,0.8,2.5,0.7,0.032,76.0,1.3,0,0.0,0.0,999.0,0.0,0.0,0.07,0.2,0.07,0.14,1.1,SMX2V4_B05_C03_loss_cooldown_24,density_control_loss_cooldown_24,3,0.0,320,999.0,0.0,999.0,0.0,999.0,0.0,12,2.1221375982568773,125.46565117908253,25.465651179082528,6461,123,123,1.8269361802643491,5.304207218226608,25.996980452493812,2.312984442592281,-1.2229851321851584,2,123.1734738038876,125.9969804524938,83.33333333333334,10,1.5997482965674,1526,7080,8.742937853107344,619,12,4.249274065487775,150.9912887858533,50.99128878585331,13297,180,180,1.2039662133654372,13.139114366176074,51.31614693298061,3.193973185619626,1.8388934518774391,0,149.1734046837466,151.31614693298062,100.0,12,1.6646041947395578,5275,14318,7.130884201704149,1021,12,19.91903199375842,339.028383925101,239.02838392510102,25033,285,285,5.170976426689078,62.82851862038598,239.02838392510102,11.59285646077489,0.2843527404183419,0,321.4973061125491,339.028383925101,100.0,12,1.7896472366767127,11194,27232,8.07505875440658,2199,1,3.471004952777676,103.47100495277768,3.4710049527776787,917,24,24,1.7156348620906425,3.471004952777676,3.4938074655823215,3.471004952777676,3.471004952777676,0,101.6958203196523,103.49380746558232,100.0,1,1.5960854526667427,321,1014,9.566074950690336,97
75,13.980179344558643,1148.5134508418982,1048.5134508418982,36305,290,290,1.6926737682795512,219.11010088225373,1048.81250725865,2.6490516452405757,-0.3254212652732349,8,1129.0728649343353,1148.81250725865,89.33333333333333,67,2.438797526120936,9406,39115,7.183944778218075,2810,999.0,0.0,2.57,1.02,1.0,1.0,12,999.0,-999.0,4,0.035,999.0,-999.0,0,12,0.1,74,13.299311778781602,1084.1490716298385,984.1490716298387,35765,290,290,1.6926737682795512,219.11010088225373,984.1490716298387,2.59184043701498,-0.3254212652732349,8,1065.7979646853141,1084.1490716298385,89.1891891891892,66,2.425832522768882,9317,38513,7.135253031443928,2748,999.0,999.0,0.0,0,0.0,999.0,exit_ts_filter_from_all_through_2026_single_run,71,7.347413214785336,621.6663382497588,521.6663382497588,30146,290,290,1.4416182209749162,75.86900513991208,521.6713116202518,2.514944934640681,-0.3254212652732349,8,612.7042830438828,621.6713116202518,88.73239436619718,63,2.3712106266807,7465,32423,7.022792462141073,2277,999.0,999.0,0.0,False,False,False,999.0,999.0,999.0,999.0,5.075,999.0,0.0,999.0,1129.0728649343353,2.0,1.3,1065.7979646853141,2.35,612.7042830438828,2.0,0.8,2.5,0.7,0.032,76.0,1.3,0,0.0,0.0,999.0,0.0,0.0,0.07,0.2,0.07,0.14,1.1,SMX2V4_B05_S01_balanced_components,score_balance_components,3,0.0,320,999.0,0.0,999.0,0.0,999.0,0.0,12,2.11571690528165,125.3886028633798,25.388602863379806,3905,80,80,0.8266538375927612,4.057106309654671,25.569774779617948,1.9446778106932925,0.8354333507994056,0,124.35207316590574,125.56977477961794,100.0,12,2.2973476134609294,665,4202,7.068062827225131,297,12,3.387427582284978,140.64913098741974,40.64913098741974,7316,83,83,1.0198900738980998,8.056892005193731,40.729785292817525,2.783580360160876,1.0605764005937317,0,139.2146644614551,140.72978529281752,100.0,12,2.085606980297798,1941,7837,6.647952022457574,521,12,23.98900892942135,387.8681071530562,287.8681071530562,15366,290,290,1.6926737682795734,78.38942292276454,287.8681071530562,15.946365109125793,5.026296085761345,0,381.3027654477539,387.8681071530562,100.0,12,2.6462406931774174,5172,16676,7.855600863516431,1310,1,5.936856922756775,105.93685692275677,5.936856922756784,540,18,18,0.31746891502343333,5.936856922756775,5.964441359673933,5.936856922756775,5.936856922756775,0,105.60054033247417,105.96444135967393,100.0,1,3.3014959793557503,89,602,10.299003322259136,62
