avg_linear_exact_pnl_pct,gross_loss_pct,gross_profit_pct,sum_linear_exact_pnl_pct,symbol_file,symbol_i,trades,win_rate_pct,wins
0.3026142285387867,541.9622591194448,997.3966730703187,455.43441395087405,TRB_5m.csv,521,1505,6.179401993355482,93
0.4147589287387477,381.6757252900875,777.7705022355913,396.09477694550407,SXP_5m.csv,498,955,7.853403141361256,75
0.5632171477298238,213.91522758875894,592.9603680109302,379.0451404221714,ARC_5m.csv,61,673,5.49777117384844,37
0.42589711784051215,330.8961758885827,697.1676972314232,366.27152134284046,ZRX_5m.csv,595,860,8.255813953488373,71
0.3683967728632149,367.2313678825908,722.7342536955932,355.5028858130024,ALPHA_5m.csv,49,965,6.113989637305699,59
0.3263564924868093,458.439435399662,804.7036739281665,346.2642385285047,PEOPLE_5m.csv,392,1061,7.163053722902922,76
0.3268010783479554,260.11238678901856,605.8679276811554,345.7555408921368,NEAR_5m.csv,354,1058,5.482041587901701,58
0.3754571361022212,361.9727472936109,696.8805126967922,334.9077654031813,QTUM_5m.csv,420,892,8.295964125560538,74
0.4490591033478146,363.8201960808731,690.2861642147341,326.4659681338612,MTL_5m.csv,349,727,9.766162310866575,71
0.36268783951204914,221.35902002078336,544.151197186507,322.79217716572373,ONE_5m.csv,378,890,5.955056179775281,53
0.44518277975462694,374.8119905699821,693.1176780945402,318.30568752455827,ARPA_5m.csv,65,715,10.48951048951049,75
0.4462999893267956,259.1146991420705,571.9709916601541,312.8562925180837,ONT_5m.csv,380,701,9.12981455064194,64
0.32119924323965593,477.66762677154276,779.5949154168193,301.9272886452766,UNFI_5m.csv,537,940,7.234042553191489,68
0.37839366172838157,331.04435112315605,632.6240995206762,301.5797483975201,GTC_5m.csv,239,797,8.281053952321205,66
0.5293264562026601,149.12493422192296,447.13572906402055,298.0107948420976,ARKM_5m.csv,64,563,8.170515097690942,46
0.24038097317151177,553.0516169941236,848.7202139950831,295.6685970009595,SKL_5m.csv,463,1230,7.398373983739838,91
0.4572256502565023,272.65587207028585,568.0236421359864,295.3677700657005,STMX_5m.csv,485,646,8.513931888544892,55
0.4392352980052586,208.64459473787363,502.0537738053864,293.40917906751275,XTZ_5m.csv,576,668,7.934131736526946,53
0.4503855038798423,210.4770730957141,496.471868059414,285.99479496369986,MKR_5m.csv,340,635,9.448818897637794,60
0.3580160739925486,297.40164279847863,583.0984698445324,285.6968270460538,REEF_5m.csv,429,798,7.518796992481203,60
0.4087994654374713,252.68058066431945,536.3874096779246,283.7068290136051,DENT_5m.csv,170,694,8.069164265129682,56
0.34724106438049956,318.120723203539,600.4277085448851,282.30698534134615,NKN_5m.csv,361,813,7.7490774907749085,63
0.2629608387855644,389.32226555824917,661.4867337013083,272.1644681430592,FLM_5m.csv,213,1035,5.990338164251208,62
0.3146883649452863,310.75397924033405,582.3300381881162,271.5760589477821,LINA_5m.csv,304,863,6.836616454229433,59
0.31636607435958364,352.73696132921634,620.0662941630644,267.3293328338482,CHZ_5m.csv,142,845,8.165680473372781,69
0.19711227795339223,367.7094023143897,632.6283038837487,264.91890156935915,CRV_5m.csv,155,1344,4.389880952380952,59
0.24502269322388434,496.04703451502485,758.4663389578051,262.4193044427801,LRC_5m.csv,313,1071,6.629318394024277,71
0.2231345112671132,418.7694579309391,670.0189176177083,251.24945968676946,RLC_5m.csv,437,1126,6.30550621669627,71
0.301992555984287,326.36429593761477,573.99819184473,247.63389590711532,LIT_5m.csv,308,820,6.829268292682928,56
0.5511434086852608,184.11518956956587,427.720576208451,243.60538663888525,EDU_5m.csv,187,442,9.95475113122172,44
0.21456028942245758,506.0986327090196,749.4100009140866,243.3113682050669,BEL_5m.csv,101,1134,7.142857142857142,81
0.3093301517898317,437.55297379969363,678.5211620439724,240.9681882442789,API3_5m.csv,56,779,9.75609756097561,76
0.24083258527540907,450.46257588165076,689.3685004748565,238.9059245932058,STORJ_5m.csv,487,992,6.653225806451612,66
0.39480542527204604,168.62182761727547,407.0843044815913,238.46247686431582,FARTCOIN_5m.csv,205,604,4.635761589403973,28
0.3044076184210053,203.64485143729303,441.69160904251913,238.0467576052261,KAVA_5m.csv,287,782,6.521739130434782,51
0.2669861652005791,330.3689538135228,567.7196546768375,237.35070086331484,1000RATS_5m.csv,9,889,5.62429696287964,50
0.2719512067650955,215.48641002758424,451.268106292922,235.78169626533779,THETA_5m.csv,512,867,6.228373702422145,54
0.5480417466490645,287.8504619874359,523.5084130465335,235.65795105909774,VINE_5m.csv,552,430,7.906976744186046,34
0.5321373808552446,112.28879018487189,347.4935125228899,235.20472233801814,JTO_5m.csv,282,442,7.918552036199094,35
0.1859806463260393,357.14476078263226,590.5504719218115,233.40571113917935,FTM_5m.csv,221,1255,4.302788844621515,54
0.3412502163494369,173.96241981143962,405.33006649635774,231.3676466849182,EGLD_5m.csv,188,678,6.637168141592921,45
0.5021212457254389,234.87667411938935,463.34184092446395,228.4651668050747,USTC_5m.csv,541,455,10.989010989010989,50
0.47284114899682494,158.60589238666077,386.9881673521272,228.38227496546645,LQTY_5m.csv,312,483,7.867494824016563,38
0.3288354637848953,349.6787551372625,576.5752251488402,226.89647001157778,HOT_5m.csv,256,690,9.710144927536232,67
0.23728548737977886,513.8564696860225,740.2268246463315,226.37035496030904,DOGE_5m.csv,177,954,8.176100628930817,78
0.5476301580039806,212.28785637925276,438.4591116348968,226.17125525564398,DAR_5m.csv,164,413,10.653753026634384,44
0.2538314147359485,353.13601831172684,577.7768203530412,224.6408020413144,OMG_5m.csv,374,885,7.118644067796611,63
0.24561817861241467,257.10693629059847,479.39138793483374,222.28445164423528,GRT_5m.csv,238,905,5.524861878453039,50
0.2827168841089721,287.20774911177944,509.4232200214315,222.21547090965208,ZIL_5m.csv,588,786,6.615776081424936,52
0.7053415492142957,162.4710634563577,383.9483099096465,221.47724645328884,SQD_5m.csv,479,314,8.9171974522293,28
0.23156264581226704,337.0394892425745,557.4871280558526,220.44763881327822,BAND_5m.csv,91,952,6.4075630252100835,61
0.38244309258329007,350.33980212779187,569.8621372706003,219.5223351428085,LUNA2_5m.csv,317,574,11.846689895470384,68
1.2743258219711067,83.51942812329449,300.1548178583825,216.63538973508813,4_5m.csv,19,170,8.235294117647058,14
0.260971049312115,392.66971306690385,608.4927708480229,215.82305778111913,MASK_5m.csv,323,827,7.376058041112454,61
0.3527877654733154,225.85675837826614,441.0572953169886,215.2005369387224,HBAR_5m.csv,244,610,7.377049180327869,45
0.31215951752103877,242.88633730590257,457.9642448778983,215.0779075719957,JASMY_5m.csv,277,689,8.272859216255442,57
0.3754971715314941,214.7320452567703,429.51642737278485,214.78438211601463,TOKEN_5m.csv,516,572,7.517482517482517,43
0.38454061565812303,262.7553469183042,477.3290104555368,214.57366353723265,NEIROETH_5m.csv,356,558,6.451612903225806,36
0.277703305457481,276.2638843892481,489.5400229805934,213.27613859134541,ENS_5m.csv,192,768,7.421875,57
0.2640497637912657,384.27918211052577,595.5189931435382,211.23981103301256,LPT_5m.csv,311,800,8.125,65
0.5862956905424005,165.08908685052512,375.56923975524677,210.48015290472176,PERP_5m.csv,393,359,10.027855153203342,36
0.299728462817985,230.1567756987065,439.966699671296,209.8099239725895,IOTA_5m.csv,273,700,6.714285714285714,47
0.21301092027054513,349.2471171871107,557.7848081319742,208.5376909448637,CHR_5m.csv,141,979,5.617977528089887,55
0.1772657426460832,355.2962102439354,560.5699402280997,205.27372998416433,RSR_5m.csv,442,1158,4.490500863557859,52
0.5550124182218041,144.53438941363297,348.22394690103505,203.6895574874021,ACE_5m.csv,23,367,8.71934604904632,32
0.4278732555550701,153.60186003410743,356.84165642276577,203.2397963886583,AIXBT_5m.csv,40,475,6.526315789473684,31
0.23208670535806764,287.2965428275023,488.0515429622308,200.7550001347285,COTI_5m.csv,152,865,5.895953757225433,51
0.253859949348488,189.85833183441838,389.39225202232996,199.53392018791158,ATOM_5m.csv,72,786,4.8346055979643765,38
0.3520290554080035,228.52621656724972,427.7746619281796,199.24844536093,1000SATS_5m.csv,10,566,6.713780918727916,38
0.4126037385168003,185.8978439174866,384.3602421440675,198.46239822658094,MEME_5m.csv,330,481,7.900207900207901,38
0.24505296487159522,234.13021527997174,432.13301089622064,198.00279561624893,VET_5m.csv,548,808,4.9504950495049505,40
0.337924800675823,190.1035562264703,387.1137150204751,197.01015879400478,INJ_5m.csv,270,583,7.375643224699828,43
1.1435125993779005,61.59335659089272,257.1340110845137,195.540654493621,RED_5m.csv,428,171,14.619883040935672,25
0.34278509225230364,202.445747294383,397.14767969369143,194.70193239930848,C98_5m.csv,128,568,8.626760563380282,49
0.23667008549882676,303.4119234152615,497.48139352429945,194.06947010903795,REN_5m.csv,431,820,5.731707317073171,47
0.286576785480671,243.77082791578647,436.637004544278,192.8661766284916,SFP_5m.csv,458,673,6.389301634472511,43
0.45804242852994104,180.904613172851,372.3663482983663,191.46173512551536,CYBER_5m.csv,161,418,8.61244019138756,36
0.2359208532578195,295.85140927497974,486.7113795605557,190.85997028557597,ENJ_5m.csv,191,809,6.056860321384425,49
0.29926118666142587,199.26809721826623,389.8974731215945,190.62937590332828,SSV_5m.csv,480,637,6.907378335949764,44
0.4208180977030014,181.05383255615283,371.26361271790944,190.2097801617566,LISTA_5m.csv,307,452,8.185840707964601,37
0.39453989164821135,117.60357071131818,306.98271870245964,189.37914799114145,VIRTUAL_5m.csv,553,480,5.833333333333333,28
0.24000146787866525,206.5049656994131,394.9061179841653,188.40115228475221,OCEAN_5m.csv,369,785,4.968152866242039,39
0.4399326303809368,147.71204197976317,332.04381410937566,184.33177212961252,HOOK_5m.csv,255,419,8.1145584725537,34
0.22169847920746172,268.1874446385425,452.4188808599432,184.23143622140068,AR_5m.csv,59,831,5.535499398315283,46
0.4199751518570819,194.59999994475578,378.54911645815764,183.94911651340186,HIGH_5m.csv,249,438,8.904109589041095,39
0.6833313702330809,114.12665587008232,297.25946309254795,183.1328072224657,DODOX_5m.csv,176,268,11.940298507462686,32
0.3147380172937285,215.7665051392538,397.99981715232263,182.23331201306883,BIGTIME_5m.csv,105,579,6.90846286701209,40
0.2639772655757492,226.50101497579942,408.11737369191485,181.61635871611543,NEO_5m.csv,357,688,6.976744186046512,48
0.28195021198260733,151.45431382545726,331.33854907036067,179.88423524490346,SPX_5m.csv,478,638,4.858934169278997,31
0.2789373141604086,302.3221130609545,481.39986875193676,179.07775569098234,CTSI_5m.csv,157,642,7.78816199376947,50
0.285118611946233,237.7754120299428,415.97454449633847,178.19913246639564,MYRO_5m.csv,351,625,5.4399999999999995,34
0.271687329530421,230.9117942487909,408.5953077616861,177.68351351289533,IMX_5m.csv,267,654,7.492354740061162,49
0.38375665389211505,238.14588090723532,414.6739416976082,176.52806079037293,HIFI_5m.csv,248,460,6.739130434782608,31
0.3540060730922963,176.92681491425697,352.86783324112815,175.94101832687127,SWARMS_5m.csv,496,497,5.030181086519115,25
0.23159564043635028,284.9691068374414,458.6658371647041,173.6967303272627,YFI_5m.csv,581,750,6.666666666666667,50
0.37660186602156165,256.94724561068665,429.4309002485618,172.48365463787525,MYX_5m.csv,352,458,6.550218340611353,30
0.35343454689327075,184.72915337601881,356.49834316614835,171.7691897901296,MAV_5m.csv,324,486,6.790123456790123,33
0.818430688064549,78.17248180604312,249.22449561153377,171.05201380549073,VELVET_5m.csv,547,209,7.655502392344498,16
0.3718145286694219,95.6315451520042,265.17897022526057,169.5474250732564,BAL_5m.csv,87,456,6.140350877192982,28
0.44325767932454574,155.3105895988914,324.19176542154327,168.88117582265193,ALT_5m.csv,51,381,7.874015748031496,30
0.24633983481375693,263.8966564848361,432.39310349744585,168.49644701260974,GMT_5m.csv,232,684,6.140350877192982,42
0.3189047463637341,216.35062476600157,384.7323308460531,168.3817060800516,CFX_5m.csv,137,528,7.196969696969697,38
0.778733398706054,72.8749300552953,241.0813441758029,168.20641412050765,B3_5m.csv,82,216,10.648148148148149,23
0.6441156357717165,114.20261828164848,280.3844523107512,166.18183402910284,SKYAI_5m.csv,465,258,7.751937984496124,20
0.2086040810971095,294.6842848612964,459.69011300911,165.00582814781362,KNC_5m.csv,295,791,6.1946902654867255,49
0.4397033691745936,84.99874431201846,246.80958416826886,161.81083985625042,NFP_5m.csv,359,368,7.065217391304348,26
0.8189713120117528,223.97243874083318,385.3097872071485,161.3373484663153,PUMPBTC_5m.csv,415,197,12.690355329949238,25
0.3200305228910954,127.70863257084683,288.6839855850678,160.97535301422099,POPCAT_5m.csv,405,503,5.566600397614314,28
0.2567179546935405,259.1015247479706,417.23978483919154,158.13826009122093,WLD_5m.csv,563,616,6.493506493506493,40
0.20317538651153347,218.6825887397303,375.94033789965715,157.2577491599269,ALGO_5m.csv,44,774,4.909560723514212,38
0.16141063621310175,285.36529410631556,438.0597559639098,152.69446185759426,AVAX_5m.csv,76,946,4.7568710359408035,45
0.2799361966999753,185.92534985332946,338.490577054816,152.56522720148655,PHB_5m.csv,395,545,6.422018348623854,35
0.40201186809020806,69.90986293354149,222.27236093973025,152.36249800618884,GRASS_5m.csv,236,379,6.068601583113456,23
0.1894634935908803,308.86266645942186,461.19131530648957,152.32864884706777,FIL_5m.csv,210,804,6.7164179104477615,54
0.17446706929434558,304.4263896208953,456.56167404556464,152.13528442466935,GALA_5m.csv,226,872,5.848623853211009,51
0.29569966530454245,235.8572155126447,387.5511438138749,151.69392830123027,1000XEC_5m.csv,14,513,9.35672514619883,48
0.5240746417066819,72.47595842150955,223.9335298747406,151.45757145323108,PONKE_5m.csv,404,289,7.26643598615917,21
0.5795182697847651,135.85184180197948,287.1061102158032,151.2542684138237,PROMPT_5m.csv,410,261,10.727969348659004,28
0.5615941305419377,146.81821764560402,296.7638505003013,149.94563285469738,BANANAS31_5m.csv,90,267,6.367041198501873,17
0.2740474044252911,200.6091408785249,349.4168814814579,148.80774060293305,CHILLGUY_5m.csv,140,543,4.41988950276243,24
0.7449547850199225,87.96043250907412,236.20643472803866,148.24600221896458,NIL_5m.csv,360,199,9.045226130653267,18
0.7998552026562943,108.00745835326231,255.98067084467678,147.97321249141444,DMC_5m.csv,175,185,10.81081081081081,20
0.2778550302812411,267.6478266548644,415.4667027644846,147.81887610962025,MOODENG_5m.csv,345,532,6.015037593984962,32
0.15394113373364054,465.6370734079986,613.1126795248261,147.47560611682763,OGN_5m.csv,371,958,6.05427974947808,58
0.311941140567177,166.11684252014675,313.0411197272871,146.92427720714036,CELO_5m.csv,134,471,7.218683651804671,34
0.6300593161094951,100.80957668326936,247.61339733678167,146.80382065351236,TUT_5m.csv,532,233,6.866952789699571,16
0.23262993668391696,233.50361942640794,380.0604795372755,146.5568601108677,XLM_5m.csv,570,630,5.873015873015873,37
0.730336204799487,97.25531395839604,242.59221871349396,145.33690475509792,EVAA_5m.csv,203,199,7.035175879396985,14
0.22986881303642454,252.71254794075105,397.3000313406621,144.58748339991104,IOTX_5m.csv,274,629,7.3131955484896665,46
0.7913966111629579,187.62029096465295,331.6544741963113,144.03418323165835,ALPACA_5m.csv,48,182,8.791208791208792,16
0.1424965506460976,482.0737642931844,625.7102873444506,143.63652305126638,WAVES_5m.csv,559,1008,7.242063492063493,73
0.6657280859545563,89.5155378707868,231.98134826506183,142.46581039427505,FORM_5m.csv,219,214,10.74766355140187,23
0.37040617002365317,192.7655844087072,335.00155369779,142.23596928908282,NMR_5m.csv,362,384,9.114583333333332,35
0.7554230579520763,85.5411771338349,227.56071202882518,142.01953489499036,SKATE_5m.csv,462,188,7.9787234042553195,15
0.27908082896904035,180.98492040301008,322.1998198613444,141.21489945833443,TRU_5m.csv,524,506,6.521739130434782,33
0.26993971973094133,210.31291227198068,351.491385691263,141.1784734192823,ALCH_5m.csv,43,523,5.544933078393881,29
0.21401819238493788,257.08153996829986,398.11952874997394,141.03798878167407,ICX_5m.csv,262,659,6.373292867981791,42
0.621050445872039,137.62107870754056,278.5995299204934,140.97845121295285,SAPIEN_5m.csv,452,227,9.251101321585903,21
0.28115904114502527,158.73303868565074,299.3125592581634,140.57952057251262,BB_5m.csv,96,500,7.3999999999999995,37
0.47746145187491296,64.26543567235618,204.63910252358056,140.3736668512244,JUP_5m.csv,283,294,6.122448979591836,18
0.2546715168192743,153.35285569427003,292.4035038775937,139.05064818332377,1000000MOG_5m.csv,2,546,5.4945054945054945,30
0.7160597804232921,83.76554819253734,221.2490260338094,137.48347784127208,F_5m.csv,204,192,9.375,18
0.9935333604747263,46.68732951287983,183.79493325839204,137.10760374551222,C_5m.csv,129,138,13.043478260869565,18
0.2992018388312074,119.54384067222371,256.57828285691664,137.03444218469298,BEAMX_5m.csv,99,458,5.676855895196507,26
0.40407834418371796,183.70115244310801,319.4714760888372,135.77032364572923,GAS_5m.csv,227,336,9.523809523809524,32
0.28636162155060424,311.8617168117272,447.59712542671355,135.7354086149864,JELLYJELLY_5m.csv,279,474,5.485232067510549,26
0.39469959803877536,147.8285865692357,282.42114950045817,134.5925629312224,IP_5m.csv,275,341,7.624633431085044,26
0.2512905637517952,278.4390348362405,411.87432418844384,133.43528935220326,1000LUNC_5m.csv,7,531,8.662900188323917,46
0.4643134245827839,113.50769321600563,245.37270579751623,131.86501258151063,OMNI_5m.csv,375,284,8.80281690140845,25
0.5232089740072927,85.57582463607838,216.90127711190888,131.32545247583047,ASTR_5m.csv,68,251,9.56175298804781,24
0.8692412253267805,94.87243852643357,224.38938110012387,129.5169425736903,CROSS_5m.csv,154,149,10.06711409395973,15
0.10805247861682737,367.9553579995812,497.0780699466899,129.1227119471087,SNX_5m.csv,469,1195,4.602510460251046,55
0.17402359988277208,283.67089906162636,411.0561741758154,127.38527511418917,BAT_5m.csv,95,732,6.693989071038252,49
0.11413717488570473,393.9117040994498,520.9463797472392,127.03467564778936,ZEN_5m.csv,585,1113,4.761904761904762,53
0.255791746541786,158.6535941786097,285.52630046333553,126.87270628472587,GOAT_5m.csv,234,496,5.040322580645161,25
0.755526574552191,100.72876450053816,226.90170245075402,126.1729379502159,PLAY_5m.csv,399,167,10.179640718562874,17
0.8727512626263896,61.75787757727609,187.43405939547614,125.67618181820009,SOMI_5m.csv,472,144,9.722222222222223,14
0.7017256383802577,82.6309535556355,208.23984282570163,125.60888927006613,ARIA_5m.csv,62,179,9.497206703910614,17
0.17574020308770572,349.12684338503834,473.7266473742217,124.59980398918334,RVN_5m.csv,444,709,7.898448519040903,56
0.446535938831015,140.35713022415644,264.94065715800957,124.58352693385318,MOVR_5m.csv,348,279,8.24372759856631,23
0.13645158623975984,383.7764898428243,507.81098173476596,124.0344918919417,ALICE_5m.csv,45,909,5.2805280528052805,48
0.691886015783334,128.91008123280017,252.75767805801695,123.84759682521678,TAC_5m.csv,505,179,10.05586592178771,18
0.13671420151576877,270.7961550136432,394.38579318389816,123.58963817025497,ZEC_5m.csv,584,904,4.756637168141593,43
0.280654495772543,211.73188069497155,334.9392043391178,123.20732364414636,LEVER_5m.csv,302,439,6.605922551252847,29
0.21568602254027316,347.07225133950527,469.1505400972999,122.07828875779461,SPELL_5m.csv,476,566,12.36749116607774,70
0.49935639317059377,93.88545815742553,215.72841809105037,121.84295993362488,DOGS_5m.csv,178,244,9.426229508196721,23
0.2044339666195715,170.35377660407613,292.1964207093407,121.84264410526461,DOT_5m.csv,181,596,5.369127516778524,32
0.15151406438253717,341.6265068733422,463.2923005725196,121.66579369917736,XRP_5m.csv,575,803,7.721046077210461,62
0.670830327648584,82.6389296161951,204.05921892058876,121.4202893043937,BMT_5m.csv,111,181,12.154696132596685,22
0.32911814603705813,133.35595840888678,254.47143615052417,121.11547774163739,AGLD_5m.csv,32,368,5.978260869565218,22
0.2398021063482916,130.94968434992285,251.5701438431135,120.62045949319068,SUI_5m.csv,492,503,6.560636182902585,33
0.17916208035922368,259.25716041819544,379.833240499953,120.57608008175754,1INCH_5m.csv,15,673,6.389301634472511,43
0.646926635262649,101.63221149179195,220.66671238011935,119.03450088832741,YALA_5m.csv,579,184,7.608695652173914,14
0.10486945504126813,505.0847764311915,623.9018689929483,118.8170925617568,BLZ_5m.csv,110,1133,5.119152691968226,58
0.1950948479440021,200.0472159516063,318.85997834950354,118.81276239789727,TURBO_5m.csv,530,609,4.761904761904762,29
0.501464378572814,95.23249257061141,213.57808591379546,118.3455933431841,1MBABYDOGE_5m.csv,16,236,7.203389830508475,17
0.4412403091675696,138.7087449377897,256.9611477946984,118.25240285690866,USUAL_5m.csv,542,268,9.328358208955224,25
0.6522008040803504,97.25328059225191,215.30162613079528,118.04834553854343,BULLA_5m.csv,127,181,7.734806629834254,14
0.5702262665084666,79.75603023100594,197.7928673982585,118.03683716725259,VANA_5m.csv,544,207,9.178743961352657,19
0.5591243324451409,82.60738380047877,200.58261794640347,117.97523414592473,SOLV_5m.csv,471,211,8.530805687203792,18
1.071645498810513,58.305691336482575,176.186696205639,117.88100486915644,COS_5m.csv,151,110,15.454545454545453,17
0.2822596693284049,113.33754643254782,230.4753092038358,117.13776277128804,EIGEN_5m.csv,189,415,6.024096385542169,25
0.30090180876412675,134.55466479917396,250.70276298212687,116.14809818295294,PORTAL_5m.csv,407,386,6.217616580310881,24
0.5113390405540953,116.75889374168331,232.83285594746286,116.07396220577962,BAS_5m.csv,94,227,7.048458149779736,16
0.2871354694486631,147.50971443299912,262.3639022124644,114.85418777946524,DYM_5m.csv,185,400,6.25,25
1.7118264823415796,17.18031957937072,131.87269389625652,114.69237431688583,SIGN_5m.csv,460,67,16.417910447761194,11
0.27142207590782846,134.31651460564842,248.85663063875205,114.5401160331036,AI_5m.csv,35,422,5.687203791469194,24
0.4220320883993922,73.70304939958672,188.07374535582198,114.3706959562353,MORPHO_5m.csv,346,271,6.642066420664207,18
0.21963603288455635,144.8242690491441,259.0350061491134,114.21073709996931,ETHFI_5m.csv,200,520,5.5769230769230775,29
0.2919904716638759,165.9703457143329,280.1386201349084,114.16827442057547,XEM_5m.csv,569,391,9.207161125319693,36
0.32092866020859784,105.074759730295,219.0044341043472,113.92967437405224,IO_5m.csv,271,355,6.197183098591549,22
0.4137763098341017,128.26405390647938,242.05253911085734,113.78848520437796,TRUTH_5m.csv,527,275,4.7272727272727275,13
0.5739475569157133,64.71884316416819,176.6386167627323,111.91977359856409,KDA_5m.csv,288,195,7.6923076923076925,15
0.5877905300538663,77.04937007366195,188.7295707838965,111.68020071023459,LUMIA_5m.csv,316,190,7.368421052631578,14
0.3049857404483227,173.8116568219023,285.13145208554005,111.31979526363779,KOMA_5m.csv,296,365,5.7534246575342465,21
0.17299518051854834,210.60312488093092,320.8010548712462,110.19792999031529,DUSK_5m.csv,183,637,5.337519623233909,34
0.3195707490552025,120.80082805217214,229.1353119818858,108.33448392971364,DOLO_5m.csv,179,339,6.784660766961652,23
0.12383304945115284,269.48486754942803,377.0957875224798,107.61091997305182,COMP_5m.csv,149,869,5.063291139240507,44
0.24260380804470225,120.59191534587113,227.58019469358484,106.98827934771369,SAGA_5m.csv,448,441,5.215419501133787,23
0.1423668029763851,243.6704748685629,350.44557710085166,106.77510223228882,1000BONK_5m.csv,3,750,4.0,30
0.5726290979714418,117.48006415830659,223.98907638099473,106.50901222268817,IN_5m.csv,268,186,8.60215053763441,16
1.062407618641485,65.30698711051289,171.54774897466135,106.24076186414851,FOLKS_5m.csv,218,100,9.0,9
0.3402274644778111,162.7274273087554,267.85771383239904,105.13028652364363,BANANA_5m.csv,89,309,10.355987055016183,32
0.3560399813792028,88.02470966638992,193.05650417325478,105.03179450686483,DGB_5m.csv,173,295,6.779661016949152,20
0.13323682172569087,313.9891947735032,418.8465734716219,104.85737869811871,1000PEPE_5m.csv,8,787,5.844980940279543,46
0.3109964592736026,149.1541568380303,253.0269742354136,103.87281739738327,ACT_5m.csv,25,334,6.88622754491018,23
0.19382699110073484,134.73785085096964,238.241464098762,103.5036132477924,ROSE_5m.csv,440,534,5.617977528089887,30
0.32120602010413996,87.37611669828522,190.8044551718183,103.42833847353307,ZRO_5m.csv,594,322,6.832298136645963,22
0.4035388951660929,120.306706169567,223.61266333208673,103.30595716251979,1000X_5m.csv,13,256,8.984375,23
0.5037563473348473,114.2784400274119,217.5484912310556,103.2700512036437,GPS_5m.csv,235,205,6.829268292682928,14
0.5999827163639064,65.30794090671448,168.50496812130635,103.19702721459191,PIEVERSE_5m.csv,396,172,5.232558139534884,9
0.28213989662043615,106.75771198905504,209.73877425551424,102.98106226645919,W_5m.csv,557,365,6.301369863013699,23
0.19467841966405602,182.883361372861,285.47888853581844,102.59552716295752,ORDI_5m.csv,386,527,6.261859582542694,33
0.5228241520844001,66.2911404460788,168.24185010253683,101.95070965645802,AVNT_5m.csv,77,195,7.179487179487179,14
0.25487466230104106,107.69020251522716,209.3851927733425,101.69499025811538,BLUR_5m.csv,109,399,6.7669172932330826,27
0.10300541647940072,274.12476757558363,375.17308114187585,101.04831356629211,SOL_5m.csv,470,981,4.485219164118247,44
0.13052595880652143,315.3670124367536,416.2635785941947,100.89656615744107,ANKR_5m.csv,54,773,6.985769728331177,54
0.8444648900008876,122.89559520259245,223.38691711269806,100.49132191010563,MEMEFI_5m.csv,331,119,10.92436974789916,13
0.18204468039540572,156.8081497556796,257.29681333394353,100.48866357826395,WOO_5m.csv,565,552,5.253623188405797,29
0.13014058272822554,231.8079969657309,331.8861050837363,100.07810811800545,CELR_5m.csv,135,769,4.9414824447334205,38
0.21000024973430964,175.08240865768826,274.622527031751,99.54011837406277,CKB_5m.csv,143,474,6.329113924050633,30
0.21412186192748395,114.39982749804356,213.75237143239607,99.35254393435255,TIA_5m.csv,513,464,4.741379310344827,22
0.17240060495726323,202.30979006020686,301.09533670071863,98.78554664051182,GRIFFAIN_5m.csv,237,573,4.18848167539267,24
0.5740447889823113,194.7997041988286,293.53540790378605,98.73570370495754,CUDIS_5m.csv,158,172,9.883720930232558,17
0.3341563458909265,154.17248598543466,252.74860802325796,98.57612203782332,BANK_5m.csv,92,295,7.457627118644068,22
0.3011694665023704,157.31880437931198,255.8012199255871,98.48241554627513,AMB_5m.csv,52,327,7.64525993883792,25
0.5715459227705169,81.36591112467087,179.67180984119972,98.3058987165289,BTR_5m.csv,126,172,6.976744186046512,12
0.5743867876942362,56.472305210999615,154.692445906714,98.22014069571439,OBOL_5m.csv,368,171,8.771929824561402,15
0.5279037762156255,105.09187146721251,203.28197384331884,98.19010237610632,HMSTR_5m.csv,252,186,9.67741935483871,18
0.43111198250149374,108.58332251600139,206.44574254384042,97.86242002783908,FIDA_5m.csv,209,227,10.13215859030837,23
0.11752736187996178,272.0060362913746,369.6712740136228,97.66523772224824,WIF_5m.csv,562,831,4.0914560770156445,34
0.15288066890797217,169.11641472151825,266.65428148480447,97.53786676328625,FET_5m.csv,206,638,4.545454545454546,29
0.11046468169995356,400.9107142456427,497.8987047782019,96.98799053255922,BAKE_5m.csv,86,878,5.466970387243736,48
0.6535882808291109,68.80322206482646,165.53428762753487,96.73106556270841,TAKE_5m.csv,508,148,7.4324324324324325,11
0.1365354871380192,236.42305069827805,332.5440336434435,96.12098294516551,MANA_5m.csv,321,704,5.113636363636364,36
0.37028908789306225,227.06116062878596,322.5957453051959,95.53458467641006,TA_5m.csv,504,258,7.3643410852713185,19
0.27991746830539277,101.6273281672373,197.07918485937623,95.45185669213893,PYTH_5m.csv,417,341,6.451612903225806,22
0.3760369832360336,82.39741967802797,177.53477643674447,95.13735675871649,RAYSOL_5m.csv,425,253,8.300395256916996,21
0.7725456648964006,23.80531943897732,118.82843622123455,95.02311678225728,HOME_5m.csv,254,123,8.94308943089431,11
0.27322273905082145,142.8125401386826,237.34760785026683,94.53506771158422,BIO_5m.csv,106,346,7.225433526011561,25
0.2338190378717277,201.23796426540247,295.46703652770873,94.22907226230626,TNSR_5m.csv,515,403,6.9478908188585615,28
0.40194884768242695,230.3648776720419,324.42090802972973,94.0560303576879,COAI_5m.csv,146,234,5.982905982905983,14
1.4696117805888043,31.428247143471424,125.48340110115488,94.05515395768347,TOWNS_5m.csv,519,64,14.0625,9
0.1027450060002762,252.41045349714744,346.4221339874002,94.01168049025272,AAVE_5m.csv,22,915,4.699453551912568,43
0.3142820467748062,74.21592742678453,168.18625941245162,93.97033198566706,TAO_5m.csv,510,299,6.354515050167224,19
0.12754885162996582,377.5508392942826,471.2992452423074,93.74840594802488,IOST_5m.csv,272,735,7.07482993197279,52
0.2959432012912493,112.9047579771366,206.42280958517136,93.51805160803478,ETHW_5m.csv,201,316,7.59493670886076,24
0.47182325105128037,105.51773497335992,197.99509217941082,92.47735720605095,XPIN_5m.csv,573,196,7.653061224489796,15
0.7003433504726767,114.39012897940046,206.83545124179378,92.44532226239332,GIGGLE_5m.csv,229,132,9.848484848484848,13
0.39692024599403,116.26130260332008,208.34679967393498,92.08549707061495,FUN_5m.csv,223,232,7.758620689655173,18
0.29925170849753086,99.72270588978812,191.29372869003254,91.57102280024445,POLYX_5m.csv,403,306,6.862745098039216,21
0.2683020288192188,204.0790139354671,295.3017037340015,91.22268979853439,FHE_5m.csv,208,340,4.705882352941177,16
0.2124779582277479,127.1384979630117,217.86658612626002,90.72808816324836,ONDO_5m.csv,377,427,4.918032786885246,21
0.35311911126614326,90.02123692210048,180.41972940623307,90.39849248413267,BOND_5m.csv,117,256,7.03125,18
0.2193238564797609,177.27309465580424,267.1958758125062,89.92278115670197,AUCTION_5m.csv,73,410,6.585365853658537,27
0.25125841821534456,103.96834563188963,193.66760093476765,89.69925530287802,DEGEN_5m.csv,168,357,5.88235294117647,21
0.15705895540839834,149.93350325663545,239.61416679483085,89.68066353819546,ENA_5m.csv,190,571,4.378283712784588,25
0.47831259734522935,79.2188062896437,168.66326199320156,89.44445570355789,LOOM_5m.csv,310,187,7.4866310160427805,14
0.28738756867675114,83.44562218104481,172.82315603951446,89.3775338584696,MINA_5m.csv,337,311,5.787781350482315,18
0.1824972457703991,206.80030164076175,295.8589575767165,89.05865593595476,NEIRO_5m.csv,355,488,5.122950819672131,25
0.3310429837940677,183.6919030825337,272.41142273934383,88.71951965681015,SOON_5m.csv,474,268,9.328358208955224,25
0.357776550847383,216.0480316656703,304.4188397249738,88.37080805930361,AIA_5m.csv,36,247,4.048582995951417,10
0.17968685674897864,190.37549434977632,277.52361987303095,87.14812552325463,ACH_5m.csv,24,485,6.185567010309279,30
0.5768481932393295,34.93319879204455,122.03727597118329,87.10407717913876,HAEDAL_5m.csv,242,151,6.622516556291391,10
0.22535156589924019,90.01644186970486,176.77679474091235,86.76035287120747,VANRY_5m.csv,545,385,5.454545454545454,21
0.22141965819610013,95.61662543671679,181.97029213319584,86.35366669647905,MEW_5m.csv,335,390,4.615384615384616,18
0.6320600076702536,36.849007691531426,122.80916873468588,85.96016104315449,HUMA_5m.csv,257,136,8.823529411764707,12
0.2156347586132126,176.10600927393358,261.7130084433789,85.6069991694454,BAN_5m.csv,88,397,4.785894206549118,19
0.24383920834592482,128.36911269514474,213.95667482456432,85.58756212941961,ID_5m.csv,263,351,7.6923076923076925,27
0.10119655577119575,329.18112521775646,414.69221484441687,85.51108962666041,ETC_5m.csv,198,845,6.8639053254437865,58
1.1356892503604756,29.24995158099795,114.42664535803362,85.17669377703568,NULS_5m.csv,366,75,10.666666666666668,8
0.27342009704633047,79.85575886027459,164.06914875054434,84.21338989026978,USELESS_5m.csv,540,308,4.545454545454546,14
0.0710146356423557,518.0119091120937,601.5961352631462,83.58422615105266,AXS_5m.csv,80,1177,5.0127442650807135,59
0.6163251058634738,34.02260815446331,117.22649744603227,83.20388929156896,DF_5m.csv,172,135,6.666666666666667,9
0.25201185778846974,165.14735571789922,248.05925693030576,82.91190121240655,UXLINK_5m.csv,543,329,7.29483282674772,24
0.4018767534913973,106.03557572684903,188.8221869460768,82.78661121922784,DEGO_5m.csv,169,206,6.796116504854369,14
0.1310704222729304,255.27663008985851,337.19564401044,81.91901392058149,1000FLOKI_5m.csv,6,625,5.92,37
0.30939543023730515,95.75206983353512,176.81367255570908,81.06160272217394,B2_5m.csv,81,262,5.7251908396946565,15
0.10536373192002195,237.90625459142737,318.8256007060042,80.91934611457685,KSM_5m.csv,297,768,4.947916666666666,38
0.2582320516641975,119.79273383270917,200.61936600360298,80.82663217089382,NOT_5m.csv,364,313,5.7507987220447285,18
0.30757643279774416,106.04807139089942,186.01794391831288,79.96987252741349,1000WHY_5m.csv,12,260,5.769230769230769,15
0.4891751908311934,80.0732802974314,159.80883640291594,79.73555610548452,PHA_5m.csv,394,163,11.042944785276074,18
0.47392548012558866,33.43309742954719,113.05257809064608,79.61948066109889,SYRUP_5m.csv,501,168,8.333333333333332,14
0.4568742441208508,65.92070604290909,144.9599502758163,79.0392442329072,KERNEL_5m.csv,289,173,5.780346820809249,10
0.7440949122110655,54.89297162620788,133.7670323205808,78.87406069437294,GHST_5m.csv,228,106,15.09433962264151,16
0.19363785536899009,119.0706679440167,197.6876372238267,78.61696927980998,BRETT_5m.csv,119,406,5.41871921182266,22
0.6335437226904953,45.941378130172666,124.50079974379408,78.55942161362142,SYS_5m.csv,502,124,9.67741935483871,12
0.16302357742183587,148.32890575438321,226.74324649428627,78.41434073990305,SUPER_5m.csv,494,481,5.405405405405405,26
0.7058420703306161,60.34997086078292,138.6984406674813,78.34846980669839,HIVE_5m.csv,251,111,12.612612612612612,14
0.6801959627525588,23.376165332044827,101.59870104858908,78.22253571654426,WAXP_5m.csv,560,115,9.565217391304348,11
0.356743938755128,100.5542781113129,178.32445675993074,77.7701786486179,ONG_5m.csv,379,218,11.46788990825688,25
0.20771368546222554,164.92517430527164,242.61009266814395,77.68491836287235,H_5m.csv,241,374,4.27807486631016,16
0.23205889580086586,117.98935990045447,195.49703109794368,77.5076711974892,ICNT_5m.csv,260,334,4.491017964071856,15
0.15155005369329663,158.48338402205084,235.9254614593254,77.44207743727458,YGG_5m.csv,582,511,4.892367906066536,25
0.12980722081589274,275.0176364683434,352.3827400746155,77.36510360627207,ATA_5m.csv,70,596,5.033557046979865,30
0.6766769309375327,68.49001871285014,145.63118883972885,77.14117012687872,MITO_5m.csv,339,114,8.771929824561402,10
0.08037276559098772,337.10870122091296,414.0254378914882,76.91673667057525,SAND_5m.csv,450,957,4.911180773249739,47
0.15415839606134904,140.2732948148017,217.0441760533535,76.77088123855182,PENDLE_5m.csv,390,498,5.421686746987952,27
2.398959025827434,19.23318583777341,95.99987466425131,76.76668882647789,FTT_5m.csv,222,32,12.5,4
0.5073154436073962,110.05202873969304,186.6566607244099,76.60463198471683,D_5m.csv,162,151,12.582781456953644,19
0.06622999399039597,383.3862110204535,459.8156240853704,76.42941306491696,SUSHI_5m.csv,495,1154,3.9861351819757362,46
0.1531548870389336,212.20832897536252,288.32630783371246,76.11797885835,APE_5m.csv,55,497,6.841046277665996,34
0.44708938471433995,134.6093597932122,210.61455519465,76.00519540143779,ALPINE_5m.csv,50,170,8.823529411764707,15
0.22542338905982537,126.46855881832236,202.43624093148352,75.96768211316115,HFT_5m.csv,247,337,5.934718100890208,20
0.2911725276131006,122.57787628185753,198.28273346126366,75.70485717940615,PARTI_5m.csv,388,260,6.923076923076923,18
0.31169756425780604,86.60274153509182,161.72185452122307,75.11911298613126,AEVO_5m.csv,30,241,7.053941908713693,17
0.5665042841837745,46.622066839150364,121.4006323514086,74.77856551225824,WCT_5m.csv,561,132,7.575757575757576,10
0.5829195928959413,54.31488796121967,128.92859585190016,74.61370789068049,RVV_5m.csv,445,128,5.46875,7
0.48249614909998007,91.54043559157381,165.36234640387076,73.82191081229695,HANA_5m.csv,243,153,6.535947712418301,10
0.1049929690833172,264.5500720320374,338.3601292976093,73.810057265572,BCH_5m.csv,97,703,5.974395448079658,42
0.14970205116044122,251.9827053481119,325.33671041672807,73.3540050686162,ZEREBRO_5m.csv,586,490,5.1020408163265305,25
0.5050174516336665,67.12943739701059,140.35696788389222,73.22753048688165,XCN_5m.csv,568,145,13.10344827586207,19
0.2283509039913735,127.77617164106304,199.93505730233707,72.15888566127403,AXL_5m.csv,79,316,8.227848101265822,26
0.4446908935296322,90.50392171670516,162.54384646850556,72.03992475180041,STEEM_5m.csv,483,162,9.876543209876543,16
0.3555419776622013,82.19010704559196,154.00958653335658,71.81947948776467,OXT_5m.csv,387,202,9.900990099009901,20
0.6118853293716467,37.89201124609002,109.48259478257268,71.59058353648267,QUICK_5m.csv,421,117,9.401709401709402,11
0.18089552386795485,108.10051887977019,179.37335528374436,71.27283640397421,AI16Z_5m.csv,34,394,3.5532994923857872,14
0.36170475148383313,119.07427297618943,189.9684042670207,70.8941312908313,DAM_5m.csv,163,196,8.16326530612245,16
0.33205326030405974,104.2674686232761,174.9948130680408,70.72734444476473,ESPORTS_5m.csv,197,213,8.450704225352112,18
0.30979040118129064,72.6090917146,143.24130318393424,70.63221146933427,ILV_5m.csv,266,228,7.894736842105263,18
0.2323432853958723,100.64213448962636,170.5774633937839,69.93532890415756,AGIX_5m.csv,31,301,5.980066445182724,18
0.2636137156373889,169.9921756304753,239.8498102743833,69.85763464390806,TST_5m.csv,529,265,6.7924528301886795,18
0.9373919586674725,26.583810233764993,95.95081517515797,69.36700494139296,TOSHI_5m.csv,518,74,16.216216216216218,12
0.31826235185765805,99.09076119088263,168.1536915439944,69.0629303531118,STBL_5m.csv,482,217,5.990783410138248,13
0.40394687331030227,68.95346670084874,137.62443516360014,68.67096846275139,BADGER_5m.csv,85,170,7.0588235294117645,12
0.2570659705855579,117.58987135874821,186.22648550509217,68.63661414634396,SIREN_5m.csv,461,267,6.367041198501873,17
0.15109564725769145,150.55920838544526,219.15663224043712,68.59742385499192,APT_5m.csv,58,454,6.607929515418502,30
0.2510010395235905,72.53424988284104,140.55553159373403,68.02128171089302,VVV_5m.csv,556,271,6.273062730627306,17
0.19716836413001154,149.21634286988677,216.45075503822065,67.23441216833393,DOOD_5m.csv,180,341,4.69208211143695,16
0.1423039891240979,200.76233636685888,267.78751524430896,67.0251788774501,OM_5m.csv,373,471,6.369426751592357,30
0.12567932439481044,172.61069267315287,239.09505527800758,66.48436260485472,STX_5m.csv,491,529,5.293005671077505,28
0.29054061830103434,51.85478206184004,118.09804303447588,66.24326097263582,KMNO_5m.csv,294,228,6.140350877192982,14
0.15815880614984004,108.70300985889878,174.6552320233821,65.9522221644833,BOME_5m.csv,116,417,4.796163069544365,20
0.5482471570373565,38.09555189618105,103.33696358362646,65.24141168744542,ACX_5m.csv,26,119,7.563025210084033,9
0.2723969326335287,91.05228214150819,156.15514904092154,65.10286689941336,SCR_5m.csv,454,239,5.857740585774058,14
0.08677695269276137,217.53910048329527,282.36148414478805,64.82238366149274,LINK_5m.csv,306,747,4.28380187416332,32
0.3953259781657817,63.61563041691019,128.0537648579326,64.43813444102241,AIN_5m.csv,37,163,6.134969325153374,10
0.2982673877246261,106.4648805668161,170.29410153988607,63.82922097306998,MOCA_5m.csv,343,214,6.5420560747663545,14
0.18944490628256236,99.93840245040838,163.21300114878417,63.274598698375826,BICO_5m.csv,103,334,5.688622754491018,19
0.11426080220478776,212.45342155657465,275.4111235714127,62.957702014838056,AVAAI_5m.csv,75,551,3.8112522686025407,21
0.46730853074291123,47.61065171443396,110.22999483398407,62.6193431195501,PLUME_5m.csv,400,134,6.7164179104477615,9
0.10447359006475622,298.1830283976478,360.4492880762425,62.26625967859471,MAGIC_5m.csv,320,596,6.7114093959731544,40
0.2559850852225678,109.16763706001456,171.3720127690985,62.20437570908397,COW_5m.csv,153,243,7.4074074074074066,18
0.29378601917108343,133.67961210065752,195.66846214575605,61.98885004509861,BR_5m.csv,118,211,7.109004739336493,15
0.24199139764925268,82.45994038265718,144.40973818086584,61.949797798208685,KAS_5m.csv,286,256,7.03125,18
0.3324258524270408,54.21111262141399,115.37746946798947,61.16635684657551,SC_5m.csv,453,184,5.978260869565218,11
0.108366149951971,353.0735913001046,413.43353682335237,60.359945523247845,PIPPIN_5m.csv,397,557,4.129263913824058,23
0.45466189280604674,52.00934968925228,112.02471953965042,60.01536985039817,SXT_5m.csv,499,132,6.0606060606060606,8
0.46475362527904646,83.5872179412397,143.54043560223673,59.95321766099699,HYPER_5m.csv,259,129,6.976744186046512,9
0.14821295368313142,183.92441364125094,243.35780806818667,59.4333944269357,BID_5m.csv,104,401,5.486284289276807,22
0.31014620580693564,113.46024490939928,172.698170218524,59.237925309124705,DIA_5m.csv,174,191,10.471204188481675,20
0.23033712028100517,70.0351696126585,129.2318095248768,59.19663991221833,XMR_5m.csv,571,257,5.836575875486381,15
0.6036258915709011,59.90055549534698,119.05589286929528,59.155337373948306,ZKC_5m.csv,590,98,11.224489795918368,11
0.13600076677982523,247.56062761325038,306.5849603956944,59.02433278244415,ARK_5m.csv,63,434,6.682027649769585,29
0.6699157709098963,26.730401835283867,85.68298967535476,58.952587840070876,POL_5m.csv,402,88,11.363636363636363,10
0.19978265044358282,77.1503776591345,135.2871289382171,58.1367512790826,AERO_5m.csv,29,291,5.841924398625429,17
0.14694012029620712,136.83154100833914,194.1381879238599,57.30664691552077,JOE_5m.csv,280,390,5.384615384615385,21
0.19312203264883998,189.77926635781938,246.94338802187602,57.16412166405664,M_5m.csv,319,296,7.4324324324324325,22
0.14767669343516887,146.82505858694742,203.9759389463578,57.15088035941035,XAI_5m.csv,566,387,5.167958656330749,20
0.22312399611024838,141.1672788672812,197.84077387928428,56.67349501200309,MAVIA_5m.csv,325,254,7.480314960629922,19
0.14507817220001187,126.83445524210198,183.2698642279066,56.43540898580462,NTRN_5m.csv,365,389,4.884318766066838,19
0.5287129008317679,39.38018044885037,95.42374793701774,56.0435674881674,SOPH_5m.csv,475,106,7.547169811320755,8
0.4307887743549642,64.55699503486436,120.5595357010097,56.00254066614535,AVA_5m.csv,74,130,6.153846153846154,8
0.7545322649420696,28.056986662106084,83.13784200287715,55.08085534077108,NXPC_5m.csv,367,73,10.95890410958904,8
0.08144449971396191,247.89196786405557,302.9484496706938,55.056481806638246,DASH_5m.csv,165,676,5.621301775147929,38
0.9299584245694965,30.157738223909927,85.02528527351024,54.8675470496003,SNT_5m.csv,468,59,15.254237288135593,9
0.403355273737341,64.81763260257586,119.6739498308542,54.85631722827837,RAD_5m.csv,422,136,9.558823529411764,13
0.36023132947665937,37.58508475292438,91.98001550389993,54.39493075097556,VELODROME_5m.csv,546,151,5.298013245033113,8
0.4101715994782476,33.51558979724733,86.83789772941952,53.32230793217219,LA_5m.csv,298,130,4.615384615384616,6
0.1031512030387658,248.41503739812237,300.9189997448541,52.5039623467318,HIPPO_5m.csv,250,509,5.50098231827112,28
0.5796663490455702,38.75074731205697,90.92071872615828,52.169971414101326,WLFI_5m.csv,564,90,7.777777777777778,7
0.36810336029393936,45.49210256089776,97.39467636234318,51.90257380144545,BABY_5m.csv,84,141,7.801418439716312,11
0.8726267820089885,20.687416431442955,72.17239656997327,51.48498013853032,JCT_5m.csv,278,59,8.47457627118644,5
0.2594778256489128,72.29252635014666,123.66913582863138,51.37660947848474,GUN_5m.csv,240,198,5.555555555555555,11
0.45461809617398546,41.001323965694134,92.37316883335448,51.37184486766036,FLOCK_5m.csv,214,113,7.964601769911504,9
0.29506635096141537,49.759205191292786,101.10075025857907,51.341545067286276,LYN_5m.csv,318,174,4.022988505747127,7
0.18072141541781675,155.06655440115105,205.66855071813973,50.60199631698869,RDNT_5m.csv,426,280,6.428571428571428,18
0.36055873878152667,45.82123374930478,96.29945717871853,50.47822342941373,ORBS_5m.csv,383,140,7.857142857142857,11
0.20260104807342802,119.65746498877735,170.10512595906096,50.44766097028358,B_5m.csv,83,249,5.220883534136546,13
0.21615248635368378,70.1911814782143,120.55471079862262,50.36352932040832,RPL_5m.csv,441,233,5.150214592274678,12
0.2010355856101676,114.93980512625447,164.79663035757602,49.856825231321565,ZORA_5m.csv,592,248,4.838709677419355,12
0.23352228670380024,119.70164661849682,169.44189368640625,49.74024706790945,XNY_5m.csv,572,213,5.633802816901409,12
0.2135357431328021,107.09204563535738,156.63233804216742,49.54029240681009,MOVE_5m.csv,347,232,6.4655172413793105,15
0.16980218105681127,131.9389325273988,181.35136721493086,49.412434687532084,BSV_5m.csv,122,291,8.24742268041237,24
0.16110514271838025,116.7825559838148,165.7585193702024,48.9759633863876,BNB_5m.csv,112,304,6.25,19
0.3744533144841055,55.60941750243999,104.2883483853737,48.67893088293372,SANTOS_5m.csv,451,130,11.538461538461538,15
0.7438260591869401,25.964739588312028,74.31343343546314,48.348693847151104,NOM_5m.csv,363,65,10.76923076923077,7
0.19969086327378044,92.49719103258495,140.62268908156605,48.125498048981086,GMX_5m.csv,233,241,7.883817427385892,19
0.2371920794782271,98.87623004036081,146.3146459360062,47.43841589564542,CHESS_5m.csv,139,200,8.0,16
0.3825456744827765,40.84031135111282,88.2759749869771,47.43566363586429,MON_5m.csv,344,124,5.64516129032258,7
0.0956263322087958,179.04218941971698,226.47285019527965,47.430660775562714,REZ_5m.csv,434,496,4.838709677419355,24
0.2670587144684427,77.31096654091101,124.58035900182537,47.26939246091436,SAFE_5m.csv,447,177,6.779661016949152,12
1.0852093373602865,21.234911009806442,67.89891251629875,46.66400150649232,42_5m.csv,18,43,16.27906976744186,7
0.1114212919168272,252.63943761897292,298.32216730487204,45.682729685899155,UMA_5m.csv,536,410,9.512195121951219,39
0.06433874037173551,250.79849521199117,296.47900087592336,45.680505663932216,ADA_5m.csv,27,710,4.929577464788732,35
0.29081559178762434,69.17454511599327,114.83259302665024,45.65804791065702,IDOL_5m.csv,265,157,5.7324840764331215,9
1.6202695499737136,5.012126392405978,50.37967379166996,45.367547399263984,STPT_5m.csv,488,28,17.857142857142858,5
0.16864437405455832,75.3169019599004,120.68223858057657,45.36533662067619,PUMP_5m.csv,414,269,3.717472118959108,10
0.3535674039908255,49.554065530450124,94.81069324127577,45.25662771082566,SONIC_5m.csv,473,128,10.15625,13
0.13589941801498065,97.67665968929512,142.79526647026867,45.11860678097358,ICP_5m.csv,261,332,4.216867469879518,14
0.15886105330607417,85.67695719383877,130.4757742261517,44.79881703231292,MANTA_5m.csv,322,282,5.319148936170213,15
0.12222187454401848,177.95285816270595,222.44162049672866,44.488762334022724,1000CAT_5m.csv,4,364,5.4945054945054945,20
0.6936915074914763,24.371661726027618,68.7679182054821,44.396256479454486,CTK_5m.csv,156,64,15.625,10
0.26903241916366655,79.2066645041456,123.3279812469869,44.121316742841316,AKE_5m.csv,41,164,6.097560975609756,10
0.06447370276167777,253.5492001348001,297.6492128237877,44.1000126889876,OP_5m.csv,381,684,4.5321637426900585,31
0.32387088270401737,46.30700926404161,90.35344931178798,44.046440047746366,STABLE_5m.csv,481,136,5.147058823529411,7
0.3219517079276655,77.48021666680982,120.94369723704467,43.463480570234836,KGEN_5m.csv,291,135,8.148148148148149,11
0.14477333590951602,131.5008845267389,174.78811196368414,43.28722743694529,CAKE_5m.csv,130,299,6.354515050167224,19
0.21316088089189783,77.20924641288835,119.62826171037602,42.41901529748767,STO_5m.csv,486,199,7.035175879396985,14
0.4548841855007978,39.64047899038458,81.48982405645796,41.8493450660734,EDEN_5m.csv,186,92,7.608695652173914,7
0.1589335853453075,131.1230363291422,172.92256927495802,41.79953294581587,PTB_5m.csv,412,263,4.562737642585551,12
0.1802971319370375,112.05618467619524,153.70482215365092,41.648637477455665,KAITO_5m.csv,285,231,8.225108225108226,19
0.0895909887138959,116.50521655287247,157.6274803725507,41.12226381967822,PENGU_5m.csv,391,459,4.357298474945534,20
0.16105503720717368,88.02633998591563,129.0953744737449,41.069034487829285,KEY_5m.csv,290,255,6.2745098039215685,16
0.48471745243368486,48.700997728093945,89.41726373252347,40.71626600442953,VTHO_5m.csv,555,84,10.714285714285714,9
0.20443237272571185,117.49087103694913,157.96848083664008,40.477609799690946,MBOX_5m.csv,326,198,8.585858585858585,17
0.14048122841725894,119.16424241008542,159.34187373742148,40.17763132733606,RIF_5m.csv,435,286,5.244755244755245,15
0.12343296357316853,172.96706769649708,212.71248196705736,39.74541427056027,TLM_5m.csv,514,322,8.074534161490684,26
0.6197008338604119,23.445385851553517,63.10623921861988,39.66085336706636,HOLO_5m.csv,253,64,9.375,6
0.23439402017537322,64.35732015473346,103.96990956437153,39.612589409638076,AKT_5m.csv,42,169,8.284023668639055,14
0.052993968072068645,232.62440962040645,272.0519218660255,39.42751224561907,DYDX_5m.csv,184,744,4.56989247311828,34
0.1297069992953931,127.83751376131497,167.00902754852368,39.17151378720871,1000CHEEMS_5m.csv,5,302,5.298013245033113,16
0.13913782677854367,214.96065406039844,253.78010773161202,38.81945367121369,BSW_5m.csv,123,279,7.168458781362006,20
0.2597511509242456,56.08109802665744,94.78401951437003,38.702921487712594,ME_5m.csv,328,149,6.7114093959731544,10
0.35398785665427424,89.64028932787407,128.22496570318995,38.584676375315894,SLERF_5m.csv,466,109,6.422018348623854,7
0.34065693881660275,55.361279758582945,93.85551384485903,38.49423408627611,BLUAI_5m.csv,108,113,7.964601769911504,9
0.2042928870881335,82.3815251935194,120.38000219191223,37.99847699839283,ANIME_5m.csv,53,186,5.913978494623656,11
0.38224632471832215,52.65171666601888,90.11185648841445,37.46013982239557,A2Z_5m.csv,20,98,6.122448979591836,6
0.14326718809680827,114.5242973798396,151.6304990969129,37.10620171707334,CATI_5m.csv,132,259,5.7915057915057915,15
1.1594860067447903,22.367428735531778,59.47098095136507,37.10355221583329,SLP_5m.csv,467,32,12.5,4
0.2014762246132744,98.28372633210552,135.35535166094803,37.071625328842494,LSK_5m.csv,314,184,8.695652173913043,16
0.21607040978644046,66.92232967293197,103.22215851705394,36.299828844122,HEI_5m.csv,245,168,7.142857142857142,12
0.12961851616476697,132.87923834610183,168.78356732374226,35.904328977640446,GLM_5m.csv,230,277,6.4981949458483745,18
0.2597765007603511,51.66143793089371,87.51059503582215,35.84915710492845,FIO_5m.csv,211,138,6.521739130434782,9
0.0991121862757014,158.427444008633,193.90960669533408,35.4821626867011,T_5m.csv,503,358,6.70391061452514,24
0.13527303376805594,116.63375807262983,151.94001988609244,35.3062618134626,MERL_5m.csv,332,261,6.130268199233716,16
0.19694591643225776,56.8303151531758,91.68974236168543,34.85942720850962,RENDER_5m.csv,432,177,6.779661016949152,12
0.1156509592503063,77.4559047681723,111.68858870626296,34.232683938090666,ARB_5m.csv,60,296,5.0675675675675675,15
0.397459905079792,28.147772154823855,62.32932399168595,34.18155183686211,UAI_5m.csv,534,86,5.813953488372093,5
0.4720521421589859,23.454750724509314,56.498400675638315,33.04364995112901,MET_5m.csv,333,70,7.142857142857142,5
0.18604582433081376,62.53389012355956,94.90586355712117,32.37197343356159,MDT_5m.csv,327,174,6.321839080459771,11
0.451909200485872,52.311905370441295,84.39745860493818,32.08555323449691,ZBT_5m.csv,583,71,9.859154929577464,7
0.3079103546084812,56.802850639962166,88.82552751924423,32.022676879282045,FLUX_5m.csv,217,104,8.653846153846153,9
0.14112055356306633,75.49431930403804,107.10532330216489,31.611003998126858,COMBO_5m.csv,147,224,6.25,14
0.23240345789466918,40.905910630237415,71.81557053022841,30.909659899991002,TWT_5m.csv,533,133,7.518796992481203,10
0.14622119891635144,78.38554080489799,109.23821377624814,30.852672971350152,CGPT_5m.csv,138,211,5.213270142180095,11
0.5625084601091154,19.33543391690853,49.71089076280076,30.37545684589223,FLUID_5m.csv,216,54,12.962962962962962,7
0.26159509832197264,39.98619903643443,70.33123044178326,30.345031405348827,ORDER_5m.csv,385,116,6.0344827586206895,7
0.1858862893570165,42.46380432202096,72.76326948721464,30.29946516519369,BERA_5m.csv,102,163,5.521472392638037,9
0.07324995734498811,162.58870616810273,192.8409385515828,30.25223238348009,TRX_5m.csv,528,413,6.053268765133172,25
0.08479707138810579,280.64588620403856,310.66404947542793,30.018163271389447,BROCCOLIF3B_5m.csv,121,354,5.932203389830509,21
0.1518884634010159,141.51563693324474,171.13388729644282,29.6182503631981,SPK_5m.csv,477,195,8.205128205128204,16
0.07825029818970507,160.5623700481529,189.43673008015406,28.87436003200117,STG_5m.csv,484,369,6.504065040650407,24
0.2403276057306824,66.33629024707558,95.17560293475748,28.83931268768189,STRAX_5m.csv,489,120,9.166666666666666,11
0.33296964215010605,34.54304571824748,63.178434943156596,28.63538922490912,GLMR_5m.csv,231,86,8.13953488372093,7
0.14831247815447143,104.96236509997348,132.9934234711686,28.0310583711951,MELANIA_5m.csv,329,189,9.523809523809524,18
0.38134221965130144,36.84233228805085,64.68031432259585,27.837982034545004,OPEN_5m.csv,382,73,6.8493150684931505,5
0.29264918570575965,23.98747069164613,51.49649414798752,27.509023456341406,ASTER_5m.csv,67,94,4.25531914893617,4
0.3602178799774527,29.640354863983116,56.65669586229207,27.01634099830895,PUNDIX_5m.csv,416,75,8.0,6
0.1692477194469225,56.55879347995595,83.29993315256971,26.741139672613755,DEEP_5m.csv,166,158,6.329113924050633,10
0.14526349205536995,94.88890754337697,121.03633611334357,26.147428569966593,1000000BOB_5m.csv,1,180,7.222222222222221,13
0.12498977117098997,105.24839950584908,131.37126168058597,26.122862174736905,ORCA_5m.csv,384,209,6.698564593301436,14
0.10860857566376148,49.11759805288624,75.07504763652523,25.957449583638994,DEFI_5m.csv,167,239,3.765690376569038,9
0.17135599367041185,64.82307644098694,90.3551194978783,25.532043056891364,OL_5m.csv,372,149,7.38255033557047,11
0.14402337885350983,111.70751210958534,136.91160340894956,25.20409129936422,TANSSI_5m.csv,509,175,5.714285714285714,10
0.10965556999045632,105.76544149119968,130.32828916906183,24.562847677862216,RIVER_5m.csv,436,224,4.017857142857143,9
0.1298921414940259,93.34700791790411,117.89662266027501,24.549614742370892,LAYER_5m.csv,300,189,6.878306878306878,13
0.2573229243262829,43.895227517286294,68.34090532828316,24.445677810996877,BARD_5m.csv,93,95,5.263157894736842,5
0.046195702858329114,273.77416703346745,297.79593251979855,24.02176548633114,XVG_5m.csv,577,520,5.769230769230769,30
0.06794942380583587,123.22640991617979,147.00870824822232,23.78229833204255,FLOW_5m.csv,215,350,5.428571428571429,19
0.7194618231387286,5.573416327044314,28.596194667483626,23.022778340439316,RLS_5m.csv,438,32,6.25,2
0.25827225687369026,43.832453446029476,66.81868430778789,22.986230861758433,G_5m.csv,225,89,8.98876404494382,8
0.19003325151331799,43.61786494228281,66.04178862085432,22.423923678571523,TON_5m.csv,517,118,8.47457627118644,10
0.066577795762058,166.8556579439042,188.62659715809718,21.770939214192964,AIOT_5m.csv,39,327,5.5045871559633035,18
0.22673508346882823,42.262135354168336,63.801968283707005,21.539832929538683,VFY_5m.csv,549,95,4.2105263157894735,4
0.25162794436403746,38.37374408587743,59.76211935682062,21.388375270943186,IDEX_5m.csv,264,85,8.235294117647058,7
0.290548487524948,28.668213550969043,49.5877046527653,20.919491101796254,PROM_5m.csv,409,72,8.333333333333332,6
0.03162001576114101,177.3534170805178,197.6850872149315,20.33167013441367,LDO_5m.csv,301,643,3.421461897356143,22
0.0941767976506769,95.07016913684708,114.65894304818785,19.588773911340795,SHELL_5m.csv,459,208,5.769230769230769,12
0.9313953384101694,4.427062247357253,23.986364353970814,19.559302106613558,EUL_5m.csv,202,21,14.285714285714285,3
0.1652807734531801,73.92846439596495,93.26631488998704,19.33785049402207,0G_5m.csv,0,117,6.837606837606838,8
0.2554951568439418,23.68685447372453,42.84899123702016,19.162136763295635,2Z_5m.csv,17,75,4.0,3
0.13754431101827364,84.58019984357608,103.2862261420613,18.706026298485213,SUN_5m.csv,493,136,7.352941176470589,10
0.127094068405305,66.67598867593918,84.9775345263031,18.30154585036392,AERGO_5m.csv,28,144,5.555555555555555,8
0.10334009209541944,70.56979559963672,88.65431171633513,18.084516116698403,ASR_5m.csv,66,175,5.714285714285714,10
0.3308711889471812,21.9291416993853,39.13444352463872,17.20530182525342,ALLO_5m.csv,47,52,3.8461538461538463,2
0.09939544679843275,50.48986289128288,67.68527518741176,17.195412296128865,S_5m.csv,446,173,4.624277456647398,8
0.1219194551991839,67.10184601746869,84.2924892005536,17.19064318308493,APR_5m.csv,57,141,4.25531914893617,6
0.05511469390643411,96.84570232749942,113.93125743849397,17.085555110994573,ETH_5m.csv,199,310,5.483870967741936,17
0.4904497291520382,8.24593039911997,24.92122119028927,16.6752907911693,HYPE_5m.csv,258,34,8.823529411764707,3
0.05764331873969854,104.99170214877257,121.18947471462786,16.19777256585529,ZK_5m.csv,589,281,4.6263345195729535,13
0.27871579506754185,15.503544714892705,29.99676605840488,14.493221343512175,ZRC_5m.csv,593,52,5.769230769230769,3
0.051557390024316745,173.15136455273222,187.58743375954091,14.436069206808689,BDXN_5m.csv,98,280,5.714285714285714,16
0.06903083588226847,82.69679175697026,96.9861747845998,14.289383027629572,CLO_5m.csv,145,207,3.3816425120772946,7
0.0626935459092161,82.33560104708761,96.44164887666123,14.106047829573622,EPIC_5m.csv,194,225,4.888888888888889,11
0.057736285223787,167.08727432629524,180.94398278000412,13.85670845370888,NAORIS_5m.csv,353,240,5.833333333333333,14
0.09159901439302516,57.74531000874861,71.57676118209538,13.8314511733468,XAN_5m.csv,567,151,4.635761589403973,7
0.026371133434879325,158.08906945237345,171.82842997194558,13.739360519572129,LTC_5m.csv,315,521,4.606525911708253,24
0.06955543072121648,74.47745125824393,87.48431680311141,13.00686554486748,DEXE_5m.csv,171,187,5.347593582887701,10
0.07113254418009574,84.24770480537524,97.12269530197257,12.874990496597327,SCRT_5m.csv,455,181,4.41988950276243,8
0.055144038196323644,87.41080163355767,100.25936253330106,12.84856089974341,METIS_5m.csv,334,233,4.721030042918455,11
0.22527856915119085,26.38083624035502,39.221714681972905,12.840878441617878,ENSO_5m.csv,193,57,7.017543859649122,4
0.3442110980017433,42.210949026377634,53.9141263584369,11.703177332059273,ON_5m.csv,376,34,11.76470588235294,4
0.10954424089582163,94.31479939756785,105.59785620983747,11.283056812269628,MLN_5m.csv,341,103,5.825242718446602,6
0.08014134981868594,92.18798239371826,103.24748866869693,11.05950627497866,REI_5m.csv,430,138,8.695652173913043,12
0.05382129328083172,93.40681475244081,104.33253728844963,10.92572253600884,POWR_5m.csv,408,203,5.41871921182266,11
0.11686978585857442,22.776333768747154,33.294614496018866,10.518280727271698,CC_5m.csv,133,90,3.3333333333333335,3
0.04476897725884587,122.23186113113624,132.61826385518845,10.386402724052243,EPT_5m.csv,195,232,6.4655172413793105,15
0.03813213773960574,117.61356330266963,127.94737263010279,10.333809327433157,XVS_5m.csv,578,271,5.904059040590406,16
0.011986633301024579,432.48805057083143,441.993450778544,9.50540020771249,1000SHIB_5m.csv,11,793,6.935687263556116,55
0.37779579818170617,5.682610236457798,15.127505191000454,9.444894954542654,SKY_5m.csv,464,25,12.0,3
0.06566137682962876,43.84704808047758,53.236624967114494,9.389576886636913,WAL_5m.csv,558,143,4.895104895104895,7
0.06542009207812269,73.39847714284863,82.68813021794203,9.289653075093423,BNT_5m.csv,113,142,4.929577464788732,7
0.14052232414061158,32.98091816412617,42.114869233265935,9.133951069139753,AT_5m.csv,69,65,6.153846153846154,4
0.1304808834434118,30.394587093124144,39.26728716727616,8.872700074152002,TREE_5m.csv,522,68,7.352941176470589,5
0.10914111538253972,30.16725193518313,38.89854116578632,8.731289230603178,LINEA_5m.csv,305,80,3.75,3
0.11989003830323958,47.288188110864006,55.92027086869726,8.632082757833249,SAHARA_5m.csv,449,72,6.944444444444445,5
0.22065477064497893,52.26922759316662,60.8747636483208,8.605536055154179,COMMON_5m.csv,148,39,15.384615384615385,6
0.03220421817741483,125.47058037446965,134.00469819148455,8.53411781701493,MUBARAK_5m.csv,350,265,5.660377358490567,15
0.02868197114492307,214.12277215346828,222.55527167007568,8.432499516607383,RARE_5m.csv,423,294,8.503401360544217,25
0.08846777997095769,19.776789473031492,27.827357450388636,8.050567977357149,FF_5m.csv,207,91,3.296703296703297,3
0.056126517568159555,58.203197320216304,65.89253022705417,7.689332906837859,RAY_5m.csv,424,137,5.839416058394161,8
0.02815495285144164,117.76163014124879,125.27900255258368,7.517372411334918,DRIFT_5m.csv,182,267,5.617977528089887,15
0.020273585222742377,133.32685026929627,140.54424660859254,7.217396339296286,ZETA_5m.csv,587,356,4.213483146067416,15
0.02818381202488851,87.11011230403861,94.04333006216116,6.933217758122574,Q_5m.csv,418,246,3.6585365853658534,9
0.06069507553606513,74.55928563748932,81.23574394645647,6.676458308967164,RECALL_5m.csv,427,110,4.545454545454546,5
0.17595767546305544,13.016001451767261,19.1745200929742,6.15851864120694,A_5m.csv,21,35,11.428571428571429,4
0.022243874390243727,136.9644915243145,143.10380085602173,6.139309331707269,SYN_5m.csv,500,276,4.710144927536232,13
0.042134943539625755,64.85223446695299,70.66685667542134,5.8146222084683545,UB_5m.csv,535,138,3.6231884057971016,5
0.011238162484284548,152.87751409256455,158.68764409693966,5.810130004375111,SEI_5m.csv,456,517,3.67504835589942,19
0.03280088780222848,67.31907537392198,73.12483251491642,5.805757140994441,XPL_5m.csv,574,177,3.954802259887006,7
0.025664134537761292,104.93295623536137,110.60472996820661,5.671773732845246,KLAY_5m.csv,293,221,5.88235294117647,13
0.16846285595558977,13.500230981365636,18.72257951598892,5.222348534623283,TAIKO_5m.csv,507,31,6.451612903225806,2
0.013630648066935374,164.29224493711504,169.30832342574726,5.016078488632218,PIXEL_5m.csv,398,368,4.619565217391304,17
0.10753321495567288,14.578889188749033,19.095284216887293,4.516395028138261,CLANKER_5m.csv,144,42,4.761904761904762,2
0.00996308323709741,217.11528086392576,221.33962815645503,4.224347292529302,PNUT_5m.csv,401,424,6.132075471698113,26
0.019947005208680302,134.2495383676309,138.2588864145756,4.009348046944741,RESOLV_5m.csv,433,201,5.970149253731343,12
0.06368375634168194,40.882234119489496,44.703259499990416,3.8210253805009167,ERA_5m.csv,196,60,8.333333333333332,5
0.06200309255394788,19.336339547586718,22.622503452945963,3.286163905359238,MIRA_5m.csv,338,53,5.660377358490567,3
0.017648720708203013,68.08828095945293,71.10621220055565,3.017931241102715,BTC_5m.csv,124,171,6.432748538011696,11
0.24052859878001717,6.641755419702276,9.287570006282465,2.645814586580189,JST_5m.csv,281,11,18.181818181818183,2
0.02250371626436148,29.64057142409566,31.710913320416914,2.0703418963212563,KAIA_5m.csv,284,92,4.3478260869565215,4
0.010288661542918716,95.83458482548814,97.62481193395595,1.7902271084678567,TAG_5m.csv,506,174,4.597701149425287,8
0.0372430374204451,29.608874023514044,31.396539819695416,1.787665796181365,MMT_5m.csv,342,48,8.333333333333332,4
0.009818781191769672,56.361889512730784,57.9132569410304,1.5513674282996082,ATH_5m.csv,71,158,5.063291139240507,8
0.007775196581159061,116.07716980120854,117.51558116872296,1.4384113675144263,HEMI_5m.csv,246,185,5.405405405405405,10
0.013440008771508041,63.76639148232293,65.17759240333127,1.4112009210083443,PUFFER_5m.csv,413,105,5.714285714285714,6
0.036099082435749365,26.991791388394187,28.39965560338842,1.407864214994225,CVC_5m.csv,159,39,2.564102564102564,1
0.011427081577795454,81.16682204010357,82.53807182943899,1.3712497893354545,LOKA_5m.csv,309,120,5.0,6
0.00456398850453039,189.64477341183388,190.9272541816069,1.2824807697730396,VOXEL_5m.csv,554,281,7.11743772241993,20
0.003678943466111439,57.29348953537465,57.760715355570824,0.4672258201961528,OG_5m.csv,370,127,6.299212598425196,8
-0.0009268691913088121,128.78090652218452,128.54548174759208,-0.23542477459243827,THE_5m.csv,511,254,4.330708661417323,11
-0.003217103601538174,24.593269138989875,24.300512711249894,-0.29275642773997385,PROVE_5m.csv,411,91,3.296703296703297,3
-0.001429039690874601,82.18372164098147,81.79645188475448,-0.38726975622701687,CETUS_5m.csv,136,271,2.952029520295203,8
-0.0016931370811403286,250.42094523967066,249.89945901867947,-0.5214862209912212,BROCCOLI714_5m.csv,120,308,5.844155844155844,18
-0.08,0.72,0.0,-0.72,ALL_5m.csv,46,9,0.0,0
-0.003906853544347105,123.41612400059935,122.37690095780302,-1.0392230427963298,AGT_5m.csv,33,266,4.511278195488721,12
-0.05067890620907679,7.36248671028018,5.94347733642603,-1.4190093738541503,KITE_5m.csv,292,28,3.571428571428571,1
-0.019050991792835932,57.484998062647456,55.35128698184983,-2.1337110807976245,MILK_5m.csv,336,112,5.357142857142857,6
-0.01598126432808385,105.49336224830392,102.84047236984202,-2.6528898784619193,VIDT_5m.csv,551,166,4.819277108433735,8
-0.00941314222245382,122.88303585957566,119.56960979727191,-3.313426062303745,FXS_5m.csv,224,352,4.261363636363636,15
-0.012151713336656296,155.20038039749426,151.83435580324047,-3.366024594253794,LIGHT_5m.csv,303,277,4.332129963898916,12
-0.05401383326241842,52.480361216279945,48.86143438769792,-3.618926828582034,TRUST_5m.csv,526,67,5.970149253731343,4
-0.04520117160555933,34.57832413991689,30.826626896655455,-3.7516972432614244,IRYS_5m.csv,276,83,3.614457831325301,3
-0.04736336945755561,39.395673624627925,35.27506048182059,-4.120613142807338,NEWT_5m.csv,358,87,3.4482758620689653,3
-0.040398841495272106,81.44050082532038,75.86546069897285,-5.575040126347551,BEAT_5m.csv,100,138,2.898550724637681,4
-0.03732767847585699,119.7597818990525,112.77950602406725,-6.9802758749852565,TROY_5m.csv,523,187,5.88235294117647,11
-0.24457284622333458,30.83665810820271,22.521181336609338,-8.315476771593376,BTCDOM_5m.csv,125,34,14.705882352941178,5
-0.049193748922242465,76.67060245882438,67.07782141898711,-9.59278103983728,INIT_5m.csv,269,195,3.5897435897435894,7
-0.03550163648307967,153.24282049578582,143.3733655534897,-9.869454942296148,SWELL_5m.csv,497,278,5.0359712230215825,14
-0.11777680959516976,20.077732821656657,8.888935910115539,-11.188796911541127,YB_5m.csv,580,95,2.1052631578947367,2
-0.050926036707999854,162.09331967229187,149.36181049529185,-12.731509176999964,PORT3_5m.csv,406,250,4.0,10
-0.2966026549941814,20.42409634679289,7.373579527048912,-13.050516819743983,FORTH_5m.csv,220,44,2.272727272727273,1
-0.04266917500456088,103.17767368549866,88.79816170896163,-14.379511976537017,COOKIE_5m.csv,150,337,2.0771513353115725,7
-0.23989178017998428,38.55901900077066,23.445836849431654,-15.113182151339009,CARV_5m.csv,131,63,6.349206349206349,4
-0.27682466088939106,52.666185310281385,36.05670565691792,-16.609479653363465,BOB_5m.csv,115,60,6.666666666666667,4
-0.3570054727311073,20.458428997503137,3.679171779141098,-16.77925721836204,SENT_5m.csv,457,47,2.127659574468085,1
-0.0688620953849204,70.7961214942228,53.58059764799272,-17.2155238462301,STRK_5m.csv,490,250,2.0,5
-0.16569359915860707,122.51514892191135,102.7976106220371,-19.717538299874242,ZKJ_5m.csv,591,119,9.243697478991598,11
-0.15900815008636704,122.8377205904571,100.09955512810662,-22.738165462350487,FIS_5m.csv,212,143,6.293706293706294,9
-0.46142446960215844,36.93227602976312,12.476779140848732,-24.455496888914396,TURTLE_5m.csv,531,53,1.8867924528301887,1
-0.12482381842590035,63.09465154546659,38.629183133990125,-24.46546841147647,QNT_5m.csv,419,196,3.061224489795918,6
-0.1498133029783752,110.86909574303685,84.95139432777792,-25.91770141525891,TRUMP_5m.csv,525,173,5.780346820809249,10
-0.03040034466686561,317.5683029523685,291.5456079175315,-26.022695034836964,UNI_5m.csv,538,856,3.9719626168224296,34
-0.25794605844852403,62.35633125266933,35.27199511557431,-27.084336137095022,VIC_5m.csv,550,105,2.857142857142857,3
-0.35150660520879085,33.46404078816091,4.288992555831269,-29.17504823232964,CVX_5m.csv,160,83,1.2048192771084338,1
-0.278957789784057,102.65189539999851,72.80341189310441,-29.848483506894098,币安人生_5m.csv,596,107,5.607476635514018,6
-0.21025643325977286,54.14704016013538,23.659857337468328,-30.487182822667066,RONIN_5m.csv,439,145,2.0689655172413794,3
-0.22156028092789432,93.85238433992649,58.84585995331916,-35.0065243866073,LAB_5m.csv,299,158,1.89873417721519,3
-0.15974206565646987,209.99492049318638,173.89321365482417,-36.10170683836219,BLESS_5m.csv,107,226,3.0973451327433628,7
-0.1770665494680426,133.00344711920258,94.22587278570123,-38.77757433350133,TRADOOR_5m.csv,520,219,2.73972602739726,6
-0.3413734479012754,85.14598852213953,41.79156063867757,-43.35442788346197,AWE_5m.csv,78,127,2.3622047244094486,3
-0.2275541027345121,132.13499207464784,87.30683383594895,-44.82815823869888,AIO_5m.csv,38,197,3.0456852791878175,6
-0.04038627513196085,291.9674301489944,242.93849213879395,-49.02893801020047,RUNE_5m.csv,443,1214,2.14168039538715,26
-0.14653064280917108,251.14890248099215,185.50317450248355,-65.64572797850865,BNX_5m.csv,114,448,5.357142857142857,24
