strategy,side,axis,parent,group,entry,trades,wins,losses,win_rate_pct,final_return_pct,max_return_pct,max_drawdown_pct,official_cd_value,name,stop_atr,rr,hold,cooldown,atrp_min,atrp_max,range20_max,vol_min,body_min,close_pos_long_min,close_pos_short_max,wick_min,ret3_floor,ret5_floor,ret10_floor,ret20_floor,ret3_ceil,ret5_ceil,ret10_ceil,ret20_ceil,trend_required,reclaim_required,anchor_required,breakout_bonus,absorb_bonus,be_r,trail_r,trail_atr,fail_bars,fail_pnl,post_loss_after,post_loss_bars,sym_dd_pct,sym_dd_bars,shock_lb,shock_ret5,shock_range,shock_close_pos
8V14_long_main_v1_040_lm_return_lift,long,long_main,6V2_L01_doubleflush_core,lm_return_lift,long_return_lift,106453,27992,78461,26.295172517449018,-92.34342204614534,0.0,98.59367220811868,1.4063277918813233,8V14_long_main_v1_040_lm_return_lift,1.25,2.25,27,16,0.0037,0.068,0.232,1.075,0.16,0.605,0.4,0.6000000000000001,-0.068,-0.10200000000000001,-0.15,-0.19,0.2,0.26,0.32,0.42,True,True,True,0.38,0.36,1.14,1.44,1.7200000000000002,8,-0.67,3,22,0.204,32,9,-0.044,0.098,0.28
8V14_long_main_v1_007_lm_return_lift,long,long_main,6V2_L01_doubleflush_core,lm_return_lift,long_return_lift,149297,33341,115956,22.331995954372825,-96.18432428507906,0.0,99.05420371964854,0.945796280351463,8V14_long_main_v1_007_lm_return_lift,1.1,2.15,18,20,0.0034,0.055999999999999994,0.218,1.075,0.16,0.605,0.4,0.3,-0.062,-0.094,-0.13999999999999999,-0.19,0.2,0.26,0.32,0.42,False,True,True,0.26,0.31,0.8999999999999999,1.33,1.32,5,-0.67,2,14,0.204,16,11,-0.044,0.068,0.28
8V14_long_main_v1_022_lm_return_lift,long,long_main,6V2_L01_doubleflush_core,lm_return_lift,long_return_lift,159640,27590,132050,17.2826359308444,-96.93844210167558,0.0,99.11999069654061,0.8800093034593837,8V14_long_main_v1_022_lm_return_lift,1.1,2.4499999999999997,27,8,0.0031,0.052,0.218,1.24,0.265,0.6749999999999999,0.33999999999999997,0.6000000000000001,-0.056,-0.086,-0.13,-0.19,0.2,0.26,0.32,0.42,True,True,True,0.26,0.46,0.8999999999999999,1.66,1.52,8,-0.91,3,30,0.252,24,5,-0.056,0.08800000000000001,0.28
8V14_long_main_v1_025_lm_return_lift,long,long_main,6V2_L01_doubleflush_core,lm_return_lift,long_return_lift,204141,54520,149621,26.707030924704007,-98.62421003717388,0.0,99.88295872274391,0.11704127725609137,8V14_long_main_v1_025_lm_return_lift,1.25,2.4499999999999997,18,14,0.0028,0.055999999999999994,0.232,1.24,0.265,0.71,0.31,0.3,-0.05,-0.078,-0.12,-0.19,0.2,0.26,0.32,0.42,True,True,True,0.38,0.46,1.14,1.66,1.62,5,-1.03,2,10,0.276,28,8,-0.062,0.08800000000000001,0.28
8V14_long_main_v1_010_lm_return_lift,long,long_main,6V2_L01_doubleflush_core,lm_return_lift,long_return_lift,197460,65376,132084,33.10847766636281,-98.56416911998906,0.0,99.89770223036176,0.10229776963823767,8V14_long_main_v1_010_lm_return_lift,1.25,2.15,27,12,0.0031,0.06,0.232,1.075,0.195,0.605,0.4,0.6000000000000001,-0.056,-0.086,-0.13,-0.19,0.2,0.26,0.32,0.42,True,True,True,0.38,0.31,1.14,1.33,1.4200000000000002,8,-0.67,3,18,0.204,20,7,-0.044,0.068,0.28
8V14_long_main_v1_037_lm_return_lift,long,long_main,6V2_L01_doubleflush_core,lm_return_lift,long_return_lift,257791,36227,221564,14.052856771570768,-99.56368500340803,0.0,99.92450185436952,0.07549814563048152,8V14_long_main_v1_037_lm_return_lift,1.1,2.25,18,10,0.0028,0.068,0.218,1.075,0.16,0.605,0.4,0.3,-0.05,-0.078,-0.12,-0.19,0.2,0.26,0.32,0.42,True,True,True,0.26,0.36,0.8999999999999999,1.44,1.7200000000000002,5,-0.67,2,22,0.204,32,6,-0.044,0.098,0.28
8V14_long_main_v1_030_lm_return_lift,long,long_main,6V2_L01_doubleflush_core,lm_return_lift,long_return_lift,199156,58320,140836,29.28357669364719,-98.85518725886139,0.0,99.96393809031954,0.03606190968045153,8V14_long_main_v1_030_lm_return_lift,1.25,2.05,33,10,0.0031,0.06,0.246,1.295,0.30000000000000004,0.71,0.31,0.8,-0.056,-0.086,-0.13,-0.23,0.2,0.26,0.32,0.42,True,False,True,0.38,0.26,1.14,1.22,1.62,10,-1.03,3,14,0.276,28,6,-0.062,0.08800000000000001,0.28
8V14_long_max_v1_026_lx_dd_compress,long,long_max,8V4_V51_V002_core_rare22_c1,lx_dd_compress,long_dd_compress,290854,44965,245889,15.45964642054089,-99.83422081711272,0.0,99.97957180386871,0.02042819613129465,8V14_long_max_v1_026_lx_dd_compress,1.05,1.9,21,16,0.0031,0.0475,0.18,1.295,0.265,0.71,0.31,0.4,-0.056,-0.086,-0.13,-0.21,0.2,0.26,0.32,0.42,False,True,True,0.22,0.26,0.82,1.1,1.45,6,-1.03,3,10,0.22000000000000003,28,9,-0.062,0.08800000000000001,0.28
8V14_long_main_v1_012_lm_return_lift,long,long_main,6V2_L01_doubleflush_core,lm_return_lift,long_return_lift,242688,52266,190422,21.53629351265823,-99.79730076398981,0.0,99.99065548952794,0.009344510472064638,8V14_long_main_v1_012_lm_return_lift,1.1,2.25,33,16,0.0037,0.06,0.232,1.1300000000000001,0.195,0.605,0.4,0.8,-0.068,-0.10200000000000001,-0.15,-0.23,0.2,0.26,0.32,0.42,True,False,True,0.26,0.36,0.8999999999999999,1.44,1.4200000000000002,10,-0.67,3,18,0.204,20,9,-0.044,0.078,0.28
8V14_long_main_v1_020_lm_return_lift,long,long_main,6V2_L01_doubleflush_core,lm_return_lift,long_return_lift,200940,65541,135399,32.617199163929534,-99.1465332067239,0.0,99.9908945954342,0.009105404565801223,8V14_long_main_v1_020_lm_return_lift,1.25,2.3499999999999996,21,18,0.0037,0.068,0.20400000000000001,1.185,0.23,0.6749999999999999,0.33999999999999997,0.4,-0.068,-0.10200000000000001,-0.15,-0.21,0.2,0.26,0.32,0.42,True,False,True,0.38,0.41000000000000003,1.14,1.55,1.52,6,-0.91,3,26,0.252,24,10,-0.056,0.078,0.28
8V14_short_max_v1_026_sx_dd_compress,short,short_max,short_only_reference_1x,sx_dd_compress,short_dd_compress,334992,58566,276426,17.48280555953575,-99.92613068404823,0.0,99.9944212177553,0.005578782244697322,8V14_short_max_v1_026_sx_dd_compress,1.1,1.9,18,16,0.0031,0.0475,0.18,1.295,0.265,0.71,0.31,0.4,-0.2,-0.26,-0.32,-0.42,0.056,0.086,0.13,0.21,False,True,True,0.22,0.26,0.82,1.1,1.45,6,-1.03,3,10,0.22000000000000003,28,9,0.062,0.08800000000000001,0.72
8V14_long_max_v1_022_lx_dd_compress,long,long_max,8V4_V51_V002_core_rare22_c1,lx_dd_compress,long_dd_compress,320258,68090,252168,21.260983332188424,-99.91524210422814,0.0,99.99540437770453,0.004595622295466839,8V14_long_max_v1_022_lx_dd_compress,1.1,2.26,27,8,0.0031,0.044,0.16999999999999998,1.24,0.265,0.6749999999999999,0.33999999999999997,0.6000000000000001,-0.056,-0.086,-0.13,-0.19,0.2,0.26,0.32,0.42,True,True,True,0.26,0.46,0.8999999999999999,1.5,1.3599999999999999,8,-0.91,3,30,0.2,24,5,-0.056,0.08800000000000001,0.28
8V14_long_main_v1_032_lm_return_lift,long,long_main,6V2_L01_doubleflush_core,lm_return_lift,long_return_lift,259322,46395,212927,17.890884691618915,-99.8691176546459,0.0,99.99556166370964,0.004438336290357725,8V14_long_main_v1_032_lm_return_lift,1.1,2.15,21,14,0.0037,0.06,0.19,1.02,0.30000000000000004,0.57,0.43,0.4,-0.068,-0.10200000000000001,-0.15,-0.21,0.2,0.26,0.32,0.42,True,False,True,0.26,0.31,0.8999999999999999,1.33,1.62,6,-0.55,3,14,0.18,28,8,-0.038,0.098,0.28
8V14_long_max_v1_046_lx_dd_compress,long,long_max,8V4_V51_V002_core_rare22_c1,lx_dd_compress,long_dd_compress,348200,68515,279685,19.676909821941415,-99.93107604066512,0.0,99.99564410154109,0.004355898458907603,8V14_long_max_v1_046_lx_dd_compress,1.05,2.26,27,14,0.0031,0.0475,0.15,1.185,0.195,0.6399999999999999,0.37,0.6000000000000001,-0.056,-0.086,-0.13,-0.19,0.2,0.26,0.32,0.42,True,True,True,0.22,0.46,0.82,1.5,1.18,8,-0.79,3,30,0.18000000000000002,36,8,-0.05,0.10800000000000001,0.28
8V14_long_main_v1_027_lm_return_lift,long,long_main,6V2_L01_doubleflush_core,lm_return_lift,long_return_lift,263988,47168,216820,17.867478824795064,-99.89373467054338,0.0,99.99730705235457,0.0026929476454329304,8V14_long_main_v1_027_lm_return_lift,1.1,2.05,24,18,0.0034,0.055999999999999994,0.232,1.295,0.265,0.71,0.31,0.5,-0.062,-0.094,-0.13999999999999999,-0.23,0.2,0.26,0.32,0.42,False,False,True,0.26,0.26,0.8999999999999999,1.22,1.62,7,-1.03,2,10,0.276,28,10,-0.062,0.08800000000000001,0.28
8V14_long_max_v1_030_lx_dd_compress,long,long_max,8V4_V51_V002_core_rare22_c1,lx_dd_compress,long_dd_compress,286607,94231,192376,32.87812230685224,-99.80480021622236,0.0,99.997539511338,0.002460488661992777,8V14_long_max_v1_030_lx_dd_compress,1.25,1.9,33,10,0.0031,0.051,0.19,1.295,0.30000000000000004,0.71,0.31,0.8,-0.056,-0.086,-0.13,-0.23,0.2,0.26,0.32,0.42,True,False,True,0.38,0.26,1.14,1.1,1.45,10,-1.03,3,14,0.22000000000000003,28,6,-0.062,0.08800000000000001,0.28
8V14_long_main_v1_017_lm_return_lift,long,long_main,6V2_L01_doubleflush_core,lm_return_lift,long_return_lift,343375,61321,282054,17.858318165271207,-99.95982900296451,0.0,99.9983649243044,0.0016350756956051704,8V14_long_main_v1_017_lm_return_lift,1.1,2.3499999999999996,30,12,0.0028,0.068,0.19,1.185,0.23,0.6399999999999999,0.37,0.7,-0.05,-0.078,-0.12,-0.21,0.2,0.26,0.32,0.42,True,False,True,0.26,0.41000000000000003,0.8999999999999999,1.55,1.52,9,-0.79,2,26,0.22799999999999998,24,7,-0.05,0.078,0.28
8V14_short_max_v1_046_sx_dd_compress,short,short_max,short_only_reference_1x,sx_dd_compress,short_dd_compress,392011,82496,309515,21.044307430148642,-99.96731345546075,0.0,99.99882257048968,0.0011774295103239574,8V14_short_max_v1_046_sx_dd_compress,1.1,2.26,24,14,0.0031,0.0475,0.15,1.185,0.195,0.6399999999999999,0.37,0.6000000000000001,-0.2,-0.26,-0.32,-0.42,0.056,0.086,0.13,0.19,True,True,True,0.22,0.46,0.82,1.5,1.18,8,-0.79,3,30,0.18000000000000002,36,8,0.05,0.10800000000000001,0.72
8V14_short_max_v1_022_sx_dd_compress,short,short_max,short_only_reference_1x,sx_dd_compress,short_dd_compress,370221,86773,283448,23.43816261098101,-99.96283651325238,0.0,99.99902356103185,0.000976438968147697,8V14_short_max_v1_022_sx_dd_compress,1.1500000000000001,2.26,24,8,0.0031,0.044,0.16999999999999998,1.24,0.265,0.6749999999999999,0.33999999999999997,0.6000000000000001,-0.2,-0.26,-0.32,-0.42,0.056,0.086,0.13,0.19,True,True,True,0.26,0.46,0.8999999999999999,1.5,1.3599999999999999,8,-0.91,3,30,0.2,24,5,0.056,0.08800000000000001,0.72
8V14_short_main_v1_022_sm_edge_preserve,short,short_main,short_beh_dd_brake,sm_edge_preserve,short_edge_preserve,369762,74155,295607,20.054792001341404,-99.96771339277221,0.0,99.99907863812768,0.0009213618723191708,8V14_short_main_v1_022_sm_edge_preserve,1.1500000000000001,2.4499999999999997,24,8,0.0031,0.052,0.218,1.24,0.265,0.6749999999999999,0.33999999999999997,0.6000000000000001,-0.2,-0.26,-0.32,-0.42,0.056,0.086,0.13,0.19,True,True,True,0.26,0.46,0.8999999999999999,1.66,1.52,8,-0.91,3,30,0.252,24,5,0.056,0.08800000000000001,0.72
8V14_long_max_v1_042_lx_dd_compress,long,long_max,8V4_V51_V002_core_rare22_c1,lx_dd_compress,long_dd_compress,378029,95602,282427,25.28959418457314,-99.96613584351059,0.0,99.99913241386596,0.0008675861340345925,8V14_long_max_v1_042_lx_dd_compress,1.1,2.17,33,20,0.0031,0.044,0.18,1.1300000000000001,0.16,0.605,0.4,0.8,-0.056,-0.086,-0.13,-0.23,0.2,0.26,0.32,0.42,True,False,True,0.26,0.41000000000000003,0.8999999999999999,1.4000000000000001,1.18,10,-0.67,3,26,0.16,36,11,-0.044,0.10800000000000001,0.28
8V14_long_main_v1_042_lm_return_lift,long,long_main,6V2_L01_doubleflush_core,lm_return_lift,long_return_lift,336940,73660,263280,21.86145901347421,-99.96523624449681,0.0,99.99916979313502,0.0008302068649768124,8V14_long_main_v1_042_lm_return_lift,1.1,2.3499999999999996,33,20,0.0031,0.052,0.232,1.1300000000000001,0.16,0.605,0.4,0.8,-0.056,-0.086,-0.13,-0.23,0.2,0.26,0.32,0.42,True,False,True,0.26,0.41000000000000003,0.8999999999999999,1.55,1.32,10,-0.67,3,26,0.204,36,11,-0.044,0.10800000000000001,0.28
8V14_long_max_v1_018_lx_dd_compress,long,long_max,8V4_V51_V002_core_rare22_c1,lx_dd_compress,long_dd_compress,358551,94634,263917,26.393455882147865,-99.9620736440315,0.0,99.9992879189103,0.0007120810897043306,8V14_long_max_v1_018_lx_dd_compress,1.1500000000000001,2.17,33,14,0.0031,0.057999999999999996,0.15,1.185,0.23,0.6399999999999999,0.37,0.8,-0.056,-0.086,-0.13,-0.23,0.2,0.26,0.32,0.42,True,False,True,0.3,0.41000000000000003,0.98,1.4000000000000001,1.3599999999999999,10,-0.79,3,26,0.18000000000000002,24,8,-0.05,0.078,0.28
8V14_long_main_v1_050_lm_return_lift,long,long_main,6V2_L01_doubleflush_core,lm_return_lift,long_return_lift,287873,91990,195883,31.95506351759283,-99.83261483355766,0.0,99.99933425065815,0.0006657493418438243,8V14_long_main_v1_050_lm_return_lift,1.25,2.4499999999999997,21,8,0.0031,0.06,0.20400000000000001,1.185,0.23,0.6749999999999999,0.33999999999999997,0.4,-0.056,-0.086,-0.13,-0.21,0.2,0.26,0.32,0.42,True,False,True,0.38,0.46,1.14,1.66,1.4200000000000002,6,-0.91,3,10,0.252,16,5,-0.056,0.10800000000000001,0.28
8V14_short_main_v1_012_sm_edge_preserve,short,short_main,short_beh_dd_brake,sm_edge_preserve,short_edge_preserve,342268,81977,260291,23.951114331459557,-99.96511845908827,0.0,99.99941777863584,0.0005822213641537566,8V14_short_main_v1_012_sm_edge_preserve,1.1500000000000001,2.25,30,16,0.0037,0.06,0.232,1.1300000000000001,0.195,0.605,0.4,0.8,-0.2,-0.26,-0.32,-0.42,0.068,0.10200000000000001,0.15,0.23,True,False,True,0.26,0.36,0.8999999999999999,1.44,1.4200000000000002,10,-0.67,3,18,0.204,20,9,0.044,0.078,0.72
8V14_short_max_v1_030_sx_dd_compress,short,short_max,short_only_reference_1x,sx_dd_compress,short_dd_compress,329881,120132,209749,36.41676847105471,-99.87790322445164,0.0,99.99945731274003,0.0005426872599634258,8V14_short_max_v1_030_sx_dd_compress,1.3,1.9,30,10,0.0031,0.051,0.19,1.295,0.30000000000000004,0.71,0.31,0.8,-0.2,-0.26,-0.32,-0.42,0.056,0.086,0.13,0.23,True,False,True,0.38,0.26,1.14,1.1,1.45,10,-1.03,3,14,0.22000000000000003,28,6,0.062,0.08800000000000001,0.72
8V14_short_main_v1_027_sm_edge_preserve,short,short_main,short_beh_dd_brake,sm_edge_preserve,short_edge_preserve,339392,66074,273318,19.46834339053366,-99.9674758872819,0.0,99.99946256038153,0.0005374396184643082,8V14_short_main_v1_027_sm_edge_preserve,1.1500000000000001,2.05,21,18,0.0034,0.055999999999999994,0.232,1.295,0.265,0.71,0.31,0.5,-0.2,-0.26,-0.32,-0.42,0.062,0.094,0.13999999999999999,0.23,False,False,True,0.26,0.26,0.8999999999999999,1.22,1.62,7,-1.03,2,10,0.276,28,10,0.062,0.08800000000000001,0.72
8V14_short_main_v1_040_sm_edge_preserve,short,short_main,short_beh_dd_brake,sm_edge_preserve,short_edge_preserve,305810,97500,208310,31.88254144730388,-99.81315355893608,0.0,99.99964377492947,0.0003562250705302361,8V14_short_main_v1_040_sm_edge_preserve,1.3,2.25,24,16,0.0037,0.068,0.232,1.075,0.16,0.605,0.4,0.6000000000000001,-0.2,-0.26,-0.32,-0.42,0.068,0.10200000000000001,0.15,0.19,True,True,True,0.38,0.36,1.14,1.44,1.7200000000000002,8,-0.67,3,22,0.204,32,9,0.044,0.098,0.72
8V14_short_main_v1_020_sm_edge_preserve,short,short_main,short_beh_dd_brake,sm_edge_preserve,short_edge_preserve,302212,105147,197065,34.792463568620704,-99.83399757507544,0.0,99.99968435347378,0.0003156465262166286,8V14_short_main_v1_020_sm_edge_preserve,1.3,2.3499999999999996,18,18,0.0037,0.068,0.20400000000000001,1.185,0.23,0.6749999999999999,0.33999999999999997,0.4,-0.2,-0.26,-0.32,-0.42,0.068,0.10200000000000001,0.15,0.21,True,False,True,0.38,0.41000000000000003,1.14,1.55,1.52,6,-0.91,3,26,0.252,24,10,0.056,0.078,0.72
8V14_long_max_v1_006_lx_dd_compress,long,long_max,8V4_V51_V002_core_rare22_c1,lx_dd_compress,long_dd_compress,446935,96452,350483,21.580766778166847,-99.99162609887127,0.0,99.99971303198706,0.00028696801294136876,8V14_long_max_v1_006_lx_dd_compress,1.05,1.99,33,18,0.0031,0.0475,0.16,1.075,0.16,0.57,0.43,0.8,-0.056,-0.086,-0.13,-0.23,0.2,0.26,0.32,0.42,True,False,True,0.22,0.31,0.82,1.2000000000000002,1.18,10,-0.55,3,14,0.14,16,10,-0.038,0.068,0.28
8V14_short_main_v1_007_sm_edge_preserve,short,short_main,short_beh_dd_brake,sm_edge_preserve,short_edge_preserve,398699,103658,295041,25.999061948989088,-99.98284325143594,0.0,99.99973689245448,0.00026310754551728266,8V14_short_main_v1_007_sm_edge_preserve,1.1500000000000001,2.15,15,20,0.0034,0.055999999999999994,0.218,1.075,0.16,0.605,0.4,0.3,-0.2,-0.26,-0.32,-0.42,0.062,0.094,0.13999999999999999,0.19,False,True,True,0.26,0.31,0.8999999999999999,1.33,1.32,5,-0.67,2,14,0.204,16,11,0.044,0.068,0.72
8V14_short_max_v1_042_sx_dd_compress,short,short_max,short_only_reference_1x,sx_dd_compress,short_dd_compress,423380,115748,307632,27.339033492370916,-99.98185389824721,0.0,99.99978904970878,0.0002109502912239769,8V14_short_max_v1_042_sx_dd_compress,1.1500000000000001,2.17,30,20,0.0031,0.044,0.18,1.1300000000000001,0.16,0.605,0.4,0.8,-0.2,-0.26,-0.32,-0.42,0.056,0.086,0.13,0.23,True,False,True,0.26,0.41000000000000003,0.8999999999999999,1.4000000000000001,1.18,10,-0.67,3,26,0.16,36,11,0.044,0.10800000000000001,0.72
8V14_short_main_v1_032_sm_edge_preserve,short,short_main,short_beh_dd_brake,sm_edge_preserve,short_edge_preserve,371622,74854,296768,20.142510400353046,-99.98141850980063,0.0,99.9998038478743,0.00019615212569767948,8V14_short_main_v1_032_sm_edge_preserve,1.1500000000000001,2.15,18,14,0.0037,0.06,0.19,1.02,0.30000000000000004,0.57,0.43,0.4,-0.2,-0.26,-0.32,-0.42,0.068,0.10200000000000001,0.15,0.21,True,False,True,0.26,0.31,0.8999999999999999,1.33,1.62,6,-0.55,3,14,0.18,28,8,0.038,0.098,0.72
8V14_short_main_v1_030_sm_edge_preserve,short,short_main,short_beh_dd_brake,sm_edge_preserve,short_edge_preserve,347017,114256,232761,32.9251881031765,-99.90726721721416,0.0,99.999814810677,0.0001851893230098156,8V14_short_main_v1_030_sm_edge_preserve,1.3,2.05,30,10,0.0031,0.06,0.246,1.295,0.30000000000000004,0.71,0.31,0.8,-0.2,-0.26,-0.32,-0.42,0.056,0.086,0.13,0.23,True,False,True,0.38,0.26,1.14,1.22,1.62,10,-1.03,3,14,0.276,28,6,0.062,0.08800000000000001,0.72
8V14_long_max_v1_050_lx_dd_compress,long,long_max,8V4_V51_V002_core_rare22_c1,lx_dd_compress,long_dd_compress,357059,123598,233461,34.615567735304246,-99.94582808442156,0.0,99.99982469574604,0.00017530425395761995,8V14_long_max_v1_050_lx_dd_compress,1.25,2.26,21,8,0.0031,0.051,0.16,1.185,0.23,0.6749999999999999,0.33999999999999997,0.4,-0.056,-0.086,-0.13,-0.21,0.2,0.26,0.32,0.42,False,True,True,0.38,0.46,1.14,1.5,1.27,6,-0.91,3,10,0.2,16,5,-0.056,0.10800000000000001,0.28
8V14_short_max_v1_018_sx_dd_compress,short,short_max,short_only_reference_1x,sx_dd_compress,short_dd_compress,405871,118974,286897,29.313254704080855,-99.97961610581906,0.0,99.99984866045331,0.00015133954669455107,8V14_short_max_v1_018_sx_dd_compress,1.2000000000000002,2.17,30,14,0.0031,0.057999999999999996,0.15,1.185,0.23,0.6399999999999999,0.37,0.8,-0.2,-0.26,-0.32,-0.42,0.056,0.086,0.13,0.23,True,False,True,0.3,0.41000000000000003,0.98,1.4000000000000001,1.3599999999999999,10,-0.79,3,26,0.18000000000000002,24,8,0.05,0.078,0.72
8V14_long_max_v1_038_lx_dd_compress,long,long_max,8V4_V51_V002_core_rare22_c1,lx_dd_compress,long_dd_compress,406088,91068,315020,22.425681133153404,-99.98722100956319,0.0,99.99985158869434,0.00014841130565601546,8V14_long_max_v1_038_lx_dd_compress,1.1500000000000001,2.08,21,12,0.0031,0.057999999999999996,0.16999999999999998,1.075,0.16,0.605,0.4,0.4,-0.056,-0.086,-0.13,-0.21,0.2,0.26,0.32,0.42,False,True,True,0.3,0.36,0.98,1.3,1.54,6,-0.67,3,22,0.16,32,7,-0.044,0.098,0.28
8V14_long_max_v1_014_lx_dd_compress,long,long_max,8V4_V51_V002_core_rare22_c1,lx_dd_compress,long_dd_compress,389865,133423,256442,34.22287201980173,-99.97551871517068,0.0,99.99986941115486,0.00013058884513750257,8V14_long_max_v1_014_lx_dd_compress,1.2000000000000002,2.08,21,20,0.0031,0.0545,0.19,1.1300000000000001,0.195,0.6399999999999999,0.37,0.4,-0.056,-0.086,-0.13,-0.21,0.2,0.26,0.32,0.42,False,True,True,0.33999999999999997,0.36,1.06,1.3,1.27,6,-0.79,3,22,0.18000000000000002,20,11,-0.05,0.078,0.28
8V14_long_main_v1_047_lm_return_lift,long,long_main,6V2_L01_doubleflush_core,lm_return_lift,long_return_lift,351223,74555,276668,21.227254479347877,-99.98876606234738,0.0,99.99991109542322,8.890457678933927e-05,8V14_long_main_v1_047_lm_return_lift,1.1,2.4499999999999997,30,16,0.0034,0.055999999999999994,0.19,1.185,0.195,0.6399999999999999,0.37,0.7,-0.062,-0.094,-0.13999999999999999,-0.21,0.2,0.26,0.32,0.42,False,False,True,0.26,0.46,0.8999999999999999,1.66,1.32,9,-0.79,2,30,0.22799999999999998,36,9,-0.05,0.10800000000000001,0.28
8V14_short_main_v1_047_sm_edge_preserve,short,short_main,short_beh_dd_brake,sm_edge_preserve,short_edge_preserve,404013,91330,312683,22.605708232160847,-99.99160609986673,0.0,99.9999399511054,6.004889460120566e-05,8V14_short_main_v1_047_sm_edge_preserve,1.1500000000000001,2.4499999999999997,27,16,0.0034,0.055999999999999994,0.19,1.185,0.195,0.6399999999999999,0.37,0.7,-0.2,-0.26,-0.32,-0.42,0.062,0.094,0.13999999999999999,0.21,False,False,True,0.26,0.46,0.8999999999999999,1.66,1.32,9,-0.79,2,30,0.22799999999999998,36,9,0.05,0.10800000000000001,0.72
8V14_short_max_v1_006_sx_dd_compress,short,short_max,short_only_reference_1x,sx_dd_compress,short_dd_compress,501221,121155,380066,24.171972044267896,-99.99663360006979,0.0,99.99994059863626,5.9401363738942337e-05,8V14_short_max_v1_006_sx_dd_compress,1.1,1.99,30,18,0.0031,0.0475,0.16,1.075,0.16,0.57,0.43,0.8,-0.2,-0.26,-0.32,-0.42,0.056,0.086,0.13,0.23,True,False,True,0.22,0.31,0.82,1.2000000000000002,1.18,10,-0.55,3,14,0.14,16,10,0.038,0.068,0.72
8V14_long_max_v1_002_lx_dd_compress,long,long_max,8V4_V51_V002_core_rare22_c1,lx_dd_compress,long_dd_compress,478526,128351,350175,26.822158043659073,-99.9962251296785,0.0,99.99995441793224,4.55820677536245e-05,8V14_long_max_v1_002_lx_dd_compress,1.1,1.9,21,10,0.0031,0.044,0.15,1.02,0.16,0.57,0.43,0.4,-0.056,-0.086,-0.13,-0.21,0.2,0.26,0.32,0.42,False,True,True,0.26,0.26,0.8999999999999999,1.1,1.18,6,-0.55,3,10,0.14,16,6,-0.038,0.068,0.28
8V14_long_main_v1_045_lm_return_lift,long,long_main,6V2_L01_doubleflush_core,lm_return_lift,long_return_lift,373129,126892,246237,34.007541627694444,-99.96658838438336,0.0,99.99995853328886,4.146671114257927e-05,8V14_long_main_v1_045_lm_return_lift,1.25,2.3499999999999996,24,12,0.0028,0.055999999999999994,0.246,1.1300000000000001,0.195,0.6399999999999999,0.37,0.5,-0.05,-0.078,-0.12,-0.23,0.2,0.26,0.32,0.42,True,False,True,0.38,0.41000000000000003,1.14,1.55,1.32,7,-0.79,2,30,0.22799999999999998,36,7,-0.05,0.10800000000000001,0.28
8V14_short_main_v1_025_sm_edge_preserve,short,short_main,short_beh_dd_brake,sm_edge_preserve,short_edge_preserve,424658,130302,294356,30.683985701435034,-99.9727034001441,0.0,99.99995991880911,4.008119088849682e-05,8V14_short_main_v1_025_sm_edge_preserve,1.3,2.4499999999999997,15,14,0.0028,0.055999999999999994,0.232,1.24,0.265,0.71,0.31,0.3,-0.2,-0.26,-0.32,-0.42,0.05,0.078,0.12,0.19,True,True,True,0.38,0.46,1.14,1.66,1.62,5,-1.03,2,10,0.276,28,8,0.062,0.08800000000000001,0.72
8V14_long_max_v1_034_lx_dd_compress,long,long_max,8V4_V51_V002_core_rare22_c1,lx_dd_compress,long_dd_compress,420797,114272,306525,27.156087139404512,-99.98922147030895,0.0,99.99996149100487,3.850899513713202e-05,8V14_long_max_v1_034_lx_dd_compress,1.2000000000000002,1.99,27,18,0.0031,0.0545,0.16,1.02,0.30000000000000004,0.57,0.43,0.6000000000000001,-0.056,-0.086,-0.13,-0.19,0.2,0.26,0.32,0.42,True,True,True,0.33999999999999997,0.31,1.06,1.2000000000000002,1.54,8,-0.55,3,18,0.14,32,10,-0.038,0.098,0.28
8V14_short_main_v1_042_sm_edge_preserve,short,short_main,short_beh_dd_brake,sm_edge_preserve,short_edge_preserve,465187,109864,355323,23.617169009452113,-99.99544272000566,0.0,99.99996569245839,3.43075416076033e-05,8V14_short_main_v1_042_sm_edge_preserve,1.1500000000000001,2.3499999999999996,30,20,0.0031,0.052,0.232,1.1300000000000001,0.16,0.605,0.4,0.8,-0.2,-0.26,-0.32,-0.42,0.056,0.086,0.13,0.23,True,False,True,0.26,0.41000000000000003,0.8999999999999999,1.55,1.32,10,-0.67,3,26,0.204,36,11,0.044,0.10800000000000001,0.72
8V14_short_max_v1_038_sx_dd_compress,short,short_max,short_only_reference_1x,sx_dd_compress,short_dd_compress,454375,115359,339016,25.388500687757908,-99.99227685340793,0.0,99.99996711437474,3.28856252562737e-05,8V14_short_max_v1_038_sx_dd_compress,1.2000000000000002,2.08,18,12,0.0031,0.057999999999999996,0.16999999999999998,1.075,0.16,0.605,0.4,0.4,-0.2,-0.26,-0.32,-0.42,0.056,0.086,0.13,0.21,False,True,True,0.3,0.36,0.98,1.3,1.54,6,-0.67,3,22,0.16,32,7,0.044,0.098,0.72
8V14_short_max_v1_050_sx_dd_compress,short,short_max,short_only_reference_1x,sx_dd_compress,short_dd_compress,413676,153535,260141,37.11479515369516,-99.96343796234459,0.0,99.99997149159839,2.8508401617166612e-05,8V14_short_max_v1_050_sx_dd_compress,1.3,2.26,18,8,0.0031,0.051,0.16,1.185,0.23,0.6749999999999999,0.33999999999999997,0.4,-0.2,-0.26,-0.32,-0.42,0.056,0.086,0.13,0.21,False,True,True,0.38,0.46,1.14,1.5,1.27,6,-0.91,3,10,0.2,16,5,0.056,0.10800000000000001,0.72
8V14_short_max_v1_014_sx_dd_compress,short,short_max,short_only_reference_1x,sx_dd_compress,short_dd_compress,441262,164103,277159,37.18947020137696,-99.9847325440246,0.0,99.99997446842744,2.5531572556136695e-05,8V14_short_max_v1_014_sx_dd_compress,1.25,2.08,18,20,0.0031,0.0545,0.19,1.1300000000000001,0.195,0.6399999999999999,0.37,0.4,-0.2,-0.26,-0.32,-0.42,0.056,0.086,0.13,0.21,False,True,True,0.33999999999999997,0.36,1.06,1.3,1.27,6,-0.79,3,22,0.18000000000000002,20,11,0.05,0.078,0.72
8V14_long_main_v1_002_lm_return_lift,long,long_main,6V2_L01_doubleflush_core,lm_return_lift,long_return_lift,442011,103525,338486,23.42136281676248,-99.99733723066718,0.0,99.99998226840343,1.7731596568815178e-05,8V14_long_main_v1_002_lm_return_lift,1.1,2.05,21,10,0.0031,0.052,0.19,1.02,0.16,0.57,0.43,0.4,-0.056,-0.086,-0.13,-0.21,0.2,0.26,0.32,0.42,True,False,True,0.26,0.26,0.8999999999999999,1.22,1.32,6,-0.55,3,10,0.18,16,6,-0.038,0.068,0.28
8V14_long_max_v1_010_lx_dd_compress,long,long_max,8V4_V51_V002_core_rare22_c1,lx_dd_compress,long_dd_compress,424035,168785,255250,39.8044972702725,-99.98700424847195,0.0,99.99998298855702,1.7011442976500035e-05,8V14_long_max_v1_010_lx_dd_compress,1.25,1.99,27,12,0.0031,0.051,0.18,1.075,0.195,0.605,0.4,0.6000000000000001,-0.056,-0.086,-0.13,-0.19,0.2,0.26,0.32,0.42,True,True,True,0.38,0.31,1.14,1.2000000000000002,1.27,8,-0.67,3,18,0.16,20,7,-0.044,0.068,0.28
8V14_short_main_v1_017_sm_edge_preserve,short,short_main,short_beh_dd_brake,sm_edge_preserve,short_edge_preserve,520991,105176,415815,20.187680785272683,-99.99843907288968,0.0,99.99998730779957,1.2692200423991551e-05,8V14_short_main_v1_017_sm_edge_preserve,1.1500000000000001,2.3499999999999996,27,12,0.0028,0.068,0.19,1.185,0.23,0.6399999999999999,0.37,0.7,-0.2,-0.26,-0.32,-0.42,0.05,0.078,0.12,0.21,True,False,True,0.26,0.41000000000000003,0.8999999999999999,1.55,1.52,9,-0.79,2,26,0.22799999999999998,24,7,0.05,0.078,0.72
8V14_short_main_v1_037_sm_edge_preserve,short,short_main,short_beh_dd_brake,sm_edge_preserve,short_edge_preserve,545049,93746,451303,17.199554535463786,-99.99870452326505,0.0,99.99999045161505,9.548384949376043e-06,8V14_short_main_v1_037_sm_edge_preserve,1.1500000000000001,2.25,15,10,0.0028,0.068,0.218,1.075,0.16,0.605,0.4,0.3,-0.2,-0.26,-0.32,-0.42,0.05,0.078,0.12,0.19,True,True,True,0.26,0.36,0.8999999999999999,1.44,1.7200000000000002,5,-0.67,2,22,0.204,32,6,0.044,0.098,0.72
8V14_short_max_v1_002_sx_dd_compress,short,short_max,short_only_reference_1x,sx_dd_compress,short_dd_compress,536762,161664,375098,30.118376487158184,-99.99823686985987,0.0,99.99999166053051,8.339469492746332e-06,8V14_short_max_v1_002_sx_dd_compress,1.1500000000000001,1.9,18,10,0.0031,0.044,0.15,1.02,0.16,0.57,0.43,0.4,-0.2,-0.26,-0.32,-0.42,0.056,0.086,0.13,0.21,False,True,True,0.26,0.26,0.8999999999999999,1.1,1.18,6,-0.55,3,10,0.14,16,6,0.038,0.068,0.72
8V14_short_max_v1_034_sx_dd_compress,short,short_max,short_only_reference_1x,sx_dd_compress,short_dd_compress,468415,142738,325677,30.472551049816936,-99.99220135480545,0.0,99.99999183427636,8.165723641706535e-06,8V14_short_max_v1_034_sx_dd_compress,1.25,1.99,24,18,0.0031,0.0545,0.16,1.02,0.30000000000000004,0.57,0.43,0.6000000000000001,-0.2,-0.26,-0.32,-0.42,0.056,0.086,0.13,0.19,True,True,True,0.33999999999999997,0.31,1.06,1.2000000000000002,1.54,8,-0.55,3,18,0.14,32,10,0.038,0.098,0.72
8V14_short_main_v1_050_sm_edge_preserve,short,short_main,short_beh_dd_brake,sm_edge_preserve,short_edge_preserve,454995,155357,299638,34.14477082165738,-99.98823117012915,0.0,99.99999665429802,3.345701982127025e-06,8V14_short_main_v1_050_sm_edge_preserve,1.3,2.4499999999999997,18,8,0.0031,0.06,0.20400000000000001,1.185,0.23,0.6749999999999999,0.33999999999999997,0.4,-0.2,-0.26,-0.32,-0.42,0.056,0.086,0.13,0.21,True,False,True,0.38,0.46,1.14,1.66,1.4200000000000002,6,-0.91,3,10,0.252,16,5,0.056,0.10800000000000001,0.72
8V14_short_max_v1_010_sx_dd_compress,short,short_max,short_only_reference_1x,sx_dd_compress,short_dd_compress,477716,205216,272500,42.95774058227064,-99.99059194627239,0.0,99.9999971591415,2.8408585039940704e-06,8V14_short_max_v1_010_sx_dd_compress,1.3,1.99,24,12,0.0031,0.051,0.18,1.075,0.195,0.605,0.4,0.6000000000000001,-0.2,-0.26,-0.32,-0.42,0.056,0.086,0.13,0.19,True,True,True,0.38,0.31,1.14,1.2000000000000002,1.27,8,-0.67,3,18,0.16,20,7,0.044,0.068,0.72
8V14_short_main_v1_010_sm_edge_preserve,short,short_main,short_beh_dd_brake,sm_edge_preserve,short_edge_preserve,477590,182134,295456,38.13605812517012,-99.99238735742725,0.0,99.99999748246061,2.517539388069423e-06,8V14_short_main_v1_010_sm_edge_preserve,1.3,2.15,24,12,0.0031,0.06,0.232,1.075,0.195,0.605,0.4,0.6000000000000001,-0.2,-0.26,-0.32,-0.42,0.056,0.086,0.13,0.19,True,True,True,0.38,0.31,1.14,1.33,1.4200000000000002,8,-0.67,3,18,0.204,20,7,0.044,0.068,0.72
8V14_long_main_v1_035_lm_return_lift,long,long_main,6V2_L01_doubleflush_core,lm_return_lift,long_return_lift,377171,112133,265038,29.730016358627786,-99.98005574092886,0.0,99.99999865938717,1.3406128207549273e-06,8V14_long_main_v1_035_lm_return_lift,1.25,2.15,30,20,0.0034,0.064,0.20400000000000001,1.02,0.30000000000000004,0.57,0.43,0.7,-0.062,-0.094,-0.13999999999999999,-0.21,0.2,0.26,0.32,0.42,False,False,True,0.38,0.31,1.14,1.33,1.7200000000000002,9,-0.55,2,18,0.18,32,11,-0.038,0.098,0.28
8V14_long_main_v1_015_lm_return_lift,long,long_main,6V2_L01_doubleflush_core,lm_return_lift,long_return_lift,384866,138929,245937,36.09801853112512,-99.98622853234836,0.0,99.99999917182312,8.28176882627929e-07,8V14_long_main_v1_015_lm_return_lift,1.25,2.25,24,8,0.0034,0.064,0.246,1.1300000000000001,0.23,0.6399999999999999,0.37,0.5,-0.062,-0.094,-0.13999999999999999,-0.23,0.2,0.26,0.32,0.42,False,False,True,0.38,0.36,1.14,1.44,1.4200000000000002,7,-0.79,2,22,0.22799999999999998,20,5,-0.05,0.078,0.28
8V14_long_main_v1_005_lm_return_lift,long,long_main,6V2_L01_doubleflush_core,lm_return_lift,long_return_lift,480808,184233,296575,38.31737408695363,-99.9972153817224,0.0,99.999999507941,4.920590046531004e-07,8V14_long_main_v1_005_lm_return_lift,1.25,2.05,30,16,0.0028,0.055999999999999994,0.20400000000000001,1.02,0.16,0.57,0.43,0.7,-0.05,-0.078,-0.12,-0.21,0.2,0.26,0.32,0.42,True,False,True,0.38,0.26,1.14,1.22,1.32,9,-0.55,2,14,0.18,16,9,-0.038,0.068,0.28
8V14_short_main_v1_045_sm_edge_preserve,short,short_main,short_beh_dd_brake,sm_edge_preserve,short_edge_preserve,531136,193049,338087,36.34643481142306,-99.99603891204039,0.0,99.99999954669563,4.533043718168983e-07,8V14_short_main_v1_045_sm_edge_preserve,1.3,2.3499999999999996,21,12,0.0028,0.055999999999999994,0.246,1.1300000000000001,0.195,0.6399999999999999,0.37,0.5,-0.2,-0.26,-0.32,-0.42,0.05,0.078,0.12,0.23,True,False,True,0.38,0.41000000000000003,1.14,1.55,1.32,7,-0.79,2,30,0.22799999999999998,36,7,0.05,0.10800000000000001,0.72
8V14_short_main_v1_015_sm_edge_preserve,short,short_main,short_beh_dd_brake,sm_edge_preserve,short_edge_preserve,457485,171017,286468,37.38199066636065,-99.99421302759927,0.0,99.99999960359013,3.964098715947273e-07,8V14_short_main_v1_015_sm_edge_preserve,1.3,2.25,21,8,0.0034,0.064,0.246,1.1300000000000001,0.23,0.6399999999999999,0.37,0.5,-0.2,-0.26,-0.32,-0.42,0.062,0.094,0.13999999999999999,0.23,False,False,True,0.38,0.36,1.14,1.44,1.4200000000000002,7,-0.79,2,22,0.22799999999999998,20,5,0.05,0.078,0.72
8V14_short_main_v1_035_sm_edge_preserve,short,short_main,short_beh_dd_brake,sm_edge_preserve,short_edge_preserve,464346,148210,316136,31.918009415392834,-99.9917496684329,0.0,99.9999996322555,3.677445015171088e-07,8V14_short_main_v1_035_sm_edge_preserve,1.3,2.15,27,20,0.0034,0.064,0.20400000000000001,1.02,0.30000000000000004,0.57,0.43,0.7,-0.2,-0.26,-0.32,-0.42,0.062,0.094,0.13999999999999999,0.21,False,False,True,0.38,0.31,1.14,1.33,1.7200000000000002,9,-0.55,2,18,0.18,32,11,0.038,0.098,0.72
8V14_short_main_v1_002_sm_edge_preserve,short,short_main,short_beh_dd_brake,sm_edge_preserve,short_edge_preserve,612389,158130,454259,25.821822403733574,-99.9998216471056,0.0,99.99999966528604,3.347139565512691e-07,8V14_short_main_v1_002_sm_edge_preserve,1.1500000000000001,2.05,18,10,0.0031,0.052,0.19,1.02,0.16,0.57,0.43,0.4,-0.2,-0.26,-0.32,-0.42,0.056,0.086,0.13,0.21,True,False,True,0.26,0.26,0.8999999999999999,1.22,1.32,6,-0.55,3,10,0.18,16,6,0.038,0.068,0.72
8V14_short_main_v1_005_sm_edge_preserve,short,short_main,short_beh_dd_brake,sm_edge_preserve,short_edge_preserve,696260,286722,409538,41.18030620745124,-99.99986152120259,0.0,99.99999999849385,1.5061507596669799e-09,8V14_short_main_v1_005_sm_edge_preserve,1.3,2.05,27,16,0.0028,0.055999999999999994,0.20400000000000001,1.02,0.16,0.57,0.43,0.7,-0.2,-0.26,-0.32,-0.42,0.05,0.078,0.12,0.21,True,False,True,0.38,0.26,1.14,1.22,1.32,9,-0.55,2,14,0.18,16,9,0.038,0.068,0.72
8V14_long_main_v1_001_lm_return_lift,long,long_main,6V2_L01_doubleflush_core,lm_return_lift,long_return_lift,1928559,352881,1575678,18.297651251530286,-100.0,0.0,100.0,0.0,8V14_long_main_v1_001_lm_return_lift,1.05,2.05,18,8,0.0028,0.052,0.19,1.02,0.16,0.57,0.43,0.3,-0.05,-0.078,-0.12,-0.19,0.2,0.26,0.32,0.42,True,True,False,0.22,0.26,0.82,1.22,1.32,5,-0.55,2,10,0.18,16,5,-0.038,0.068,0.28
8V14_long_main_v1_003_lm_return_lift,long,long_main,6V2_L01_doubleflush_core,lm_return_lift,long_return_lift,1835065,537924,1297141,29.31362104339628,-100.0,0.0,100.0,0.0,8V14_long_main_v1_003_lm_return_lift,1.1500000000000001,2.05,24,12,0.0034,0.052,0.19,1.02,0.16,0.57,0.43,0.5,-0.062,-0.094,-0.13999999999999999,-0.23,0.2,0.26,0.32,0.42,False,False,False,0.3,0.26,0.98,1.22,1.32,7,-0.55,2,10,0.18,16,7,-0.038,0.068,0.28
8V14_long_main_v1_004_lm_return_lift,long,long_main,6V2_L01_doubleflush_core,lm_return_lift,long_return_lift,1332989,459669,873320,34.484080513792684,-100.0,0.0,100.0,0.0,8V14_long_main_v1_004_lm_return_lift,1.2000000000000002,2.05,27,14,0.0037,0.052,0.20400000000000001,1.02,0.16,0.57,0.43,0.6000000000000001,-0.068,-0.10200000000000001,-0.15,-0.19,0.2,0.26,0.32,0.42,True,True,False,0.33999999999999997,0.26,1.06,1.22,1.32,8,-0.55,3,10,0.18,16,8,-0.038,0.068,0.28
8V14_long_main_v1_006_lm_return_lift,long,long_main,6V2_L01_doubleflush_core,lm_return_lift,long_return_lift,1791091,335551,1455540,18.734447328471866,-100.0,0.0,100.0,0.0,8V14_long_main_v1_006_lm_return_lift,1.05,2.15,33,18,0.0031,0.055999999999999994,0.20400000000000001,1.075,0.16,0.57,0.43,0.8,-0.056,-0.086,-0.13,-0.23,0.2,0.26,0.32,0.42,True,False,False,0.22,0.31,0.82,1.33,1.32,10,-0.55,3,14,0.18,16,10,-0.038,0.068,0.28
8V14_long_main_v1_008_lm_return_lift,long,long_main,6V2_L01_doubleflush_core,lm_return_lift,long_return_lift,1430984,415996,1014988,29.070625527608975,-100.0,0.0,100.0,0.0,8V14_long_main_v1_008_lm_return_lift,1.1500000000000001,2.15,21,8,0.0037,0.055999999999999994,0.218,1.075,0.195,0.605,0.4,0.4,-0.068,-0.10200000000000001,-0.15,-0.21,0.2,0.26,0.32,0.42,True,False,False,0.3,0.31,0.98,1.33,1.32,6,-0.67,3,14,0.204,16,5,-0.044,0.068,0.28
8V14_long_main_v1_009_lm_return_lift,long,long_main,6V2_L01_doubleflush_core,lm_return_lift,long_return_lift,1791894,537842,1254052,30.015279921691796,-100.0,0.0,100.0,0.0,8V14_long_main_v1_009_lm_return_lift,1.2000000000000002,2.15,24,10,0.0028,0.06,0.218,1.075,0.195,0.605,0.4,0.5,-0.05,-0.078,-0.12,-0.23,0.2,0.26,0.32,0.42,True,False,False,0.33999999999999997,0.31,1.06,1.33,1.4200000000000002,7,-0.67,2,18,0.204,20,6,-0.044,0.068,0.28
8V14_long_main_v1_011_lm_return_lift,long,long_main,6V2_L01_doubleflush_core,lm_return_lift,long_return_lift,1606410,271470,1334940,16.89917268941304,-100.0,0.0,100.0,0.0,8V14_long_main_v1_011_lm_return_lift,1.05,2.25,30,14,0.0034,0.06,0.232,1.1300000000000001,0.195,0.605,0.4,0.7,-0.062,-0.094,-0.13999999999999999,-0.21,0.2,0.26,0.32,0.42,False,False,False,0.22,0.36,0.82,1.44,1.4200000000000002,9,-0.67,2,18,0.204,20,8,-0.044,0.078,0.28
8V14_long_main_v1_013_lm_return_lift,long,long_main,6V2_L01_doubleflush_core,lm_return_lift,long_return_lift,1624507,400217,1224290,24.636212709455855,-100.0,0.0,100.0,0.0,8V14_long_main_v1_013_lm_return_lift,1.1500000000000001,2.25,18,18,0.0028,0.064,0.246,1.1300000000000001,0.195,0.6399999999999999,0.37,0.3,-0.05,-0.078,-0.12,-0.19,0.2,0.26,0.32,0.42,True,True,False,0.3,0.36,0.98,1.44,1.4200000000000002,5,-0.79,2,22,0.22799999999999998,20,10,-0.05,0.078,0.28
8V14_long_main_v1_014_lm_return_lift,long,long_main,6V2_L01_doubleflush_core,lm_return_lift,long_return_lift,1550571,460759,1089812,29.715440311988296,-100.0,0.0,100.0,0.0,8V14_long_main_v1_014_lm_return_lift,1.2000000000000002,2.25,21,20,0.0031,0.064,0.246,1.1300000000000001,0.195,0.6399999999999999,0.37,0.4,-0.056,-0.086,-0.13,-0.21,0.2,0.26,0.32,0.42,True,False,False,0.33999999999999997,0.36,1.06,1.44,1.4200000000000002,6,-0.79,3,22,0.22799999999999998,20,11,-0.05,0.078,0.28
8V14_long_main_v1_016_lm_return_lift,long,long_main,6V2_L01_doubleflush_core,lm_return_lift,long_return_lift,1149234,196318,952916,17.082508871126333,-100.0,0.0,100.0,0.0,8V14_long_main_v1_016_lm_return_lift,1.05,2.3499999999999996,27,10,0.0037,0.064,0.19,1.185,0.23,0.6399999999999999,0.37,0.6000000000000001,-0.068,-0.10200000000000001,-0.15,-0.19,0.2,0.26,0.32,0.42,True,True,False,0.22,0.41000000000000003,0.82,1.55,1.4200000000000002,8,-0.79,3,22,0.22799999999999998,20,6,-0.05,0.078,0.28
8V14_long_main_v1_018_lm_return_lift,long,long_main,6V2_L01_doubleflush_core,lm_return_lift,long_return_lift,1396543,316483,1080060,22.661887245863536,-100.0,0.0,100.0,0.0,8V14_long_main_v1_018_lm_return_lift,1.1500000000000001,2.3499999999999996,33,14,0.0031,0.068,0.19,1.185,0.23,0.6399999999999999,0.37,0.8,-0.056,-0.086,-0.13,-0.23,0.2,0.26,0.32,0.42,True,False,False,0.3,0.41000000000000003,0.98,1.55,1.52,10,-0.79,3,26,0.22799999999999998,24,8,-0.05,0.078,0.28
8V14_long_main_v1_019_lm_return_lift,long,long_main,6V2_L01_doubleflush_core,lm_return_lift,long_return_lift,1160827,312711,848116,26.938639435505895,-100.0,0.0,100.0,0.0,8V14_long_main_v1_019_lm_return_lift,1.2000000000000002,2.3499999999999996,18,16,0.0034,0.068,0.20400000000000001,1.185,0.23,0.6749999999999999,0.33999999999999997,0.3,-0.062,-0.094,-0.13999999999999999,-0.19,0.2,0.26,0.32,0.42,False,True,False,0.33999999999999997,0.41000000000000003,1.06,1.55,1.52,5,-0.91,2,26,0.252,24,9,-0.056,0.078,0.28
8V14_long_main_v1_021_lm_return_lift,long,long_main,6V2_L01_doubleflush_core,lm_return_lift,long_return_lift,1399624,200275,1199349,14.309200185192594,-100.0,0.0,100.0,0.0,8V14_long_main_v1_021_lm_return_lift,1.05,2.4499999999999997,24,20,0.0028,0.052,0.20400000000000001,1.24,0.23,0.6749999999999999,0.33999999999999997,0.5,-0.05,-0.078,-0.12,-0.23,0.2,0.26,0.32,0.42,True,False,False,0.22,0.46,0.82,1.66,1.52,7,-0.91,2,30,0.252,24,11,-0.056,0.08800000000000001,0.28
8V14_long_main_v1_023_lm_return_lift,long,long_main,6V2_L01_doubleflush_core,lm_return_lift,long_return_lift,1205258,268531,936727,22.279959975374567,-100.0,0.0,100.0,0.0,8V14_long_main_v1_023_lm_return_lift,1.1500000000000001,2.4499999999999997,30,10,0.0034,0.052,0.218,1.24,0.265,0.6749999999999999,0.33999999999999997,0.7,-0.062,-0.094,-0.13999999999999999,-0.21,0.2,0.26,0.32,0.42,False,False,False,0.3,0.46,0.98,1.66,1.52,9,-0.91,2,30,0.252,24,6,-0.056,0.08800000000000001,0.28
8V14_long_main_v1_024_lm_return_lift,long,long_main,6V2_L01_doubleflush_core,lm_return_lift,long_return_lift,1020582,265544,755038,26.018879423701378,-100.0,0.0,100.0,0.0,8V14_long_main_v1_024_lm_return_lift,1.2000000000000002,2.4499999999999997,33,12,0.0037,0.052,0.218,1.24,0.265,0.6749999999999999,0.33999999999999997,0.8,-0.068,-0.10200000000000001,-0.15,-0.23,0.2,0.26,0.32,0.42,True,False,False,0.33999999999999997,0.46,1.06,1.66,1.52,10,-0.91,3,30,0.252,24,7,-0.056,0.08800000000000001,0.28
8V14_long_main_v1_026_lm_return_lift,long,long_main,6V2_L01_doubleflush_core,lm_return_lift,long_return_lift,1210252,159164,1051088,13.15131063613198,-100.0,0.0,100.0,0.0,8V14_long_main_v1_026_lm_return_lift,1.05,2.05,21,16,0.0031,0.055999999999999994,0.232,1.295,0.265,0.71,0.31,0.4,-0.056,-0.086,-0.13,-0.21,0.2,0.26,0.32,0.42,True,False,False,0.22,0.26,0.82,1.22,1.62,6,-1.03,3,10,0.276,28,9,-0.062,0.08800000000000001,0.28
8V14_long_main_v1_028_lm_return_lift,long,long_main,6V2_L01_doubleflush_core,lm_return_lift,long_return_lift,915835,192603,723232,21.030316596330128,-100.0,0.0,100.0,0.0,8V14_long_main_v1_028_lm_return_lift,1.1500000000000001,2.05,27,20,0.0037,0.055999999999999994,0.246,1.295,0.265,0.71,0.31,0.6000000000000001,-0.068,-0.10200000000000001,-0.15,-0.19,0.2,0.26,0.32,0.42,True,True,False,0.3,0.26,0.98,1.22,1.62,8,-1.03,3,10,0.276,28,11,-0.062,0.08800000000000001,0.28
8V14_long_main_v1_029_lm_return_lift,long,long_main,6V2_L01_doubleflush_core,lm_return_lift,long_return_lift,1282438,315065,967373,24.5676594112152,-100.0,0.0,100.0,0.0,8V14_long_main_v1_029_lm_return_lift,1.2000000000000002,2.05,30,8,0.0028,0.06,0.246,1.295,0.30000000000000004,0.71,0.31,0.7,-0.05,-0.078,-0.12,-0.21,0.2,0.26,0.32,0.42,True,False,False,0.33999999999999997,0.26,1.06,1.22,1.62,9,-1.03,2,14,0.276,28,5,-0.062,0.08800000000000001,0.28
8V14_long_main_v1_031_lm_return_lift,long,long_main,6V2_L01_doubleflush_core,lm_return_lift,long_return_lift,1259335,168998,1090337,13.419622260955185,-100.0,0.0,100.0,0.0,8V14_long_main_v1_031_lm_return_lift,1.05,2.15,18,12,0.0034,0.06,0.19,1.02,0.30000000000000004,0.57,0.43,0.3,-0.062,-0.094,-0.13999999999999999,-0.19,0.2,0.26,0.32,0.42,False,True,False,0.22,0.31,0.82,1.33,1.62,5,-0.55,2,14,0.18,28,7,-0.038,0.098,0.28
8V14_long_main_v1_033_lm_return_lift,long,long_main,6V2_L01_doubleflush_core,lm_return_lift,long_return_lift,1483920,281543,1202377,18.972923068629036,-100.0,0.0,100.0,0.0,8V14_long_main_v1_033_lm_return_lift,1.1500000000000001,2.15,24,16,0.0028,0.064,0.19,1.02,0.30000000000000004,0.57,0.43,0.5,-0.05,-0.078,-0.12,-0.23,0.2,0.26,0.32,0.42,True,False,False,0.3,0.31,0.98,1.33,1.7200000000000002,7,-0.55,2,18,0.18,32,9,-0.038,0.098,0.28
8V14_long_main_v1_034_lm_return_lift,long,long_main,6V2_L01_doubleflush_core,lm_return_lift,long_return_lift,1288203,298557,989646,23.176238527623365,-100.0,0.0,100.0,0.0,8V14_long_main_v1_034_lm_return_lift,1.2000000000000002,2.15,27,18,0.0031,0.064,0.20400000000000001,1.02,0.30000000000000004,0.57,0.43,0.6000000000000001,-0.056,-0.086,-0.13,-0.19,0.2,0.26,0.32,0.42,True,True,False,0.33999999999999997,0.31,1.06,1.33,1.7200000000000002,8,-0.55,3,18,0.18,32,10,-0.038,0.098,0.28
8V14_long_main_v1_036_lm_return_lift,long,long_main,6V2_L01_doubleflush_core,lm_return_lift,long_return_lift,1160369,143472,1016897,12.36434272201343,-100.0,0.0,100.0,0.0,8V14_long_main_v1_036_lm_return_lift,1.05,2.25,33,8,0.0037,0.064,0.20400000000000001,1.075,0.16,0.57,0.43,0.8,-0.068,-0.10200000000000001,-0.15,-0.23,0.2,0.26,0.32,0.42,True,False,False,0.22,0.36,0.82,1.44,1.7200000000000002,10,-0.55,3,18,0.18,32,5,-0.038,0.098,0.28
8V14_long_main_v1_038_lm_return_lift,long,long_main,6V2_L01_doubleflush_core,lm_return_lift,long_return_lift,1379193,266768,1112425,19.342325548346025,-100.0,0.0,100.0,0.0,8V14_long_main_v1_038_lm_return_lift,1.1500000000000001,2.25,21,12,0.0031,0.068,0.218,1.075,0.16,0.605,0.4,0.4,-0.056,-0.086,-0.13,-0.21,0.2,0.26,0.32,0.42,True,False,False,0.3,0.36,0.98,1.44,1.7200000000000002,6,-0.67,3,22,0.204,32,7,-0.044,0.098,0.28
8V14_long_main_v1_039_lm_return_lift,long,long_main,6V2_L01_doubleflush_core,lm_return_lift,long_return_lift,1349842,325890,1023952,24.142825604774483,-100.0,0.0,100.0,0.0,8V14_long_main_v1_039_lm_return_lift,1.2000000000000002,2.25,24,14,0.0034,0.068,0.218,1.075,0.16,0.605,0.4,0.5,-0.062,-0.094,-0.13999999999999999,-0.23,0.2,0.26,0.32,0.42,False,False,False,0.33999999999999997,0.36,1.06,1.44,1.7200000000000002,7,-0.67,2,22,0.204,32,8,-0.044,0.098,0.28
8V14_long_main_v1_041_lm_return_lift,long,long_main,6V2_L01_doubleflush_core,lm_return_lift,long_return_lift,1419232,249968,1169264,17.61290613514915,-100.0,0.0,100.0,0.0,8V14_long_main_v1_041_lm_return_lift,1.05,2.3499999999999996,30,18,0.0028,0.052,0.232,1.1300000000000001,0.16,0.605,0.4,0.7,-0.05,-0.078,-0.12,-0.21,0.2,0.26,0.32,0.42,True,False,False,0.22,0.41000000000000003,0.82,1.55,1.32,9,-0.67,2,26,0.204,36,10,-0.044,0.10800000000000001,0.28
8V14_long_main_v1_043_lm_return_lift,long,long_main,6V2_L01_doubleflush_core,lm_return_lift,long_return_lift,1088483,278349,810134,25.572195431623644,-100.0,0.0,100.0,0.0,8V14_long_main_v1_043_lm_return_lift,1.1500000000000001,2.3499999999999996,18,8,0.0034,0.052,0.246,1.1300000000000001,0.195,0.6399999999999999,0.37,0.3,-0.062,-0.094,-0.13999999999999999,-0.19,0.2,0.26,0.32,0.42,False,True,False,0.3,0.41000000000000003,0.98,1.55,1.32,5,-0.79,2,26,0.22799999999999998,36,5,-0.05,0.10800000000000001,0.28
8V14_long_main_v1_044_lm_return_lift,long,long_main,6V2_L01_doubleflush_core,lm_return_lift,long_return_lift,1026413,309552,716861,30.15862036042022,-100.0,0.0,100.0,0.0,8V14_long_main_v1_044_lm_return_lift,1.2000000000000002,2.3499999999999996,21,10,0.0037,0.052,0.246,1.1300000000000001,0.195,0.6399999999999999,0.37,0.4,-0.068,-0.10200000000000001,-0.15,-0.21,0.2,0.26,0.32,0.42,True,False,False,0.33999999999999997,0.41000000000000003,1.06,1.55,1.32,6,-0.79,3,26,0.22799999999999998,36,6,-0.05,0.10800000000000001,0.28
8V14_long_main_v1_046_lm_return_lift,long,long_main,6V2_L01_doubleflush_core,lm_return_lift,long_return_lift,1187782,198554,989228,16.716367144812768,-100.0,0.0,100.0,0.0,8V14_long_main_v1_046_lm_return_lift,1.05,2.4499999999999997,27,14,0.0031,0.055999999999999994,0.19,1.185,0.195,0.6399999999999999,0.37,0.6000000000000001,-0.056,-0.086,-0.13,-0.19,0.2,0.26,0.32,0.42,True,True,False,0.22,0.46,0.82,1.66,1.32,8,-0.79,3,30,0.22799999999999998,36,8,-0.05,0.10800000000000001,0.28
8V14_long_main_v1_048_lm_return_lift,long,long_main,6V2_L01_doubleflush_core,lm_return_lift,long_return_lift,993052,242631,750421,24.432859507860616,-100.0,0.0,100.0,0.0,8V14_long_main_v1_048_lm_return_lift,1.1500000000000001,2.4499999999999997,33,18,0.0037,0.055999999999999994,0.19,1.185,0.195,0.6399999999999999,0.37,0.8,-0.068,-0.10200000000000001,-0.15,-0.23,0.2,0.26,0.32,0.42,True,False,False,0.3,0.46,0.98,1.66,1.32,10,-0.79,3,30,0.22799999999999998,36,10,-0.05,0.10800000000000001,0.28
8V14_long_main_v1_049_lm_return_lift,long,long_main,6V2_L01_doubleflush_core,lm_return_lift,long_return_lift,1541985,407827,1134158,26.448182051057568,-100.0,0.0,100.0,0.0,8V14_long_main_v1_049_lm_return_lift,1.2000000000000002,2.4499999999999997,18,20,0.0028,0.06,0.20400000000000001,1.185,0.195,0.6749999999999999,0.33999999999999997,0.3,-0.05,-0.078,-0.12,-0.19,0.2,0.26,0.32,0.42,True,True,False,0.33999999999999997,0.46,1.06,1.66,1.4200000000000002,5,-0.91,2,10,0.252,16,11,-0.056,0.10800000000000001,0.28
8V14_long_max_v1_001_lx_dd_compress,long,long_max,8V4_V51_V002_core_rare22_c1,lx_dd_compress,long_dd_compress,2398023,532944,1865079,22.224307273116228,-100.0,0.0,100.0,0.0,8V14_long_max_v1_001_lx_dd_compress,1.05,1.9,18,8,0.0028,0.044,0.15,1.02,0.16,0.57,0.43,0.3,-0.05,-0.078,-0.12,-0.19,0.2,0.26,0.32,0.42,True,True,False,0.22,0.26,0.82,1.1,1.18,5,-0.55,2,10,0.14,16,5,-0.038,0.068,0.28
8V14_long_max_v1_003_lx_dd_compress,long,long_max,8V4_V51_V002_core_rare22_c1,lx_dd_compress,long_dd_compress,1918459,664407,1254052,34.6323273001925,-100.0,0.0,100.0,0.0,8V14_long_max_v1_003_lx_dd_compress,1.1500000000000001,1.9,24,12,0.0034,0.044,0.15,1.02,0.16,0.57,0.43,0.5,-0.062,-0.094,-0.13999999999999999,-0.23,0.2,0.26,0.32,0.42,True,False,False,0.3,0.26,0.98,1.1,1.18,7,-0.55,2,10,0.14,16,7,-0.038,0.068,0.28
8V14_long_max_v1_004_lx_dd_compress,long,long_max,8V4_V51_V002_core_rare22_c1,lx_dd_compress,long_dd_compress,1694543,690827,1003716,40.76774682023413,-100.0,0.0,100.0,0.0,8V14_long_max_v1_004_lx_dd_compress,1.2000000000000002,1.9,27,14,0.0037,0.044,0.16,1.02,0.16,0.57,0.43,0.6000000000000001,-0.068,-0.10200000000000001,-0.15,-0.19,0.2,0.26,0.32,0.42,True,True,False,0.33999999999999997,0.26,1.06,1.1,1.18,8,-0.55,3,10,0.14,16,8,-0.038,0.068,0.28
8V14_long_max_v1_005_lx_dd_compress,long,long_max,8V4_V51_V002_core_rare22_c1,lx_dd_compress,long_dd_compress,2265390,964599,1300791,42.57982069312568,-100.0,0.0,100.0,0.0,8V14_long_max_v1_005_lx_dd_compress,1.25,1.9,30,16,0.0028,0.0475,0.16,1.02,0.16,0.57,0.43,0.7,-0.05,-0.078,-0.12,-0.21,0.2,0.26,0.32,0.42,False,True,False,0.38,0.26,1.14,1.1,1.18,9,-0.55,2,14,0.14,16,9,-0.038,0.068,0.28
8V14_long_max_v1_007_lx_dd_compress,long,long_max,8V4_V51_V002_core_rare22_c1,lx_dd_compress,long_dd_compress,1692870,481618,1211252,28.449792364446175,-100.0,0.0,100.0,0.0,8V14_long_max_v1_007_lx_dd_compress,1.1,1.99,18,20,0.0034,0.0475,0.16999999999999998,1.075,0.16,0.605,0.4,0.3,-0.062,-0.094,-0.13999999999999999,-0.19,0.2,0.26,0.32,0.42,True,True,False,0.26,0.31,0.8999999999999999,1.2000000000000002,1.18,5,-0.67,2,14,0.16,16,11,-0.044,0.068,0.28
8V14_long_max_v1_008_lx_dd_compress,long,long_max,8V4_V51_V002_core_rare22_c1,lx_dd_compress,long_dd_compress,1621893,560327,1061566,34.54771677293138,-100.0,0.0,100.0,0.0,8V14_long_max_v1_008_lx_dd_compress,1.1500000000000001,1.99,21,8,0.0037,0.0475,0.16999999999999998,1.075,0.195,0.605,0.4,0.4,-0.068,-0.10200000000000001,-0.15,-0.21,0.2,0.26,0.32,0.42,False,True,False,0.3,0.31,0.98,1.2000000000000002,1.18,6,-0.67,3,14,0.16,16,5,-0.044,0.068,0.28
8V14_long_max_v1_009_lx_dd_compress,long,long_max,8V4_V51_V002_core_rare22_c1,lx_dd_compress,long_dd_compress,1991765,704724,1287041,35.38188491112154,-100.0,0.0,100.0,0.0,8V14_long_max_v1_009_lx_dd_compress,1.2000000000000002,1.99,24,10,0.0028,0.051,0.16999999999999998,1.075,0.195,0.605,0.4,0.5,-0.05,-0.078,-0.12,-0.23,0.2,0.26,0.32,0.42,True,False,False,0.33999999999999997,0.31,1.06,1.2000000000000002,1.27,7,-0.67,2,18,0.16,20,6,-0.044,0.068,0.28
8V14_long_max_v1_011_lx_dd_compress,long,long_max,8V4_V51_V002_core_rare22_c1,lx_dd_compress,long_dd_compress,1646783,337996,1308787,20.524622855591783,-100.0,0.0,100.0,0.0,8V14_long_max_v1_011_lx_dd_compress,1.05,2.08,30,14,0.0034,0.051,0.18,1.1300000000000001,0.195,0.605,0.4,0.7,-0.062,-0.094,-0.13999999999999999,-0.21,0.2,0.26,0.32,0.42,False,True,False,0.22,0.36,0.82,1.3,1.27,9,-0.67,2,18,0.16,20,8,-0.044,0.078,0.28
8V14_long_max_v1_012_lx_dd_compress,long,long_max,8V4_V51_V002_core_rare22_c1,lx_dd_compress,long_dd_compress,1459350,376522,1082828,25.80066467948059,-100.0,0.0,100.0,0.0,8V14_long_max_v1_012_lx_dd_compress,1.1,2.08,33,16,0.0037,0.051,0.18,1.1300000000000001,0.195,0.605,0.4,0.8,-0.068,-0.10200000000000001,-0.15,-0.23,0.2,0.26,0.32,0.42,True,False,False,0.26,0.36,0.8999999999999999,1.3,1.27,10,-0.67,3,18,0.16,20,9,-0.044,0.078,0.28
8V14_long_max_v1_013_lx_dd_compress,long,long_max,8V4_V51_V002_core_rare22_c1,lx_dd_compress,long_dd_compress,1878146,554069,1324077,29.500848176872296,-100.0,0.0,100.0,0.0,8V14_long_max_v1_013_lx_dd_compress,1.1500000000000001,2.08,18,18,0.0028,0.0545,0.19,1.1300000000000001,0.195,0.6399999999999999,0.37,0.3,-0.05,-0.078,-0.12,-0.19,0.2,0.26,0.32,0.42,True,True,False,0.3,0.36,0.98,1.3,1.27,5,-0.79,2,22,0.18000000000000002,20,10,-0.05,0.078,0.28
8V14_long_max_v1_015_lx_dd_compress,long,long_max,8V4_V51_V002_core_rare22_c1,lx_dd_compress,long_dd_compress,1520032,592970,927062,39.010362939727585,-100.0,0.0,100.0,0.0,8V14_long_max_v1_015_lx_dd_compress,1.25,2.08,24,8,0.0034,0.0545,0.19,1.1300000000000001,0.23,0.6399999999999999,0.37,0.5,-0.062,-0.094,-0.13999999999999999,-0.23,0.2,0.26,0.32,0.42,True,False,False,0.38,0.36,1.14,1.3,1.27,7,-0.79,2,22,0.18000000000000002,20,5,-0.05,0.078,0.28
8V14_long_max_v1_016_lx_dd_compress,long,long_max,8V4_V51_V002_core_rare22_c1,lx_dd_compress,long_dd_compress,1362158,281962,1080196,20.699654518785632,-100.0,0.0,100.0,0.0,8V14_long_max_v1_016_lx_dd_compress,1.05,2.17,27,10,0.0037,0.0545,0.15,1.185,0.23,0.6399999999999999,0.37,0.6000000000000001,-0.068,-0.10200000000000001,-0.15,-0.19,0.2,0.26,0.32,0.42,True,True,False,0.22,0.41000000000000003,0.82,1.4000000000000001,1.27,8,-0.79,3,22,0.18000000000000002,20,6,-0.05,0.078,0.28
8V14_long_max_v1_017_lx_dd_compress,long,long_max,8V4_V51_V002_core_rare22_c1,lx_dd_compress,long_dd_compress,1687841,369502,1318339,21.89199101100163,-100.0,0.0,100.0,0.0,8V14_long_max_v1_017_lx_dd_compress,1.1,2.17,30,12,0.0028,0.057999999999999996,0.15,1.185,0.23,0.6399999999999999,0.37,0.7,-0.05,-0.078,-0.12,-0.21,0.2,0.26,0.32,0.42,False,True,False,0.26,0.41000000000000003,0.8999999999999999,1.4000000000000001,1.3599999999999999,9,-0.79,2,26,0.18000000000000002,24,7,-0.05,0.078,0.28
8V14_long_max_v1_019_lx_dd_compress,long,long_max,8V4_V51_V002_core_rare22_c1,lx_dd_compress,long_dd_compress,1341643,427048,914595,31.830226073553096,-100.0,0.0,100.0,0.0,8V14_long_max_v1_019_lx_dd_compress,1.2000000000000002,2.17,18,16,0.0034,0.057999999999999996,0.16,1.185,0.23,0.6749999999999999,0.33999999999999997,0.3,-0.062,-0.094,-0.13999999999999999,-0.19,0.2,0.26,0.32,0.42,True,True,False,0.33999999999999997,0.41000000000000003,1.06,1.4000000000000001,1.3599999999999999,5,-0.91,2,26,0.2,24,9,-0.056,0.078,0.28
8V14_long_max_v1_020_lx_dd_compress,long,long_max,8V4_V51_V002_core_rare22_c1,lx_dd_compress,long_dd_compress,1200204,432142,768062,36.005712362231755,-100.0,0.0,100.0,0.0,8V14_long_max_v1_020_lx_dd_compress,1.25,2.17,21,18,0.0037,0.057999999999999996,0.16,1.185,0.23,0.6749999999999999,0.33999999999999997,0.4,-0.068,-0.10200000000000001,-0.15,-0.21,0.2,0.26,0.32,0.42,False,True,False,0.38,0.41000000000000003,1.14,1.4000000000000001,1.3599999999999999,6,-0.91,3,26,0.2,24,10,-0.056,0.078,0.28
8V14_long_max_v1_021_lx_dd_compress,long,long_max,8V4_V51_V002_core_rare22_c1,lx_dd_compress,long_dd_compress,1543120,268614,1274506,17.40720099538597,-100.0,0.0,100.0,0.0,8V14_long_max_v1_021_lx_dd_compress,1.05,2.26,24,20,0.0028,0.044,0.16,1.24,0.23,0.6749999999999999,0.33999999999999997,0.5,-0.05,-0.078,-0.12,-0.23,0.2,0.26,0.32,0.42,True,False,False,0.22,0.46,0.82,1.5,1.3599999999999999,7,-0.91,2,30,0.2,24,11,-0.056,0.08800000000000001,0.28
8V14_long_max_v1_023_lx_dd_compress,long,long_max,8V4_V51_V002_core_rare22_c1,lx_dd_compress,long_dd_compress,1257755,330077,927678,26.243346279680864,-100.0,0.0,100.0,0.0,8V14_long_max_v1_023_lx_dd_compress,1.1500000000000001,2.26,30,10,0.0034,0.044,0.16999999999999998,1.24,0.265,0.6749999999999999,0.33999999999999997,0.7,-0.062,-0.094,-0.13999999999999999,-0.21,0.2,0.26,0.32,0.42,False,True,False,0.3,0.46,0.98,1.5,1.3599999999999999,9,-0.91,2,30,0.2,24,6,-0.056,0.08800000000000001,0.28
8V14_long_max_v1_024_lx_dd_compress,long,long_max,8V4_V51_V002_core_rare22_c1,lx_dd_compress,long_dd_compress,1151167,352544,798623,30.624922361395,-100.0,0.0,100.0,0.0,8V14_long_max_v1_024_lx_dd_compress,1.2000000000000002,2.26,33,12,0.0037,0.044,0.16999999999999998,1.24,0.265,0.6749999999999999,0.33999999999999997,0.8,-0.068,-0.10200000000000001,-0.15,-0.23,0.2,0.26,0.32,0.42,True,False,False,0.33999999999999997,0.46,1.06,1.5,1.3599999999999999,10,-0.91,3,30,0.2,24,7,-0.056,0.08800000000000001,0.28
8V14_long_max_v1_025_lx_dd_compress,long,long_max,8V4_V51_V002_core_rare22_c1,lx_dd_compress,long_dd_compress,1444150,467560,976590,32.37613821278953,-100.0,0.0,100.0,0.0,8V14_long_max_v1_025_lx_dd_compress,1.25,2.26,18,14,0.0028,0.0475,0.18,1.24,0.265,0.71,0.31,0.3,-0.05,-0.078,-0.12,-0.19,0.2,0.26,0.32,0.42,True,True,False,0.38,0.46,1.14,1.5,1.45,5,-1.03,2,10,0.22000000000000003,28,8,-0.062,0.08800000000000001,0.28
8V14_long_max_v1_027_lx_dd_compress,long,long_max,8V4_V51_V002_core_rare22_c1,lx_dd_compress,long_dd_compress,1183639,242712,940927,20.505576446872738,-100.0,0.0,100.0,0.0,8V14_long_max_v1_027_lx_dd_compress,1.1,1.9,24,18,0.0034,0.0475,0.18,1.295,0.265,0.71,0.31,0.5,-0.062,-0.094,-0.13999999999999999,-0.23,0.2,0.26,0.32,0.42,True,False,False,0.26,0.26,0.8999999999999999,1.1,1.45,7,-1.03,2,10,0.22000000000000003,28,10,-0.062,0.08800000000000001,0.28
8V14_long_max_v1_028_lx_dd_compress,long,long_max,8V4_V51_V002_core_rare22_c1,lx_dd_compress,long_dd_compress,1052486,268578,783908,25.51843920014138,-100.0,0.0,100.0,0.0,8V14_long_max_v1_028_lx_dd_compress,1.1500000000000001,1.9,27,20,0.0037,0.0475,0.19,1.295,0.265,0.71,0.31,0.6000000000000001,-0.068,-0.10200000000000001,-0.15,-0.19,0.2,0.26,0.32,0.42,True,True,False,0.3,0.26,0.98,1.1,1.45,8,-1.03,3,10,0.22000000000000003,28,11,-0.062,0.08800000000000001,0.28
8V14_long_max_v1_029_lx_dd_compress,long,long_max,8V4_V51_V002_core_rare22_c1,lx_dd_compress,long_dd_compress,1404021,410214,993807,29.217084359849316,-100.0,0.0,100.0,0.0,8V14_long_max_v1_029_lx_dd_compress,1.2000000000000002,1.9,30,8,0.0028,0.051,0.19,1.295,0.30000000000000004,0.71,0.31,0.7,-0.05,-0.078,-0.12,-0.21,0.2,0.26,0.32,0.42,False,True,False,0.33999999999999997,0.26,1.06,1.1,1.45,9,-1.03,2,14,0.22000000000000003,28,5,-0.062,0.08800000000000001,0.28
8V14_long_max_v1_031_lx_dd_compress,long,long_max,8V4_V51_V002_core_rare22_c1,lx_dd_compress,long_dd_compress,1502084,245816,1256268,16.36499689764354,-100.0,0.0,100.0,0.0,8V14_long_max_v1_031_lx_dd_compress,1.05,1.99,18,12,0.0034,0.051,0.15,1.02,0.30000000000000004,0.57,0.43,0.3,-0.062,-0.094,-0.13999999999999999,-0.19,0.2,0.26,0.32,0.42,True,True,False,0.22,0.31,0.82,1.2000000000000002,1.45,5,-0.55,2,14,0.14,28,7,-0.038,0.098,0.28
8V14_long_max_v1_032_lx_dd_compress,long,long_max,8V4_V51_V002_core_rare22_c1,lx_dd_compress,long_dd_compress,1338916,281719,1057197,21.040827057111873,-100.0,0.0,100.0,0.0,8V14_long_max_v1_032_lx_dd_compress,1.1,1.99,21,14,0.0037,0.051,0.15,1.02,0.30000000000000004,0.57,0.43,0.4,-0.068,-0.10200000000000001,-0.15,-0.21,0.2,0.26,0.32,0.42,False,True,False,0.26,0.31,0.8999999999999999,1.2000000000000002,1.45,6,-0.55,3,14,0.14,28,8,-0.038,0.098,0.28
8V14_long_max_v1_033_lx_dd_compress,long,long_max,8V4_V51_V002_core_rare22_c1,lx_dd_compress,long_dd_compress,1648444,375341,1273103,22.769411639097235,-100.0,0.0,100.0,0.0,8V14_long_max_v1_033_lx_dd_compress,1.1500000000000001,1.99,24,16,0.0028,0.0545,0.15,1.02,0.30000000000000004,0.57,0.43,0.5,-0.05,-0.078,-0.12,-0.23,0.2,0.26,0.32,0.42,True,False,False,0.3,0.31,0.98,1.2000000000000002,1.54,7,-0.55,2,18,0.14,32,9,-0.038,0.098,0.28
8V14_long_max_v1_035_lx_dd_compress,long,long_max,8V4_V51_V002_core_rare22_c1,lx_dd_compress,long_dd_compress,1351125,443140,907985,32.79785364048478,-100.0,0.0,100.0,0.0,8V14_long_max_v1_035_lx_dd_compress,1.25,1.99,30,20,0.0034,0.0545,0.16,1.02,0.30000000000000004,0.57,0.43,0.7,-0.062,-0.094,-0.13999999999999999,-0.21,0.2,0.26,0.32,0.42,False,True,False,0.38,0.31,1.14,1.2000000000000002,1.54,9,-0.55,2,18,0.14,32,11,-0.038,0.098,0.28
8V14_long_max_v1_036_lx_dd_compress,long,long_max,8V4_V51_V002_core_rare22_c1,lx_dd_compress,long_dd_compress,1261549,190982,1070567,15.138690609718687,-100.0,0.0,100.0,0.0,8V14_long_max_v1_036_lx_dd_compress,1.05,2.08,33,8,0.0037,0.0545,0.16,1.075,0.16,0.57,0.43,0.8,-0.068,-0.10200000000000001,-0.15,-0.23,0.2,0.26,0.32,0.42,True,False,False,0.22,0.36,0.82,1.3,1.54,10,-0.55,3,18,0.14,32,5,-0.038,0.098,0.28
8V14_long_max_v1_037_lx_dd_compress,long,long_max,8V4_V51_V002_core_rare22_c1,lx_dd_compress,long_dd_compress,1637289,299008,1338281,18.26238373311004,-100.0,0.0,100.0,0.0,8V14_long_max_v1_037_lx_dd_compress,1.1,2.08,18,10,0.0028,0.057999999999999996,0.16999999999999998,1.075,0.16,0.605,0.4,0.3,-0.05,-0.078,-0.12,-0.19,0.2,0.26,0.32,0.42,True,True,False,0.26,0.36,0.8999999999999999,1.3,1.54,5,-0.67,2,22,0.16,32,6,-0.044,0.098,0.28
8V14_long_max_v1_039_lx_dd_compress,long,long_max,8V4_V51_V002_core_rare22_c1,lx_dd_compress,long_dd_compress,1340787,376344,964443,28.068887899420265,-100.0,0.0,100.0,0.0,8V14_long_max_v1_039_lx_dd_compress,1.2000000000000002,2.08,24,14,0.0034,0.057999999999999996,0.16999999999999998,1.075,0.16,0.605,0.4,0.5,-0.062,-0.094,-0.13999999999999999,-0.23,0.2,0.26,0.32,0.42,True,False,False,0.33999999999999997,0.36,1.06,1.3,1.54,7,-0.67,2,22,0.16,32,8,-0.044,0.098,0.28
8V14_long_max_v1_040_lx_dd_compress,long,long_max,8V4_V51_V002_core_rare22_c1,lx_dd_compress,long_dd_compress,1198533,396264,802269,33.062418806991545,-100.0,0.0,100.0,0.0,8V14_long_max_v1_040_lx_dd_compress,1.25,2.08,27,16,0.0037,0.057999999999999996,0.18,1.075,0.16,0.605,0.4,0.6000000000000001,-0.068,-0.10200000000000001,-0.15,-0.19,0.2,0.26,0.32,0.42,True,True,False,0.38,0.36,1.14,1.3,1.54,8,-0.67,3,22,0.16,32,9,-0.044,0.098,0.28
8V14_long_max_v1_041_lx_dd_compress,long,long_max,8V4_V51_V002_core_rare22_c1,lx_dd_compress,long_dd_compress,1516017,321092,1194925,21.179973575494206,-100.0,0.0,100.0,0.0,8V14_long_max_v1_041_lx_dd_compress,1.05,2.17,30,18,0.0028,0.044,0.18,1.1300000000000001,0.16,0.605,0.4,0.7,-0.05,-0.078,-0.12,-0.21,0.2,0.26,0.32,0.42,False,True,False,0.22,0.41000000000000003,0.82,1.4000000000000001,1.18,9,-0.67,2,26,0.16,36,10,-0.044,0.10800000000000001,0.28
8V14_long_max_v1_043_lx_dd_compress,long,long_max,8V4_V51_V002_core_rare22_c1,lx_dd_compress,long_dd_compress,1230554,372720,857834,30.288796753332235,-100.0,0.0,100.0,0.0,8V14_long_max_v1_043_lx_dd_compress,1.1500000000000001,2.17,18,8,0.0034,0.044,0.19,1.1300000000000001,0.195,0.6399999999999999,0.37,0.3,-0.062,-0.094,-0.13999999999999999,-0.19,0.2,0.26,0.32,0.42,True,True,False,0.3,0.41000000000000003,0.98,1.4000000000000001,1.18,5,-0.79,2,26,0.18000000000000002,36,5,-0.05,0.10800000000000001,0.28
8V14_long_max_v1_044_lx_dd_compress,long,long_max,8V4_V51_V002_core_rare22_c1,lx_dd_compress,long_dd_compress,1102676,382482,720194,34.686707609488195,-100.0,0.0,100.0,0.0,8V14_long_max_v1_044_lx_dd_compress,1.2000000000000002,2.17,21,10,0.0037,0.044,0.19,1.1300000000000001,0.195,0.6399999999999999,0.37,0.4,-0.068,-0.10200000000000001,-0.15,-0.21,0.2,0.26,0.32,0.42,False,True,False,0.33999999999999997,0.41000000000000003,1.06,1.4000000000000001,1.18,6,-0.79,3,26,0.18000000000000002,36,6,-0.05,0.10800000000000001,0.28
8V14_long_max_v1_045_lx_dd_compress,long,long_max,8V4_V51_V002_core_rare22_c1,lx_dd_compress,long_dd_compress,1444748,538888,905860,37.29979207446558,-100.0,0.0,100.0,0.0,8V14_long_max_v1_045_lx_dd_compress,1.25,2.17,24,12,0.0028,0.0475,0.19,1.1300000000000001,0.195,0.6399999999999999,0.37,0.5,-0.05,-0.078,-0.12,-0.23,0.2,0.26,0.32,0.42,True,False,False,0.38,0.41000000000000003,1.14,1.4000000000000001,1.18,7,-0.79,2,30,0.18000000000000002,36,7,-0.05,0.10800000000000001,0.28
8V14_long_max_v1_047_lx_dd_compress,long,long_max,8V4_V51_V002_core_rare22_c1,lx_dd_compress,long_dd_compress,1201443,289710,911733,24.11350351202679,-100.0,0.0,100.0,0.0,8V14_long_max_v1_047_lx_dd_compress,1.1,2.26,30,16,0.0034,0.0475,0.15,1.185,0.195,0.6399999999999999,0.37,0.7,-0.062,-0.094,-0.13999999999999999,-0.21,0.2,0.26,0.32,0.42,False,True,False,0.26,0.46,0.8999999999999999,1.5,1.18,9,-0.79,2,30,0.18000000000000002,36,9,-0.05,0.10800000000000001,0.28
8V14_long_max_v1_048_lx_dd_compress,long,long_max,8V4_V51_V002_core_rare22_c1,lx_dd_compress,long_dd_compress,1088260,313048,775212,28.765919908845312,-100.0,0.0,100.0,0.0,8V14_long_max_v1_048_lx_dd_compress,1.1500000000000001,2.26,33,18,0.0037,0.0475,0.15,1.185,0.195,0.6399999999999999,0.37,0.8,-0.068,-0.10200000000000001,-0.15,-0.23,0.2,0.26,0.32,0.42,True,False,False,0.3,0.46,0.98,1.5,1.18,10,-0.79,3,30,0.18000000000000002,36,10,-0.05,0.10800000000000001,0.28
8V14_long_max_v1_049_lx_dd_compress,long,long_max,8V4_V51_V002_core_rare22_c1,lx_dd_compress,long_dd_compress,1775405,549782,1225623,30.96656819148307,-100.0,0.0,100.0,0.0,8V14_long_max_v1_049_lx_dd_compress,1.2000000000000002,2.26,18,20,0.0028,0.051,0.16,1.185,0.195,0.6749999999999999,0.33999999999999997,0.3,-0.05,-0.078,-0.12,-0.19,0.2,0.26,0.32,0.42,True,True,False,0.33999999999999997,0.46,1.06,1.5,1.27,5,-0.91,2,10,0.2,16,11,-0.056,0.10800000000000001,0.28
8V14_short_main_v1_001_sm_edge_preserve,short,short_main,short_beh_dd_brake,sm_edge_preserve,short_edge_preserve,2500433,518870,1981563,20.751205891139655,-100.0,0.0,100.0,0.0,8V14_short_main_v1_001_sm_edge_preserve,1.1,2.05,15,8,0.0028,0.052,0.19,1.02,0.16,0.57,0.43,0.3,-0.2,-0.26,-0.32,-0.42,0.05,0.078,0.12,0.19,True,True,False,0.22,0.26,0.82,1.22,1.32,5,-0.55,2,10,0.18,16,5,0.038,0.068,0.72
8V14_short_main_v1_003_sm_edge_preserve,short,short_main,short_beh_dd_brake,sm_edge_preserve,short_edge_preserve,2139573,694941,1444632,32.48035939881462,-100.0,0.0,100.0,0.0,8V14_short_main_v1_003_sm_edge_preserve,1.2000000000000002,2.05,21,12,0.0034,0.052,0.19,1.02,0.16,0.57,0.43,0.5,-0.2,-0.26,-0.32,-0.42,0.062,0.094,0.13999999999999999,0.23,False,False,False,0.3,0.26,0.98,1.22,1.32,7,-0.55,2,10,0.18,16,7,0.038,0.068,0.72
8V14_short_main_v1_004_sm_edge_preserve,short,short_main,short_beh_dd_brake,sm_edge_preserve,short_edge_preserve,1795269,684998,1110271,38.15573042257177,-100.0,0.0,100.0,0.0,8V14_short_main_v1_004_sm_edge_preserve,1.25,2.05,24,14,0.0037,0.052,0.20400000000000001,1.02,0.16,0.57,0.43,0.6000000000000001,-0.2,-0.26,-0.32,-0.42,0.068,0.10200000000000001,0.15,0.19,True,True,False,0.33999999999999997,0.26,1.06,1.22,1.32,8,-0.55,3,10,0.18,16,8,0.038,0.068,0.72
8V14_short_main_v1_006_sm_edge_preserve,short,short_main,short_beh_dd_brake,sm_edge_preserve,short_edge_preserve,2139864,453082,1686782,21.173401674125085,-100.0,0.0,100.0,0.0,8V14_short_main_v1_006_sm_edge_preserve,1.1,2.15,30,18,0.0031,0.055999999999999994,0.20400000000000001,1.075,0.16,0.57,0.43,0.8,-0.2,-0.26,-0.32,-0.42,0.056,0.086,0.13,0.23,True,False,False,0.22,0.31,0.82,1.33,1.32,10,-0.55,3,14,0.18,16,10,0.038,0.068,0.72
8V14_short_main_v1_008_sm_edge_preserve,short,short_main,short_beh_dd_brake,sm_edge_preserve,short_edge_preserve,1766060,564304,1201756,31.95270828850662,-100.0,0.0,100.0,0.0,8V14_short_main_v1_008_sm_edge_preserve,1.2000000000000002,2.15,18,8,0.0037,0.055999999999999994,0.218,1.075,0.195,0.605,0.4,0.4,-0.2,-0.26,-0.32,-0.42,0.068,0.10200000000000001,0.15,0.21,True,False,False,0.3,0.31,0.98,1.33,1.32,6,-0.67,3,14,0.204,16,5,0.044,0.068,0.72
8V14_short_main_v1_009_sm_edge_preserve,short,short_main,short_beh_dd_brake,sm_edge_preserve,short_edge_preserve,2106278,700592,1405686,33.262086011438186,-100.0,0.0,100.0,0.0,8V14_short_main_v1_009_sm_edge_preserve,1.25,2.15,21,10,0.0028,0.06,0.218,1.075,0.195,0.605,0.4,0.5,-0.2,-0.26,-0.32,-0.42,0.05,0.078,0.12,0.23,True,False,False,0.33999999999999997,0.31,1.06,1.33,1.4200000000000002,7,-0.67,2,18,0.204,20,6,0.044,0.068,0.72
8V14_short_main_v1_011_sm_edge_preserve,short,short_main,short_beh_dd_brake,sm_edge_preserve,short_edge_preserve,1830993,348520,1482473,19.03448019735739,-100.0,0.0,100.0,0.0,8V14_short_main_v1_011_sm_edge_preserve,1.1,2.25,27,14,0.0034,0.06,0.232,1.1300000000000001,0.195,0.605,0.4,0.7,-0.2,-0.26,-0.32,-0.42,0.062,0.094,0.13999999999999999,0.21,False,False,False,0.22,0.36,0.82,1.44,1.4200000000000002,9,-0.67,2,18,0.204,20,8,0.044,0.078,0.72
8V14_short_main_v1_013_sm_edge_preserve,short,short_main,short_beh_dd_brake,sm_edge_preserve,short_edge_preserve,1969923,542163,1427760,27.52204020157133,-100.0,0.0,100.0,0.0,8V14_short_main_v1_013_sm_edge_preserve,1.2000000000000002,2.25,15,18,0.0028,0.064,0.246,1.1300000000000001,0.195,0.6399999999999999,0.37,0.3,-0.2,-0.26,-0.32,-0.42,0.05,0.078,0.12,0.19,True,True,False,0.3,0.36,0.98,1.44,1.4200000000000002,5,-0.79,2,22,0.22799999999999998,20,10,0.05,0.078,0.72
8V14_short_main_v1_014_sm_edge_preserve,short,short_main,short_beh_dd_brake,sm_edge_preserve,short_edge_preserve,1825220,591593,1233627,32.412147576730476,-100.0,0.0,100.0,0.0,8V14_short_main_v1_014_sm_edge_preserve,1.25,2.25,18,20,0.0031,0.064,0.246,1.1300000000000001,0.195,0.6399999999999999,0.37,0.4,-0.2,-0.26,-0.32,-0.42,0.056,0.086,0.13,0.21,True,False,False,0.33999999999999997,0.36,1.06,1.44,1.4200000000000002,6,-0.79,3,22,0.22799999999999998,20,11,0.05,0.078,0.72
8V14_short_main_v1_016_sm_edge_preserve,short,short_main,short_beh_dd_brake,sm_edge_preserve,short_edge_preserve,1467810,277916,1189894,18.934058222794505,-100.0,0.0,100.0,0.0,8V14_short_main_v1_016_sm_edge_preserve,1.1,2.3499999999999996,24,10,0.0037,0.064,0.19,1.185,0.23,0.6399999999999999,0.37,0.6000000000000001,-0.2,-0.26,-0.32,-0.42,0.068,0.10200000000000001,0.15,0.19,True,True,False,0.22,0.41000000000000003,0.82,1.55,1.4200000000000002,8,-0.79,3,22,0.22799999999999998,20,6,0.05,0.078,0.72
8V14_short_main_v1_018_sm_edge_preserve,short,short_main,short_beh_dd_brake,sm_edge_preserve,short_edge_preserve,1639505,413826,1225679,25.240911128663836,-100.0,0.0,100.0,0.0,8V14_short_main_v1_018_sm_edge_preserve,1.2000000000000002,2.3499999999999996,30,14,0.0031,0.068,0.19,1.185,0.23,0.6399999999999999,0.37,0.8,-0.2,-0.26,-0.32,-0.42,0.056,0.086,0.13,0.23,True,False,False,0.3,0.41000000000000003,0.98,1.55,1.52,10,-0.79,3,26,0.22799999999999998,24,8,0.05,0.078,0.72
8V14_short_main_v1_019_sm_edge_preserve,short,short_main,short_beh_dd_brake,sm_edge_preserve,short_edge_preserve,1443456,427513,1015943,29.617321206881265,-100.0,0.0,100.0,0.0,8V14_short_main_v1_019_sm_edge_preserve,1.25,2.3499999999999996,15,16,0.0034,0.068,0.20400000000000001,1.185,0.23,0.6749999999999999,0.33999999999999997,0.3,-0.2,-0.26,-0.32,-0.42,0.062,0.094,0.13999999999999999,0.19,False,True,False,0.33999999999999997,0.41000000000000003,1.06,1.55,1.52,5,-0.91,2,26,0.252,24,9,0.056,0.078,0.72
8V14_short_main_v1_021_sm_edge_preserve,short,short_main,short_beh_dd_brake,sm_edge_preserve,short_edge_preserve,1638943,262304,1376639,16.004461412019822,-100.0,0.0,100.0,0.0,8V14_short_main_v1_021_sm_edge_preserve,1.1,2.4499999999999997,21,20,0.0028,0.052,0.20400000000000001,1.24,0.23,0.6749999999999999,0.33999999999999997,0.5,-0.2,-0.26,-0.32,-0.42,0.05,0.078,0.12,0.23,True,False,False,0.22,0.46,0.82,1.66,1.52,7,-0.91,2,30,0.252,24,11,0.056,0.08800000000000001,0.72
8V14_short_main_v1_023_sm_edge_preserve,short,short_main,short_beh_dd_brake,sm_edge_preserve,short_edge_preserve,1395791,339320,1056471,24.31022982667176,-100.0,0.0,100.0,0.0,8V14_short_main_v1_023_sm_edge_preserve,1.2000000000000002,2.4499999999999997,27,10,0.0034,0.052,0.218,1.24,0.265,0.6749999999999999,0.33999999999999997,0.7,-0.2,-0.26,-0.32,-0.42,0.062,0.094,0.13999999999999999,0.21,False,False,False,0.3,0.46,0.98,1.66,1.52,9,-0.91,2,30,0.252,24,6,0.056,0.08800000000000001,0.72
8V14_short_main_v1_024_sm_edge_preserve,short,short_main,short_beh_dd_brake,sm_edge_preserve,short_edge_preserve,1246032,356349,889683,28.598703725104972,-100.0,0.0,100.0,0.0,8V14_short_main_v1_024_sm_edge_preserve,1.25,2.4499999999999997,30,12,0.0037,0.052,0.218,1.24,0.265,0.6749999999999999,0.33999999999999997,0.8,-0.2,-0.26,-0.32,-0.42,0.068,0.10200000000000001,0.15,0.23,True,False,False,0.33999999999999997,0.46,1.06,1.66,1.52,10,-0.91,3,30,0.252,24,7,0.056,0.08800000000000001,0.72
8V14_short_main_v1_026_sm_edge_preserve,short,short_main,short_beh_dd_brake,sm_edge_preserve,short_edge_preserve,1430160,213634,1216526,14.937769200648878,-100.0,0.0,100.0,0.0,8V14_short_main_v1_026_sm_edge_preserve,1.1,2.05,18,16,0.0031,0.055999999999999994,0.232,1.295,0.265,0.71,0.31,0.4,-0.2,-0.26,-0.32,-0.42,0.056,0.086,0.13,0.21,True,False,False,0.22,0.26,0.82,1.22,1.62,6,-1.03,3,10,0.276,28,9,0.062,0.08800000000000001,0.72
8V14_short_main_v1_028_sm_edge_preserve,short,short_main,short_beh_dd_brake,sm_edge_preserve,short_edge_preserve,1144754,274974,869780,24.020357212117187,-100.0,0.0,100.0,0.0,8V14_short_main_v1_028_sm_edge_preserve,1.2000000000000002,2.05,24,20,0.0037,0.055999999999999994,0.246,1.295,0.265,0.71,0.31,0.6000000000000001,-0.2,-0.26,-0.32,-0.42,0.068,0.10200000000000001,0.15,0.19,True,True,False,0.3,0.26,0.98,1.22,1.62,8,-1.03,3,10,0.276,28,11,0.062,0.08800000000000001,0.72
8V14_short_main_v1_029_sm_edge_preserve,short,short_main,short_beh_dd_brake,sm_edge_preserve,short_edge_preserve,1502865,415196,1087669,27.626965828600706,-100.0,0.0,100.0,0.0,8V14_short_main_v1_029_sm_edge_preserve,1.25,2.05,27,8,0.0028,0.06,0.246,1.295,0.30000000000000004,0.71,0.31,0.7,-0.2,-0.26,-0.32,-0.42,0.05,0.078,0.12,0.21,True,False,False,0.33999999999999997,0.26,1.06,1.22,1.62,9,-1.03,2,14,0.276,28,5,0.062,0.08800000000000001,0.72
8V14_short_main_v1_031_sm_edge_preserve,short,short_main,short_beh_dd_brake,sm_edge_preserve,short_edge_preserve,1586955,243826,1343129,15.364392815171193,-100.0,0.0,100.0,0.0,8V14_short_main_v1_031_sm_edge_preserve,1.1,2.15,15,12,0.0034,0.06,0.19,1.02,0.30000000000000004,0.57,0.43,0.3,-0.2,-0.26,-0.32,-0.42,0.062,0.094,0.13999999999999999,0.19,False,True,False,0.22,0.31,0.82,1.33,1.62,5,-0.55,2,14,0.18,28,7,0.038,0.098,0.72
8V14_short_main_v1_033_sm_edge_preserve,short,short_main,short_beh_dd_brake,sm_edge_preserve,short_edge_preserve,1725223,372332,1352891,21.58167378941737,-100.0,0.0,100.0,0.0,8V14_short_main_v1_033_sm_edge_preserve,1.2000000000000002,2.15,21,16,0.0028,0.064,0.19,1.02,0.30000000000000004,0.57,0.43,0.5,-0.2,-0.26,-0.32,-0.42,0.05,0.078,0.12,0.23,True,False,False,0.3,0.31,0.98,1.33,1.7200000000000002,7,-0.55,2,18,0.18,32,9,0.038,0.098,0.72
8V14_short_main_v1_034_sm_edge_preserve,short,short_main,short_beh_dd_brake,sm_edge_preserve,short_edge_preserve,1566061,412534,1153527,26.342141206504728,-100.0,0.0,100.0,0.0,8V14_short_main_v1_034_sm_edge_preserve,1.25,2.15,24,18,0.0031,0.064,0.20400000000000001,1.02,0.30000000000000004,0.57,0.43,0.6000000000000001,-0.2,-0.26,-0.32,-0.42,0.056,0.086,0.13,0.19,True,True,False,0.33999999999999997,0.31,1.06,1.33,1.7200000000000002,8,-0.55,3,18,0.18,32,10,0.038,0.098,0.72
8V14_short_main_v1_036_sm_edge_preserve,short,short_main,short_beh_dd_brake,sm_edge_preserve,short_edge_preserve,1354955,193300,1161655,14.266156440619799,-100.0,0.0,100.0,0.0,8V14_short_main_v1_036_sm_edge_preserve,1.1,2.25,30,8,0.0037,0.064,0.20400000000000001,1.075,0.16,0.57,0.43,0.8,-0.2,-0.26,-0.32,-0.42,0.068,0.10200000000000001,0.15,0.23,True,False,False,0.22,0.36,0.82,1.44,1.7200000000000002,10,-0.55,3,18,0.18,32,5,0.038,0.098,0.72
8V14_short_main_v1_038_sm_edge_preserve,short,short_main,short_beh_dd_brake,sm_edge_preserve,short_edge_preserve,1579185,346416,1232769,21.93637857502446,-100.0,0.0,100.0,0.0,8V14_short_main_v1_038_sm_edge_preserve,1.2000000000000002,2.25,18,12,0.0031,0.068,0.218,1.075,0.16,0.605,0.4,0.4,-0.2,-0.26,-0.32,-0.42,0.056,0.086,0.13,0.21,True,False,False,0.3,0.36,0.98,1.44,1.7200000000000002,6,-0.67,3,22,0.204,32,7,0.044,0.098,0.72
8V14_short_main_v1_039_sm_edge_preserve,short,short_main,short_beh_dd_brake,sm_edge_preserve,short_edge_preserve,1485583,397823,1087760,26.778914405994147,-100.0,0.0,100.0,0.0,8V14_short_main_v1_039_sm_edge_preserve,1.25,2.25,21,14,0.0034,0.068,0.218,1.075,0.16,0.605,0.4,0.5,-0.2,-0.26,-0.32,-0.42,0.062,0.094,0.13999999999999999,0.23,False,False,False,0.33999999999999997,0.36,1.06,1.44,1.7200000000000002,7,-0.67,2,22,0.204,32,8,0.044,0.098,0.72
8V14_short_main_v1_041_sm_edge_preserve,short,short_main,short_beh_dd_brake,sm_edge_preserve,short_edge_preserve,1595286,307161,1288125,19.254290453247883,-100.0,0.0,100.0,0.0,8V14_short_main_v1_041_sm_edge_preserve,1.1,2.3499999999999996,27,18,0.0028,0.052,0.232,1.1300000000000001,0.16,0.605,0.4,0.7,-0.2,-0.26,-0.32,-0.42,0.05,0.078,0.12,0.21,True,False,False,0.22,0.41000000000000003,0.82,1.55,1.32,9,-0.67,2,26,0.204,36,10,0.044,0.10800000000000001,0.72
8V14_short_main_v1_043_sm_edge_preserve,short,short_main,short_beh_dd_brake,sm_edge_preserve,short_edge_preserve,1304629,364475,940154,27.937061034209727,-100.0,0.0,100.0,0.0,8V14_short_main_v1_043_sm_edge_preserve,1.2000000000000002,2.3499999999999996,15,8,0.0034,0.052,0.246,1.1300000000000001,0.195,0.6399999999999999,0.37,0.3,-0.2,-0.26,-0.32,-0.42,0.062,0.094,0.13999999999999999,0.19,False,True,False,0.3,0.41000000000000003,0.98,1.55,1.32,5,-0.79,2,26,0.22799999999999998,36,5,0.05,0.10800000000000001,0.72
8V14_short_main_v1_044_sm_edge_preserve,short,short_main,short_beh_dd_brake,sm_edge_preserve,short_edge_preserve,1192284,388252,804032,32.563718040332674,-100.0,0.0,100.0,0.0,8V14_short_main_v1_044_sm_edge_preserve,1.25,2.3499999999999996,18,10,0.0037,0.052,0.246,1.1300000000000001,0.195,0.6399999999999999,0.37,0.4,-0.2,-0.26,-0.32,-0.42,0.068,0.10200000000000001,0.15,0.21,True,False,False,0.33999999999999997,0.41000000000000003,1.06,1.55,1.32,6,-0.79,3,26,0.22799999999999998,36,6,0.05,0.10800000000000001,0.72
8V14_short_main_v1_046_sm_edge_preserve,short,short_main,short_beh_dd_brake,sm_edge_preserve,short_edge_preserve,1404800,253830,1150970,18.068764236902048,-100.0,0.0,100.0,0.0,8V14_short_main_v1_046_sm_edge_preserve,1.1,2.4499999999999997,24,14,0.0031,0.055999999999999994,0.19,1.185,0.195,0.6399999999999999,0.37,0.6000000000000001,-0.2,-0.26,-0.32,-0.42,0.056,0.086,0.13,0.19,True,True,False,0.22,0.46,0.82,1.66,1.32,8,-0.79,3,30,0.22799999999999998,36,8,0.05,0.10800000000000001,0.72
8V14_short_main_v1_048_sm_edge_preserve,short,short_main,short_beh_dd_brake,sm_edge_preserve,short_edge_preserve,1160888,312303,848585,26.90207840894212,-100.0,0.0,100.0,0.0,8V14_short_main_v1_048_sm_edge_preserve,1.2000000000000002,2.4499999999999997,30,18,0.0037,0.055999999999999994,0.19,1.185,0.195,0.6399999999999999,0.37,0.8,-0.2,-0.26,-0.32,-0.42,0.068,0.10200000000000001,0.15,0.23,True,False,False,0.3,0.46,0.98,1.66,1.32,10,-0.79,3,30,0.22799999999999998,36,10,0.05,0.10800000000000001,0.72
8V14_short_main_v1_049_sm_edge_preserve,short,short_main,short_beh_dd_brake,sm_edge_preserve,short_edge_preserve,1893254,550172,1343082,29.05959791977199,-100.0,0.0,100.0,0.0,8V14_short_main_v1_049_sm_edge_preserve,1.25,2.4499999999999997,15,20,0.0028,0.06,0.20400000000000001,1.185,0.195,0.6749999999999999,0.33999999999999997,0.3,-0.2,-0.26,-0.32,-0.42,0.05,0.078,0.12,0.19,True,True,False,0.33999999999999997,0.46,1.06,1.66,1.4200000000000002,5,-0.91,2,10,0.252,16,11,0.056,0.10800000000000001,0.72
8V14_short_max_v1_001_sx_dd_compress,short,short_max,short_only_reference_1x,sx_dd_compress,short_dd_compress,2501773,623586,1878187,24.925762649129236,-100.0,0.0,100.0,0.0,8V14_short_max_v1_001_sx_dd_compress,1.1,1.9,15,8,0.0028,0.044,0.15,1.02,0.16,0.57,0.43,0.3,-0.2,-0.26,-0.32,-0.42,0.05,0.078,0.12,0.19,True,True,False,0.22,0.26,0.82,1.1,1.18,5,-0.55,2,10,0.14,16,5,0.038,0.068,0.72
8V14_short_max_v1_003_sx_dd_compress,short,short_max,short_only_reference_1x,sx_dd_compress,short_dd_compress,2025622,768619,1257003,37.94483867177588,-100.0,0.0,100.0,0.0,8V14_short_max_v1_003_sx_dd_compress,1.2000000000000002,1.9,21,12,0.0034,0.044,0.15,1.02,0.16,0.57,0.43,0.5,-0.2,-0.26,-0.32,-0.42,0.062,0.094,0.13999999999999999,0.23,True,False,False,0.3,0.26,0.98,1.1,1.18,7,-0.55,2,10,0.14,16,7,0.038,0.068,0.72
8V14_short_max_v1_004_sx_dd_compress,short,short_max,short_only_reference_1x,sx_dd_compress,short_dd_compress,1800593,788456,1012137,43.78868517205165,-100.0,0.0,100.0,0.0,8V14_short_max_v1_004_sx_dd_compress,1.25,1.9,24,14,0.0037,0.044,0.16,1.02,0.16,0.57,0.43,0.6000000000000001,-0.2,-0.26,-0.32,-0.42,0.068,0.10200000000000001,0.15,0.19,True,True,False,0.33999999999999997,0.26,1.06,1.1,1.18,8,-0.55,3,10,0.14,16,8,0.038,0.068,0.72
8V14_short_max_v1_005_sx_dd_compress,short,short_max,short_only_reference_1x,sx_dd_compress,short_dd_compress,2358241,1066613,1291628,45.229177170611486,-100.0,0.0,100.0,0.0,8V14_short_max_v1_005_sx_dd_compress,1.3,1.9,27,16,0.0028,0.0475,0.16,1.02,0.16,0.57,0.43,0.7,-0.2,-0.26,-0.32,-0.42,0.05,0.078,0.12,0.21,False,True,False,0.38,0.26,1.14,1.1,1.18,9,-0.55,2,14,0.14,16,9,0.038,0.068,0.72
8V14_short_max_v1_007_sx_dd_compress,short,short_max,short_only_reference_1x,sx_dd_compress,short_dd_compress,1797864,563465,1234399,31.340802196384153,-100.0,0.0,100.0,0.0,8V14_short_max_v1_007_sx_dd_compress,1.1500000000000001,1.99,15,20,0.0034,0.0475,0.16999999999999998,1.075,0.16,0.605,0.4,0.3,-0.2,-0.26,-0.32,-0.42,0.062,0.094,0.13999999999999999,0.19,True,True,False,0.26,0.31,0.8999999999999999,1.2000000000000002,1.18,5,-0.67,2,14,0.16,16,11,0.044,0.068,0.72
8V14_short_max_v1_008_sx_dd_compress,short,short_max,short_only_reference_1x,sx_dd_compress,short_dd_compress,1737929,646976,1090953,37.22683722982929,-100.0,0.0,100.0,0.0,8V14_short_max_v1_008_sx_dd_compress,1.2000000000000002,1.99,18,8,0.0037,0.0475,0.16999999999999998,1.075,0.195,0.605,0.4,0.4,-0.2,-0.26,-0.32,-0.42,0.068,0.10200000000000001,0.15,0.21,False,True,False,0.3,0.31,0.98,1.2000000000000002,1.18,6,-0.67,3,14,0.16,16,5,0.044,0.068,0.72
8V14_short_max_v1_009_sx_dd_compress,short,short_max,short_only_reference_1x,sx_dd_compress,short_dd_compress,2088037,802572,1285465,38.436675212172965,-100.0,0.0,100.0,0.0,8V14_short_max_v1_009_sx_dd_compress,1.25,1.99,21,10,0.0028,0.051,0.16999999999999998,1.075,0.195,0.605,0.4,0.5,-0.2,-0.26,-0.32,-0.42,0.05,0.078,0.12,0.23,True,False,False,0.33999999999999997,0.31,1.06,1.2000000000000002,1.27,7,-0.67,2,18,0.16,20,6,0.044,0.068,0.72
8V14_short_max_v1_011_sx_dd_compress,short,short_max,short_only_reference_1x,sx_dd_compress,short_dd_compress,1755258,403122,1352136,22.966538252496214,-100.0,0.0,100.0,0.0,8V14_short_max_v1_011_sx_dd_compress,1.1,2.08,27,14,0.0034,0.051,0.18,1.1300000000000001,0.195,0.605,0.4,0.7,-0.2,-0.26,-0.32,-0.42,0.062,0.094,0.13999999999999999,0.21,False,True,False,0.22,0.36,0.82,1.3,1.27,9,-0.67,2,18,0.16,20,8,0.044,0.078,0.72
8V14_short_max_v1_012_sx_dd_compress,short,short_max,short_only_reference_1x,sx_dd_compress,short_dd_compress,1565853,446273,1119580,28.50031260916574,-100.0,0.0,100.0,0.0,8V14_short_max_v1_012_sx_dd_compress,1.1500000000000001,2.08,30,16,0.0037,0.051,0.18,1.1300000000000001,0.195,0.605,0.4,0.8,-0.2,-0.26,-0.32,-0.42,0.068,0.10200000000000001,0.15,0.23,True,False,False,0.26,0.36,0.8999999999999999,1.3,1.27,10,-0.67,3,18,0.16,20,9,0.044,0.078,0.72
8V14_short_max_v1_013_sx_dd_compress,short,short_max,short_only_reference_1x,sx_dd_compress,short_dd_compress,1979257,635540,1343717,32.11002916751084,-100.0,0.0,100.0,0.0,8V14_short_max_v1_013_sx_dd_compress,1.2000000000000002,2.08,15,18,0.0028,0.0545,0.19,1.1300000000000001,0.195,0.6399999999999999,0.37,0.3,-0.2,-0.26,-0.32,-0.42,0.05,0.078,0.12,0.19,True,True,False,0.3,0.36,0.98,1.3,1.27,5,-0.79,2,22,0.18000000000000002,20,10,0.05,0.078,0.72
8V14_short_max_v1_015_sx_dd_compress,short,short_max,short_only_reference_1x,sx_dd_compress,short_dd_compress,1622855,661910,960945,40.78676160223803,-100.0,0.0,100.0,0.0,8V14_short_max_v1_015_sx_dd_compress,1.3,2.08,21,8,0.0034,0.0545,0.19,1.1300000000000001,0.23,0.6399999999999999,0.37,0.5,-0.2,-0.26,-0.32,-0.42,0.062,0.094,0.13999999999999999,0.23,True,False,False,0.38,0.36,1.14,1.3,1.27,7,-0.79,2,22,0.18000000000000002,20,5,0.05,0.078,0.72
8V14_short_max_v1_016_sx_dd_compress,short,short_max,short_only_reference_1x,sx_dd_compress,short_dd_compress,1472235,333806,1138429,22.67341830618074,-100.0,0.0,100.0,0.0,8V14_short_max_v1_016_sx_dd_compress,1.1,2.17,24,10,0.0037,0.0545,0.15,1.185,0.23,0.6399999999999999,0.37,0.6000000000000001,-0.2,-0.26,-0.32,-0.42,0.068,0.10200000000000001,0.15,0.19,True,True,False,0.22,0.41000000000000003,0.82,1.4000000000000001,1.27,8,-0.79,3,22,0.18000000000000002,20,6,0.05,0.078,0.72
8V14_short_max_v1_017_sx_dd_compress,short,short_max,short_only_reference_1x,sx_dd_compress,short_dd_compress,1778917,431355,1347562,24.248180213017246,-100.0,0.0,100.0,0.0,8V14_short_max_v1_017_sx_dd_compress,1.1500000000000001,2.17,27,12,0.0028,0.057999999999999996,0.15,1.185,0.23,0.6399999999999999,0.37,0.7,-0.2,-0.26,-0.32,-0.42,0.05,0.078,0.12,0.21,False,True,False,0.26,0.41000000000000003,0.8999999999999999,1.4000000000000001,1.3599999999999999,9,-0.79,2,26,0.18000000000000002,24,7,0.05,0.078,0.72
8V14_short_max_v1_019_sx_dd_compress,short,short_max,short_only_reference_1x,sx_dd_compress,short_dd_compress,1448351,491636,956715,33.944534163334716,-100.0,0.0,100.0,0.0,8V14_short_max_v1_019_sx_dd_compress,1.25,2.17,15,16,0.0034,0.057999999999999996,0.16,1.185,0.23,0.6749999999999999,0.33999999999999997,0.3,-0.2,-0.26,-0.32,-0.42,0.062,0.094,0.13999999999999999,0.19,True,True,False,0.33999999999999997,0.41000000000000003,1.06,1.4000000000000001,1.3599999999999999,5,-0.91,2,26,0.2,24,9,0.056,0.078,0.72
8V14_short_max_v1_020_sx_dd_compress,short,short_max,short_only_reference_1x,sx_dd_compress,short_dd_compress,1303689,494541,809148,37.933970448473524,-100.0,0.0,100.0,0.0,8V14_short_max_v1_020_sx_dd_compress,1.3,2.17,18,18,0.0037,0.057999999999999996,0.16,1.185,0.23,0.6749999999999999,0.33999999999999997,0.4,-0.2,-0.26,-0.32,-0.42,0.068,0.10200000000000001,0.15,0.21,False,True,False,0.38,0.41000000000000003,1.14,1.4000000000000001,1.3599999999999999,6,-0.91,3,26,0.2,24,10,0.056,0.078,0.72
8V14_short_max_v1_021_sx_dd_compress,short,short_max,short_only_reference_1x,sx_dd_compress,short_dd_compress,1633758,313230,1320528,19.172362124623106,-100.0,0.0,100.0,0.0,8V14_short_max_v1_021_sx_dd_compress,1.1,2.26,21,20,0.0028,0.044,0.16,1.24,0.23,0.6749999999999999,0.33999999999999997,0.5,-0.2,-0.26,-0.32,-0.42,0.05,0.078,0.12,0.23,True,False,False,0.22,0.46,0.82,1.5,1.3599999999999999,7,-0.91,2,30,0.2,24,11,0.056,0.08800000000000001,0.72
8V14_short_max_v1_023_sx_dd_compress,short,short_max,short_only_reference_1x,sx_dd_compress,short_dd_compress,1361486,382718,978768,28.11031475902066,-100.0,0.0,100.0,0.0,8V14_short_max_v1_023_sx_dd_compress,1.2000000000000002,2.26,27,10,0.0034,0.044,0.16999999999999998,1.24,0.265,0.6749999999999999,0.33999999999999997,0.7,-0.2,-0.26,-0.32,-0.42,0.062,0.094,0.13999999999999999,0.21,False,True,False,0.3,0.46,0.98,1.5,1.3599999999999999,9,-0.91,2,30,0.2,24,6,0.056,0.08800000000000001,0.72
8V14_short_max_v1_024_sx_dd_compress,short,short_max,short_only_reference_1x,sx_dd_compress,short_dd_compress,1244859,405811,839048,32.59895297379061,-100.0,0.0,100.0,0.0,8V14_short_max_v1_024_sx_dd_compress,1.25,2.26,30,12,0.0037,0.044,0.16999999999999998,1.24,0.265,0.6749999999999999,0.33999999999999997,0.8,-0.2,-0.26,-0.32,-0.42,0.068,0.10200000000000001,0.15,0.23,True,False,False,0.33999999999999997,0.46,1.06,1.5,1.3599999999999999,10,-0.91,3,30,0.2,24,7,0.056,0.08800000000000001,0.72
8V14_short_max_v1_025_sx_dd_compress,short,short_max,short_only_reference_1x,sx_dd_compress,short_dd_compress,1535339,527029,1008310,34.3265558941706,-100.0,0.0,100.0,0.0,8V14_short_max_v1_025_sx_dd_compress,1.3,2.26,15,14,0.0028,0.0475,0.18,1.24,0.265,0.71,0.31,0.3,-0.2,-0.26,-0.32,-0.42,0.05,0.078,0.12,0.19,True,True,False,0.38,0.46,1.14,1.5,1.45,5,-1.03,2,10,0.22000000000000003,28,8,0.062,0.08800000000000001,0.72
8V14_short_max_v1_027_sx_dd_compress,short,short_max,short_only_reference_1x,sx_dd_compress,short_dd_compress,1277474,292951,984523,22.93205184606497,-100.0,0.0,100.0,0.0,8V14_short_max_v1_027_sx_dd_compress,1.1500000000000001,1.9,21,18,0.0034,0.0475,0.18,1.295,0.265,0.71,0.31,0.5,-0.2,-0.26,-0.32,-0.42,0.062,0.094,0.13999999999999999,0.23,True,False,False,0.26,0.26,0.8999999999999999,1.1,1.45,7,-1.03,2,10,0.22000000000000003,28,10,0.062,0.08800000000000001,0.72
8V14_short_max_v1_028_sx_dd_compress,short,short_max,short_only_reference_1x,sx_dd_compress,short_dd_compress,1144985,324741,820244,28.362030943636817,-100.0,0.0,100.0,0.0,8V14_short_max_v1_028_sx_dd_compress,1.2000000000000002,1.9,24,20,0.0037,0.0475,0.19,1.295,0.265,0.71,0.31,0.6000000000000001,-0.2,-0.26,-0.32,-0.42,0.068,0.10200000000000001,0.15,0.19,True,True,False,0.3,0.26,0.98,1.1,1.45,8,-1.03,3,10,0.22000000000000003,28,11,0.062,0.08800000000000001,0.72
8V14_short_max_v1_029_sx_dd_compress,short,short_max,short_only_reference_1x,sx_dd_compress,short_dd_compress,1495040,481954,1013086,32.236863227739725,-100.0,0.0,100.0,0.0,8V14_short_max_v1_029_sx_dd_compress,1.25,1.9,27,8,0.0028,0.051,0.19,1.295,0.30000000000000004,0.71,0.31,0.7,-0.2,-0.26,-0.32,-0.42,0.05,0.078,0.12,0.21,False,True,False,0.33999999999999997,0.26,1.06,1.1,1.45,9,-1.03,2,14,0.22000000000000003,28,5,0.062,0.08800000000000001,0.72
8V14_short_max_v1_031_sx_dd_compress,short,short_max,short_only_reference_1x,sx_dd_compress,short_dd_compress,1585296,291891,1293405,18.41239743240379,-100.0,0.0,100.0,0.0,8V14_short_max_v1_031_sx_dd_compress,1.1,1.99,15,12,0.0034,0.051,0.15,1.02,0.30000000000000004,0.57,0.43,0.3,-0.2,-0.26,-0.32,-0.42,0.062,0.094,0.13999999999999999,0.19,True,True,False,0.22,0.31,0.82,1.2000000000000002,1.45,5,-0.55,2,14,0.14,28,7,0.038,0.098,0.72
8V14_short_max_v1_032_sx_dd_compress,short,short_max,short_only_reference_1x,sx_dd_compress,short_dd_compress,1422822,334465,1088357,23.507156903674527,-100.0,0.0,100.0,0.0,8V14_short_max_v1_032_sx_dd_compress,1.1500000000000001,1.99,18,14,0.0037,0.051,0.15,1.02,0.30000000000000004,0.57,0.43,0.4,-0.2,-0.26,-0.32,-0.42,0.068,0.10200000000000001,0.15,0.21,False,True,False,0.26,0.31,0.8999999999999999,1.2000000000000002,1.45,6,-0.55,3,14,0.14,28,8,0.038,0.098,0.72
8V14_short_max_v1_033_sx_dd_compress,short,short_max,short_only_reference_1x,sx_dd_compress,short_dd_compress,1713467,430450,1283017,25.121580981717184,-100.0,0.0,100.0,0.0,8V14_short_max_v1_033_sx_dd_compress,1.2000000000000002,1.99,21,16,0.0028,0.0545,0.15,1.02,0.30000000000000004,0.57,0.43,0.5,-0.2,-0.26,-0.32,-0.42,0.05,0.078,0.12,0.23,True,False,False,0.3,0.31,0.98,1.2000000000000002,1.54,7,-0.55,2,18,0.14,32,9,0.038,0.098,0.72
8V14_short_max_v1_035_sx_dd_compress,short,short_max,short_only_reference_1x,sx_dd_compress,short_dd_compress,1421203,505957,915246,35.60061440906049,-100.0,0.0,100.0,0.0,8V14_short_max_v1_035_sx_dd_compress,1.3,1.99,27,20,0.0034,0.0545,0.16,1.02,0.30000000000000004,0.57,0.43,0.7,-0.2,-0.26,-0.32,-0.42,0.062,0.094,0.13999999999999999,0.21,False,True,False,0.38,0.31,1.14,1.2000000000000002,1.54,9,-0.55,2,18,0.14,32,11,0.038,0.098,0.72
8V14_short_max_v1_036_sx_dd_compress,short,short_max,short_only_reference_1x,sx_dd_compress,short_dd_compress,1337297,228016,1109281,17.05051308721997,-100.0,0.0,100.0,0.0,8V14_short_max_v1_036_sx_dd_compress,1.1,2.08,30,8,0.0037,0.0545,0.16,1.075,0.16,0.57,0.43,0.8,-0.2,-0.26,-0.32,-0.42,0.068,0.10200000000000001,0.15,0.23,True,False,False,0.22,0.36,0.82,1.3,1.54,10,-0.55,3,18,0.14,32,5,0.038,0.098,0.72
8V14_short_max_v1_037_sx_dd_compress,short,short_max,short_only_reference_1x,sx_dd_compress,short_dd_compress,1706019,348138,1357881,20.406455027757602,-100.0,0.0,100.0,0.0,8V14_short_max_v1_037_sx_dd_compress,1.1500000000000001,2.08,15,10,0.0028,0.057999999999999996,0.16999999999999998,1.075,0.16,0.605,0.4,0.3,-0.2,-0.26,-0.32,-0.42,0.05,0.078,0.12,0.19,True,True,False,0.26,0.36,0.8999999999999999,1.3,1.54,5,-0.67,2,22,0.16,32,6,0.044,0.098,0.72
8V14_short_max_v1_039_sx_dd_compress,short,short_max,short_only_reference_1x,sx_dd_compress,short_dd_compress,1413729,435302,978427,30.791049769793222,-100.0,0.0,100.0,0.0,8V14_short_max_v1_039_sx_dd_compress,1.25,2.08,21,14,0.0034,0.057999999999999996,0.16999999999999998,1.075,0.16,0.605,0.4,0.5,-0.2,-0.26,-0.32,-0.42,0.062,0.094,0.13999999999999999,0.23,True,False,False,0.33999999999999997,0.36,1.06,1.3,1.54,7,-0.67,2,22,0.16,32,8,0.044,0.098,0.72
8V14_short_max_v1_040_sx_dd_compress,short,short_max,short_only_reference_1x,sx_dd_compress,short_dd_compress,1272322,456468,815854,35.87676704482041,-100.0,0.0,100.0,0.0,8V14_short_max_v1_040_sx_dd_compress,1.3,2.08,24,16,0.0037,0.057999999999999996,0.18,1.075,0.16,0.605,0.4,0.6000000000000001,-0.2,-0.26,-0.32,-0.42,0.068,0.10200000000000001,0.15,0.19,True,True,False,0.38,0.36,1.14,1.3,1.54,8,-0.67,3,22,0.16,32,9,0.044,0.098,0.72
8V14_short_max_v1_041_sx_dd_compress,short,short_max,short_only_reference_1x,sx_dd_compress,short_dd_compress,1581192,362151,1219041,22.903670142525385,-100.0,0.0,100.0,0.0,8V14_short_max_v1_041_sx_dd_compress,1.1,2.17,27,18,0.0028,0.044,0.18,1.1300000000000001,0.16,0.605,0.4,0.7,-0.2,-0.26,-0.32,-0.42,0.05,0.078,0.12,0.21,False,True,False,0.22,0.41000000000000003,0.82,1.4000000000000001,1.18,9,-0.67,2,26,0.16,36,10,0.044,0.10800000000000001,0.72
8V14_short_max_v1_043_sx_dd_compress,short,short_max,short_only_reference_1x,sx_dd_compress,short_dd_compress,1303736,418214,885522,32.078120110206356,-100.0,0.0,100.0,0.0,8V14_short_max_v1_043_sx_dd_compress,1.2000000000000002,2.17,15,8,0.0034,0.044,0.19,1.1300000000000001,0.195,0.6399999999999999,0.37,0.3,-0.2,-0.26,-0.32,-0.42,0.062,0.094,0.13999999999999999,0.19,True,True,False,0.3,0.41000000000000003,0.98,1.4000000000000001,1.18,5,-0.79,2,26,0.18000000000000002,36,5,0.05,0.10800000000000001,0.72
8V14_short_max_v1_044_sx_dd_compress,short,short_max,short_only_reference_1x,sx_dd_compress,short_dd_compress,1177099,428468,748631,36.400336760119586,-100.0,0.0,100.0,0.0,8V14_short_max_v1_044_sx_dd_compress,1.25,2.17,18,10,0.0037,0.044,0.19,1.1300000000000001,0.195,0.6399999999999999,0.37,0.4,-0.2,-0.26,-0.32,-0.42,0.068,0.10200000000000001,0.15,0.21,False,True,False,0.33999999999999997,0.41000000000000003,1.06,1.4000000000000001,1.18,6,-0.79,3,26,0.18000000000000002,36,6,0.05,0.10800000000000001,0.72
8V14_short_max_v1_045_sx_dd_compress,short,short_max,short_only_reference_1x,sx_dd_compress,short_dd_compress,1508705,584844,923861,38.764635896348196,-100.0,0.0,100.0,0.0,8V14_short_max_v1_045_sx_dd_compress,1.3,2.17,21,12,0.0028,0.0475,0.19,1.1300000000000001,0.195,0.6399999999999999,0.37,0.5,-0.2,-0.26,-0.32,-0.42,0.05,0.078,0.12,0.23,True,False,False,0.38,0.41000000000000003,1.14,1.4000000000000001,1.18,7,-0.79,2,30,0.18000000000000002,36,7,0.05,0.10800000000000001,0.72
8V14_short_max_v1_047_sx_dd_compress,short,short_max,short_only_reference_1x,sx_dd_compress,short_dd_compress,1274358,328568,945790,25.783021725449206,-100.0,0.0,100.0,0.0,8V14_short_max_v1_047_sx_dd_compress,1.1500000000000001,2.26,27,16,0.0034,0.0475,0.15,1.185,0.195,0.6399999999999999,0.37,0.7,-0.2,-0.26,-0.32,-0.42,0.062,0.094,0.13999999999999999,0.21,False,True,False,0.26,0.46,0.8999999999999999,1.5,1.18,9,-0.79,2,30,0.18000000000000002,36,9,0.05,0.10800000000000001,0.72
8V14_short_max_v1_048_sx_dd_compress,short,short_max,short_only_reference_1x,sx_dd_compress,short_dd_compress,1150037,352214,797823,30.626318979302404,-100.0,0.0,100.0,0.0,8V14_short_max_v1_048_sx_dd_compress,1.2000000000000002,2.26,30,18,0.0037,0.0475,0.15,1.185,0.195,0.6399999999999999,0.37,0.8,-0.2,-0.26,-0.32,-0.42,0.068,0.10200000000000001,0.15,0.23,True,False,False,0.3,0.46,0.98,1.5,1.18,10,-0.79,3,30,0.18000000000000002,36,10,0.05,0.10800000000000001,0.72
8V14_short_max_v1_049_sx_dd_compress,short,short_max,short_only_reference_1x,sx_dd_compress,short_dd_compress,1897681,624167,1273514,32.8910391156364,-100.0,0.0,100.0,0.0,8V14_short_max_v1_049_sx_dd_compress,1.25,2.26,15,20,0.0028,0.051,0.16,1.185,0.195,0.6749999999999999,0.33999999999999997,0.3,-0.2,-0.26,-0.32,-0.42,0.05,0.078,0.12,0.19,True,True,False,0.33999999999999997,0.46,1.06,1.5,1.27,5,-0.91,2,10,0.2,16,11,0.056,0.10800000000000001,0.72
