combo,run_label,trades,wins,losses,win_rate_pct,final_return_pct,max_return_pct,max_drawdown_pct,official_cd_value,max_conc,same_bar_trades,active_leftover,blocked_by_cap,cap_removed,ruined,leverage,position_fraction,effective_notional_fraction,fee_per_side,split_n,rank_metric,rank_by_final_return
short_max_v9_L30_SPLIT50,SHORT_MAX_V9_2026_ONLY_LEVERAGE_SPLIT_SWEEP_V1,868,146,722,16.82027649769585,2645.7835803778753,2717.054145908335,64.41087442083659,1002.5649376203467,26,68,0,0,True,False,30.0,0.02,0.6,0.0004,50,2645.7835803778753,1
short_max_v9_L25_SPLIT50,SHORT_MAX_V9_2026_ONLY_LEVERAGE_SPLIT_SWEEP_V1,868,146,722,16.82027649769585,1650.869315687429,1688.6305499107725,57.626187029588834,757.9109639508274,26,68,0,0,True,False,25.0,0.02,0.5,0.0004,50,1650.869315687429,2
short_max_v9_L20_SPLIT50,SHORT_MAX_V9_2026_ONLY_LEVERAGE_SPLIT_SWEEP_V1,868,146,722,16.82027649769585,979.5036345361575,998.0747922729627,49.59548447521922,553.4792791449297,26,68,0,0,True,False,20.0,0.02,0.4,0.0004,50,979.5036345361575,3
short_max_v9_L30_SPLIT75,SHORT_MAX_V9_2026_ONLY_LEVERAGE_SPLIT_SWEEP_V1,868,146,722,16.82027649769585,979.5036345361575,998.0747922729627,49.59548447521922,553.4792791449297,26,68,0,0,True,False,30.0,0.013333333333333334,0.4,0.0004,75,979.5036345361575,4
short_max_v9_L25_SPLIT75,SHORT_MAX_V9_2026_ONLY_LEVERAGE_SPLIT_SWEEP_V1,868,146,722,16.82027649769585,666.0899121055261,677.051406978457,43.44204214404127,439.4844072780101,26,68,0,0,True,False,25.0,0.013333333333333334,0.33333333333333337,0.0004,75,666.0899121055261,5
short_max_v9_L15_SPLIT50,SHORT_MAX_V9_2026_ONLY_LEVERAGE_SPLIT_SWEEP_V1,868,146,722,16.82027649769585,541.0638038234964,549.3111163718926,40.098256540944476,388.94867918022055,26,68,0,0,True,False,15.0,0.02,0.3,0.0004,50,541.0638038234964,6
short_max_v9_L30_SPLIT100,SHORT_MAX_V9_2026_ONLY_LEVERAGE_SPLIT_SWEEP_V1,868,146,722,16.82027649769585,541.0638038234964,549.3111163718926,40.098256540944476,388.94867918022055,26,68,0,0,True,False,30.0,0.01,0.3,0.0004,100,541.0638038234964,7
short_max_v9_L20_SPLIT75,SHORT_MAX_V9_2026_ONLY_LEVERAGE_SPLIT_SWEEP_V1,868,146,722,16.82027649769585,433.9009819274445,440.00053945558875,36.563202576744615,342.55904829892813,26,68,0,0,True,False,20.0,0.013333333333333334,0.26666666666666666,0.0004,75,433.9009819274445,8
short_max_v9_L25_SPLIT100,SHORT_MAX_V9_2026_ONLY_LEVERAGE_SPLIT_SWEEP_V1,868,146,722,16.82027649769585,386.33281245011136,391.53914660011446,34.72066361313247,320.87349298222665,26,68,0,0,True,False,25.0,0.01,0.25,0.0004,100,386.33281245011136,9
short_max_v9_L12_SPLIT50,SHORT_MAX_V9_2026_ONLY_LEVERAGE_SPLIT_SWEEP_V1,868,146,722,16.82027649769585,359.5688476093013,364.29050056188527,33.590351145759385,308.33369108674407,26,68,0,0,True,False,12.0,0.02,0.24,0.0004,50,359.5688476093013,10
short_max_v9_L30_SPLIT125,SHORT_MAX_V9_2026_ONLY_LEVERAGE_SPLIT_SWEEP_V1,868,146,722,16.82027649769585,359.5688476093013,364.29050056188527,33.590351145759385,308.33369108674407,26,68,0,0,True,False,30.0,0.008,0.24,0.0004,125,359.5688476093013,11
short_max_v9_L10_SPLIT50,SHORT_MAX_V9_2026_ONLY_LEVERAGE_SPLIT_SWEEP_V1,868,146,722,16.82027649769585,264.7032429981853,267.82211281443614,28.87637824756581,261.60840823995136,26,68,0,0,True,False,10.0,0.02,0.2,0.0004,50,264.7032429981853,12
short_max_v9_L15_SPLIT75,SHORT_MAX_V9_2026_ONLY_LEVERAGE_SPLIT_SWEEP_V1,868,146,722,16.82027649769585,264.7032429981853,267.82211281443614,28.87637824756581,261.60840823995136,26,68,0,0,True,False,15.0,0.013333333333333334,0.2,0.0004,75,264.7032429981853,13
short_max_v9_L20_SPLIT100,SHORT_MAX_V9_2026_ONLY_LEVERAGE_SPLIT_SWEEP_V1,868,146,722,16.82027649769585,264.7032429981853,267.82211281443614,28.87637824756581,261.60840823995136,26,68,0,0,True,False,20.0,0.01,0.2,0.0004,100,264.7032429981853,14
short_max_v9_L25_SPLIT125,SHORT_MAX_V9_2026_ONLY_LEVERAGE_SPLIT_SWEEP_V1,868,146,722,16.82027649769585,264.7032429981853,267.82211281443614,28.87637824756581,261.60840823995136,26,68,0,0,True,False,25.0,0.008,0.2,0.0004,125,264.7032429981853,15
short_max_v9_L30_SPLIT150,SHORT_MAX_V9_2026_ONLY_LEVERAGE_SPLIT_SWEEP_V1,868,146,722,16.82027649769585,264.7032429981853,267.82211281443614,28.87637824756581,261.60840823995136,26,68,0,0,True,False,30.0,0.006666666666666667,0.2,0.0004,150,264.7032429981853,16
short_max_v9_L25_SPLIT150,SHORT_MAX_V9_2026_ONLY_LEVERAGE_SPLIT_SWEEP_V1,868,146,722,16.82027649769585,198.9429475542467,201.07130465710102,24.70170550335709,226.7015576255889,26,68,0,0,True,False,25.0,0.006666666666666667,0.16666666666666669,0.0004,150,198.9429475542467,17
short_max_v9_L12_SPLIT75,SHORT_MAX_V9_2026_ONLY_LEVERAGE_SPLIT_SWEEP_V1,868,146,722,16.82027649769585,187.08503191172673,189.04682845109306,23.838722398509873,220.14175741493995,26,68,0,0,True,False,12.0,0.013333333333333334,0.16,0.0004,75,187.08503191172673,18
short_max_v9_L20_SPLIT125,SHORT_MAX_V9_2026_ONLY_LEVERAGE_SPLIT_SWEEP_V1,868,146,722,16.82027649769585,187.08503191172673,189.04682845109306,23.838722398509873,220.14175741493995,26,68,0,0,True,False,20.0,0.008,0.16,0.0004,125,187.08503191172673,19
short_max_v9_L15_SPLIT100,SHORT_MAX_V9_2026_ONLY_LEVERAGE_SPLIT_SWEEP_V1,868,146,722,16.82027649769585,170.05046529975104,171.78001735245988,22.526243030226496,210.558190136053,26,68,0,0,True,False,15.0,0.01,0.15,0.0004,100,170.05046529975104,20
short_max_v9_L30_SPLIT200,SHORT_MAX_V9_2026_ONLY_LEVERAGE_SPLIT_SWEEP_V1,868,146,722,16.82027649769585,170.05046529975104,171.78001735245988,22.526243030226496,210.558190136053,26,68,0,0,True,False,30.0,0.005,0.15,0.0004,200,170.05046529975104,21
short_max_v9_L7_SPLIT50,SHORT_MAX_V9_2026_ONLY_LEVERAGE_SPLIT_SWEEP_V1,868,146,722,16.82027649769585,153.88430866804325,155.40148265023453,21.191847259202262,201.27719054925885,26,68,0,0,True,False,7.0,0.02,0.14,0.0004,50,153.88430866804325,22
short_max_v9_L10_SPLIT75,SHORT_MAX_V9_2026_ONLY_LEVERAGE_SPLIT_SWEEP_V1,868,146,722,16.82027649769585,143.57077868651095,144.95674110639092,20.289899406891806,195.2552647455038,26,68,0,0,True,False,10.0,0.013333333333333334,0.13333333333333333,0.0004,75,143.57077868651095,23
short_max_v9_L20_SPLIT150,SHORT_MAX_V9_2026_ONLY_LEVERAGE_SPLIT_SWEEP_V1,868,146,722,16.82027649769585,143.57077868651095,144.95674110639092,20.289899406891806,195.2552647455038,26,68,0,0,True,False,20.0,0.006666666666666667,0.13333333333333333,0.0004,150,143.57077868651095,24
short_max_v9_L25_SPLIT200,SHORT_MAX_V9_2026_ONLY_LEVERAGE_SPLIT_SWEEP_V1,868,146,722,16.82027649769585,131.18179885788587,132.41475110075604,19.14838310180147,187.91108417488493,26,68,0,0,True,False,25.0,0.005,0.125,0.0004,200,131.18179885788587,25
short_max_v9_L12_SPLIT100,SHORT_MAX_V9_2026_ONLY_LEVERAGE_SPLIT_SWEEP_V1,868,146,722,16.82027649769585,124.0087632224649,125.15550572167822,18.45588247550863,183.60107019854817,26,68,0,0,True,False,12.0,0.01,0.12,0.0004,100,124.0087632224649,26
short_max_v9_L15_SPLIT125,SHORT_MAX_V9_2026_ONLY_LEVERAGE_SPLIT_SWEEP_V1,868,146,722,16.82027649769585,124.0087632224649,125.15550572167822,18.45588247550863,183.60107019854817,26,68,0,0,True,False,15.0,0.008,0.12,0.0004,125,124.0087632224649,27
short_max_v9_L30_SPLIT250,SHORT_MAX_V9_2026_ONLY_LEVERAGE_SPLIT_SWEEP_V1,868,146,722,16.82027649769585,124.0087632224649,125.15550572167822,18.45588247550863,183.60107019854817,26,68,0,0,True,False,30.0,0.004,0.12,0.0004,250,124.0087632224649,28
short_max_v9_L5_SPLIT50,SHORT_MAX_V9_2026_ONLY_LEVERAGE_SPLIT_SWEEP_V1,868,146,722,16.82027649769585,97.1742408617419,98.01489643875372,15.627923874819134,167.06927916250334,26,68,0,0,True,False,5.0,0.02,0.1,0.0004,50,97.1742408617419,29
short_max_v9_L10_SPLIT100,SHORT_MAX_V9_2026_ONLY_LEVERAGE_SPLIT_SWEEP_V1,868,146,722,16.82027649769585,97.1742408617419,98.01489643875372,15.627923874819134,167.06927916250334,26,68,0,0,True,False,10.0,0.01,0.1,0.0004,100,97.1742408617419,30
short_max_v9_L15_SPLIT150,SHORT_MAX_V9_2026_ONLY_LEVERAGE_SPLIT_SWEEP_V1,868,146,722,16.82027649769585,97.1742408617419,98.01489643875372,15.627923874819134,167.06927916250334,26,68,0,0,True,False,15.0,0.006666666666666667,0.1,0.0004,150,97.1742408617419,31
short_max_v9_L20_SPLIT200,SHORT_MAX_V9_2026_ONLY_LEVERAGE_SPLIT_SWEEP_V1,868,146,722,16.82027649769585,97.1742408617419,98.01489643875372,15.627923874819134,167.06927916250334,26,68,0,0,True,False,20.0,0.005,0.1,0.0004,200,97.1742408617419,32
short_max_v9_L25_SPLIT250,SHORT_MAX_V9_2026_ONLY_LEVERAGE_SPLIT_SWEEP_V1,868,146,722,16.82027649769585,97.1742408617419,98.01489643875372,15.627923874819134,167.06927916250334,26,68,0,0,True,False,25.0,0.004,0.1,0.0004,250,97.1742408617419,33
short_max_v9_L30_SPLIT300,SHORT_MAX_V9_2026_ONLY_LEVERAGE_SPLIT_SWEEP_V1,868,146,722,16.82027649769585,97.1742408617419,98.01489643875372,15.627923874819134,167.06927916250334,26,68,0,0,True,False,30.0,0.0033333333333333335,0.1,0.0004,300,97.1742408617419,34
short_max_v9_L12_SPLIT125,SHORT_MAX_V9_2026_ONLY_LEVERAGE_SPLIT_SWEEP_V1,868,146,722,16.82027649769585,92.14865473572829,92.9350233441466,15.051030905843463,163.8963133524228,26,68,0,0,True,False,12.0,0.008,0.096,0.0004,125,92.14865473572829,35
short_max_v9_L7_SPLIT75,SHORT_MAX_V9_2026_ONLY_LEVERAGE_SPLIT_SWEEP_V1,868,146,722,16.82027649769585,88.85893280949331,89.61031057798125,14.664312828877598,161.8052614790197,26,68,0,0,True,False,7.0,0.013333333333333334,0.09333333333333334,0.0004,75,88.85893280949331,36
short_max_v9_L25_SPLIT300,SHORT_MAX_V9_2026_ONLY_LEVERAGE_SPLIT_SWEEP_V1,868,146,722,16.82027649769585,76.9438147773489,77.57218032208763,13.198860107131196,154.13467665219255,26,68,0,0,True,False,25.0,0.0033333333333333335,0.08333333333333334,0.0004,300,76.9438147773489,37
short_max_v9_L10_SPLIT125,SHORT_MAX_V9_2026_ONLY_LEVERAGE_SPLIT_SWEEP_V1,868,146,722,16.82027649769585,73.11633453900338,73.70645996555957,12.704975595461121,151.6370966191958,26,68,0,0,True,False,10.0,0.008,0.08,0.0004,125,73.11633453900338,38
short_max_v9_L12_SPLIT150,SHORT_MAX_V9_2026_ONLY_LEVERAGE_SPLIT_SWEEP_V1,868,146,722,16.82027649769585,73.11633453900338,73.70645996555957,12.704975595461121,151.6370966191958,26,68,0,0,True,False,12.0,0.006666666666666667,0.08,0.0004,150,73.11633453900338,39
short_max_v9_L20_SPLIT250,SHORT_MAX_V9_2026_ONLY_LEVERAGE_SPLIT_SWEEP_V1,868,146,722,16.82027649769585,73.11633453900338,73.70645996555957,12.704975595461121,151.6370966191958,26,68,0,0,True,False,20.0,0.004,0.08,0.0004,250,73.11633453900338,40
short_max_v9_L15_SPLIT200,SHORT_MAX_V9_2026_ONLY_LEVERAGE_SPLIT_SWEEP_V1,868,146,722,16.82027649769585,67.50652072551728,68.04175803974869,11.959036354567914,147.94558310492008,26,68,0,0,True,False,15.0,0.005,0.075,0.0004,200,67.50652072551728,41
short_max_v9_L30_SPLIT400,SHORT_MAX_V9_2026_ONLY_LEVERAGE_SPLIT_SWEEP_V1,868,146,722,16.82027649769585,67.50652072551728,68.04175803974869,11.959036354567914,147.94558310492008,26,68,0,0,True,False,30.0,0.0025,0.075,0.0004,400,67.50652072551728,42
short_max_v9_L7_SPLIT100,SHORT_MAX_V9_2026_ONLY_LEVERAGE_SPLIT_SWEEP_V1,868,146,722,16.82027649769585,62.05114618421439,62.53436147002518,11.206918360044199,144.31926827306032,26,68,0,0,True,False,7.0,0.01,0.07,0.0004,100,62.05114618421439,43
short_max_v9_L5_SPLIT75,SHORT_MAX_V9_2026_ONLY_LEVERAGE_SPLIT_SWEEP_V1,868,146,722,16.82027649769585,58.4982529158758,58.948324732113086,10.70204923977846,141.93759675347937,26,68,0,0,True,False,5.0,0.013333333333333334,0.06666666666666667,0.0004,75,58.4982529158758,44
short_max_v9_L10_SPLIT150,SHORT_MAX_V9_2026_ONLY_LEVERAGE_SPLIT_SWEEP_V1,868,146,722,16.82027649769585,58.4982529158758,58.948324732113086,10.70204923977846,141.93759675347937,26,68,0,0,True,False,10.0,0.006666666666666667,0.06666666666666667,0.0004,150,58.4982529158758,45
short_max_v9_L20_SPLIT300,SHORT_MAX_V9_2026_ONLY_LEVERAGE_SPLIT_SWEEP_V1,868,146,722,16.82027649769585,58.4982529158758,58.948324732113086,10.70204923977846,141.93759675347937,26,68,0,0,True,False,20.0,0.0033333333333333335,0.06666666666666667,0.0004,300,58.4982529158758,46
short_max_v9_L25_SPLIT400,SHORT_MAX_V9_2026_ONLY_LEVERAGE_SPLIT_SWEEP_V1,868,146,722,16.82027649769585,54.14981960392322,54.560136348713264,10.067047577379398,139.00049388682584,26,68,0,0,True,False,25.0,0.0025,0.0625,0.0004,400,54.14981960392322,47
short_max_v9_L3_SPLIT50,SHORT_MAX_V9_2026_ONLY_LEVERAGE_SPLIT_SWEEP_V1,868,146,722,16.82027649769585,51.58941567127266,51.97674902556238,9.683947283179776,137.25940076723649,26,68,0,0,True,False,3.0,0.02,0.06,0.0004,50,51.58941567127266,48
short_max_v9_L12_SPLIT200,SHORT_MAX_V9_2026_ONLY_LEVERAGE_SPLIT_SWEEP_V1,868,146,722,16.82027649769585,51.58941567127266,51.97674902556238,9.683947283179776,137.25940076723649,26,68,0,0,True,False,12.0,0.005,0.06,0.0004,200,51.58941567127266,49
short_max_v9_L15_SPLIT250,SHORT_MAX_V9_2026_ONLY_LEVERAGE_SPLIT_SWEEP_V1,868,146,722,16.82027649769585,51.58941567127266,51.97674902556238,9.683947283179776,137.25940076723649,26,68,0,0,True,False,15.0,0.004,0.06,0.0004,250,51.58941567127266,50
short_max_v9_L30_SPLIT500,SHORT_MAX_V9_2026_ONLY_LEVERAGE_SPLIT_SWEEP_V1,868,146,722,16.82027649769585,51.58941567127266,51.97674902556238,9.683947283179776,137.25940076723649,26,68,0,0,True,False,30.0,0.002,0.06,0.0004,500,51.58941567127266,51
short_max_v9_L7_SPLIT125,SHORT_MAX_V9_2026_ONLY_LEVERAGE_SPLIT_SWEEP_V1,868,146,722,16.82027649769585,47.56740039181289,47.91927905120892,9.067693243290606,134.50641257915828,26,68,0,0,True,False,7.0,0.008,0.056,0.0004,125,47.56740039181289,52
short_max_v9_L5_SPLIT100,SHORT_MAX_V9_2026_ONLY_LEVERAGE_SPLIT_SWEEP_V1,868,146,722,16.82027649769585,41.7032166089661,42.00485648743184,8.135660832554336,130.45182299785884,26,68,0,0,True,False,5.0,0.01,0.05,0.0004,100,41.7032166089661,53
short_max_v9_L10_SPLIT200,SHORT_MAX_V9_2026_ONLY_LEVERAGE_SPLIT_SWEEP_V1,868,146,722,16.82027649769585,41.7032166089661,42.00485648743184,8.135660832554336,130.45182299785884,26,68,0,0,True,False,10.0,0.005,0.05,0.0004,200,41.7032166089661,54
short_max_v9_L15_SPLIT300,SHORT_MAX_V9_2026_ONLY_LEVERAGE_SPLIT_SWEEP_V1,868,146,722,16.82027649769585,41.7032166089661,42.00485648743184,8.135660832554336,130.45182299785884,26,68,0,0,True,False,15.0,0.0033333333333333335,0.05,0.0004,300,41.7032166089661,55
short_max_v9_L20_SPLIT400,SHORT_MAX_V9_2026_ONLY_LEVERAGE_SPLIT_SWEEP_V1,868,146,722,16.82027649769585,41.7032166089661,42.00485648743184,8.135660832554336,130.45182299785884,26,68,0,0,True,False,20.0,0.0025,0.05,0.0004,400,41.7032166089661,56
short_max_v9_L25_SPLIT500,SHORT_MAX_V9_2026_ONLY_LEVERAGE_SPLIT_SWEEP_V1,868,146,722,16.82027649769585,41.7032166089661,42.00485648743184,8.135660832554336,130.45182299785884,26,68,0,0,True,False,25.0,0.002,0.05,0.0004,500,41.7032166089661,57
short_max_v9_L12_SPLIT250,SHORT_MAX_V9_2026_ONLY_LEVERAGE_SPLIT_SWEEP_V1,868,146,722,16.82027649769585,39.79265764208903,40.07831111033775,7.822929922302492,129.12008299583115,26,68,0,0,True,False,12.0,0.004,0.048,0.0004,250,39.79265764208903,58
short_max_v9_L7_SPLIT150,SHORT_MAX_V9_2026_ONLY_LEVERAGE_SPLIT_SWEEP_V1,868,146,722,16.82027649769585,38.531038517380445,38.80624015444647,7.613869408300474,128.237714298515,26,68,0,0,True,False,7.0,0.006666666666666667,0.04666666666666667,0.0004,150,38.531038517380445,59
short_max_v9_L30_SPLIT700,SHORT_MAX_V9_2026_ONLY_LEVERAGE_SPLIT_SWEEP_V1,868,146,722,16.82027649769585,34.979086087552226,35.225314948227826,7.014017084720109,125.74058825489256,26,68,0,0,True,False,30.0,0.0014285714285714286,0.04285714285714286,0.0004,700,34.979086087552226,60
short_max_v9_L2_SPLIT50,SHORT_MAX_V9_2026_ONLY_LEVERAGE_SPLIT_SWEEP_V1,868,146,722,16.82027649769585,32.36567752756443,32.59102294196013,6.561651204600167,123.89086248789731,26,68,0,0,True,False,2.0,0.02,0.04,0.0004,50,32.36567752756443,61
short_max_v9_L3_SPLIT75,SHORT_MAX_V9_2026_ONLY_LEVERAGE_SPLIT_SWEEP_V1,868,146,722,16.82027649769585,32.36567752756443,32.59102294196013,6.561651204600167,123.89086248789731,26,68,0,0,True,False,3.0,0.013333333333333334,0.04,0.0004,75,32.36567752756443,62
short_max_v9_L5_SPLIT125,SHORT_MAX_V9_2026_ONLY_LEVERAGE_SPLIT_SWEEP_V1,868,146,722,16.82027649769585,32.36567752756443,32.59102294196013,6.561651204600167,123.89086248789731,26,68,0,0,True,False,5.0,0.008,0.04,0.0004,125,32.36567752756443,63
short_max_v9_L10_SPLIT250,SHORT_MAX_V9_2026_ONLY_LEVERAGE_SPLIT_SWEEP_V1,868,146,722,16.82027649769585,32.36567752756443,32.59102294196013,6.561651204600167,123.89086248789731,26,68,0,0,True,False,10.0,0.004,0.04,0.0004,250,32.36567752756443,64
short_max_v9_L12_SPLIT300,SHORT_MAX_V9_2026_ONLY_LEVERAGE_SPLIT_SWEEP_V1,868,146,722,16.82027649769585,32.36567752756443,32.59102294196013,6.561651204600167,123.89086248789731,26,68,0,0,True,False,12.0,0.0033333333333333335,0.04,0.0004,300,32.36567752756443,65
short_max_v9_L20_SPLIT500,SHORT_MAX_V9_2026_ONLY_LEVERAGE_SPLIT_SWEEP_V1,868,146,722,16.82027649769585,32.36567752756443,32.59102294196013,6.561651204600167,123.89086248789731,26,68,0,0,True,False,20.0,0.002,0.04,0.0004,500,32.36567752756443,66
short_max_v9_L15_SPLIT400,SHORT_MAX_V9_2026_ONLY_LEVERAGE_SPLIT_SWEEP_V1,868,146,722,16.82027649769585,30.11396997453437,30.321622454457952,6.1640811568892815,122.28849188139031,26,68,0,0,True,False,15.0,0.0025,0.0375,0.0004,400,30.11396997453437,67
short_max_v9_L30_SPLIT800,SHORT_MAX_V9_2026_ONLY_LEVERAGE_SPLIT_SWEEP_V1,868,146,722,16.82027649769585,30.11396997453437,30.321622454457952,6.1640811568892815,122.28849188139031,26,68,0,0,True,False,30.0,0.00125,0.0375,0.0004,800,30.11396997453437,68
short_max_v9_L25_SPLIT700,SHORT_MAX_V9_2026_ONLY_LEVERAGE_SPLIT_SWEEP_V1,868,146,722,16.82027649769585,28.525391710350334,28.720731353069674,5.879098798611707,121.15311238252715,26,68,0,0,True,False,25.0,0.0014285714285714286,0.03571428571428571,0.0004,700,28.525391710350334,69
short_max_v9_L7_SPLIT200,SHORT_MAX_V9_2026_ONLY_LEVERAGE_SPLIT_SWEEP_V1,868,146,722,16.82027649769585,27.894539462466295,28.085028748650398,5.764871022384668,120.70109204230639,26,68,0,0,True,False,7.0,0.005,0.035,0.0004,200,27.894539462466295,70
short_max_v9_L5_SPLIT150,SHORT_MAX_V9_2026_ONLY_LEVERAGE_SPLIT_SWEEP_V1,868,146,722,16.82027649769585,26.432657997648512,26.61199403788168,5.497816535173868,119.65109889415368,26,68,0,0,True,False,5.0,0.006666666666666667,0.03333333333333333,0.0004,150,26.432657997648512,71
short_max_v9_L10_SPLIT300,SHORT_MAX_V9_2026_ONLY_LEVERAGE_SPLIT_SWEEP_V1,868,146,722,16.82027649769585,26.432657997648512,26.61199403788168,5.497816535173868,119.65109889415368,26,68,0,0,True,False,10.0,0.0033333333333333335,0.03333333333333333,0.0004,300,26.432657997648512,72
short_max_v9_L25_SPLIT800,SHORT_MAX_V9_2026_ONLY_LEVERAGE_SPLIT_SWEEP_V1,868,146,722,16.82027649769585,24.625060797500776,24.79077463994066,5.162966302042818,118.34786899722233,26,68,0,0,True,False,25.0,0.00125,0.03125,0.0004,800,24.625060797500776,73
short_max_v9_L3_SPLIT100,SHORT_MAX_V9_2026_ONLY_LEVERAGE_SPLIT_SWEEP_V1,868,146,722,16.82027649769585,23.55095289936646,23.708661373233753,4.961504229582047,117.57085090684143,26,68,0,0,True,False,3.0,0.01,0.03,0.0004,100,23.55095289936646,74
short_max_v9_L12_SPLIT400,SHORT_MAX_V9_2026_ONLY_LEVERAGE_SPLIT_SWEEP_V1,868,146,722,16.82027649769585,23.55095289936646,23.708661373233753,4.961504229582047,117.57085090684143,26,68,0,0,True,False,12.0,0.0025,0.03,0.0004,400,23.55095289936646,75
short_max_v9_L15_SPLIT500,SHORT_MAX_V9_2026_ONLY_LEVERAGE_SPLIT_SWEEP_V1,868,146,722,16.82027649769585,23.55095289936646,23.708661373233753,4.961504229582047,117.57085090684143,26,68,0,0,True,False,15.0,0.002,0.03,0.0004,500,23.55095289936646,76
short_max_v9_L30_SPLIT1000,SHORT_MAX_V9_2026_ONLY_LEVERAGE_SPLIT_SWEEP_V1,868,146,722,16.82027649769585,23.55095289936646,23.708661373233753,4.961504229582047,117.57085090684143,26,68,0,0,True,False,30.0,0.001,0.03,0.0004,1000,23.55095289936646,77
short_max_v9_L20_SPLIT700,SHORT_MAX_V9_2026_ONLY_LEVERAGE_SPLIT_SWEEP_V1,868,146,722,16.82027649769585,22.332924139794773,22.481635804992163,4.7307536984464775,116.68733128922975,26,68,0,0,True,False,20.0,0.0014285714285714286,0.02857142857142857,0.0004,700,22.332924139794773,78
short_max_v9_L7_SPLIT250,SHORT_MAX_V9_2026_ONLY_LEVERAGE_SPLIT_SWEEP_V1,868,146,722,16.82027649769585,21.84854183030329,21.993699808832258,4.6383014521318415,116.33526425908983,26,68,0,0,True,False,7.0,0.004,0.028,0.0004,250,21.84854183030329,79
short_max_v9_L2_SPLIT75,SHORT_MAX_V9_2026_ONLY_LEVERAGE_SPLIT_SWEEP_V1,868,146,722,16.82027649769585,20.724569404723113,20.861534589486542,4.422241091396344,115.51674614317807,26,68,0,0,True,False,2.0,0.013333333333333334,0.02666666666666667,0.0004,75,20.724569404723113,80
short_max_v9_L5_SPLIT200,SHORT_MAX_V9_2026_ONLY_LEVERAGE_SPLIT_SWEEP_V1,868,146,722,16.82027649769585,19.331842747964533,19.458760159135924,4.151498044462002,114.49943206719084,26,68,0,0,True,False,5.0,0.005,0.025,0.0004,200,19.331842747964533,81
short_max_v9_L10_SPLIT400,SHORT_MAX_V9_2026_ONLY_LEVERAGE_SPLIT_SWEEP_V1,868,146,722,16.82027649769585,19.331842747964533,19.458760159135924,4.151498044462002,114.49943206719084,26,68,0,0,True,False,10.0,0.0025,0.025,0.0004,400,19.331842747964533,82
short_max_v9_L20_SPLIT800,SHORT_MAX_V9_2026_ONLY_LEVERAGE_SPLIT_SWEEP_V1,868,146,722,16.82027649769585,19.331842747964533,19.458760159135924,4.151498044462002,114.49943206719084,26,68,0,0,True,False,20.0,0.00125,0.025,0.0004,800,19.331842747964533,83
short_max_v9_L25_SPLIT1000,SHORT_MAX_V9_2026_ONLY_LEVERAGE_SPLIT_SWEEP_V1,868,146,722,16.82027649769585,19.331842747964533,19.458760159135924,4.151498044462002,114.49943206719084,26,68,0,0,True,False,25.0,0.001,0.025,0.0004,1000,19.331842747964533,84
short_max_v9_L3_SPLIT125,SHORT_MAX_V9_2026_ONLY_LEVERAGE_SPLIT_SWEEP_V1,868,146,722,16.82027649769585,18.502691552219332,18.623682183009784,3.988695406738273,113.89214482047227,26,68,0,0,True,False,3.0,0.008,0.024,0.0004,125,18.502691552219332,85
short_max_v9_L12_SPLIT500,SHORT_MAX_V9_2026_ONLY_LEVERAGE_SPLIT_SWEEP_V1,868,146,722,16.82027649769585,18.502691552219332,18.623682183009784,3.988695406738273,113.89214482047227,26,68,0,0,True,False,12.0,0.002,0.024,0.0004,500,18.502691552219332,86
short_max_v9_L7_SPLIT300,SHORT_MAX_V9_2026_ONLY_LEVERAGE_SPLIT_SWEEP_V1,868,146,722,16.82027649769585,17.952611364235803,18.069692857823362,3.8800113804776255,113.48857533804484,26,68,0,0,True,False,7.0,0.0033333333333333335,0.023333333333333334,0.0004,300,17.952611364235803,87
short_max_v9_L15_SPLIT700,SHORT_MAX_V9_2026_ONLY_LEVERAGE_SPLIT_SWEEP_V1,868,146,722,16.82027649769585,16.39273045921619,16.498826469527252,3.5688278153817232,112.34118394588947,26,68,0,0,True,False,15.0,0.0014285714285714286,0.02142857142857143,0.0004,700,16.39273045921619,88
short_max_v9_L1_SPLIT50,SHORT_MAX_V9_2026_ONLY_LEVERAGE_SPLIT_SWEEP_V1,868,146,722,16.82027649769585,15.234194474467433,15.332227723310066,3.3347992752937183,111.48612942901302,26,68,0,0,True,False,1.0,0.02,0.02,0.0004,50,15.234194474467433,89
short_max_v9_L2_SPLIT100,SHORT_MAX_V9_2026_ONLY_LEVERAGE_SPLIT_SWEEP_V1,868,146,722,16.82027649769585,15.234194474467433,15.332227723310066,3.3347992752937183,111.48612942901302,26,68,0,0,True,False,2.0,0.01,0.02,0.0004,100,15.234194474467433,90
short_max_v9_L3_SPLIT150,SHORT_MAX_V9_2026_ONLY_LEVERAGE_SPLIT_SWEEP_V1,868,146,722,16.82027649769585,15.234194474467433,15.332227723310066,3.3347992752937183,111.48612942901302,26,68,0,0,True,False,3.0,0.006666666666666667,0.02,0.0004,150,15.234194474467433,91
short_max_v9_L5_SPLIT250,SHORT_MAX_V9_2026_ONLY_LEVERAGE_SPLIT_SWEEP_V1,868,146,722,16.82027649769585,15.234194474467433,15.332227723310066,3.3347992752937183,111.48612942901302,26,68,0,0,True,False,5.0,0.004,0.02,0.0004,250,15.234194474467433,92
short_max_v9_L10_SPLIT500,SHORT_MAX_V9_2026_ONLY_LEVERAGE_SPLIT_SWEEP_V1,868,146,722,16.82027649769585,15.234194474467433,15.332227723310066,3.3347992752937183,111.48612942901302,26,68,0,0,True,False,10.0,0.002,0.02,0.0004,500,15.234194474467433,93
short_max_v9_L20_SPLIT1000,SHORT_MAX_V9_2026_ONLY_LEVERAGE_SPLIT_SWEEP_V1,868,146,722,16.82027649769585,15.234194474467433,15.332227723310066,3.3347992752937183,111.48612942901302,26,68,0,0,True,False,20.0,0.001,0.02,0.0004,1000,15.234194474467433,94
short_max_v9_L15_SPLIT800,SHORT_MAX_V9_2026_ONLY_LEVERAGE_SPLIT_SWEEP_V1,868,146,722,16.82027649769585,14.228413253667703,14.319513959487317,3.129572594050444,110.74180178095953,26,68,0,0,True,False,15.0,0.00125,0.01875,0.0004,800,14.228413253667703,95
short_max_v9_L7_SPLIT400,SHORT_MAX_V9_2026_ONLY_LEVERAGE_SPLIT_SWEEP_V1,868,146,722,16.82027649769585,13.22999284256463,13.31427393393434,2.923923436406753,110.00105132158589,26,68,0,0,True,False,7.0,0.0025,0.0175,0.0004,400,13.22999284256463,96
short_max_v9_L12_SPLIT700,SHORT_MAX_V9_2026_ONLY_LEVERAGE_SPLIT_SWEEP_V1,868,146,722,16.82027649769585,12.946075499501841,13.028428700939742,2.865088818550859,109.79006382844538,26,68,0,0,True,False,12.0,0.0014285714285714286,0.017142857142857144,0.0004,700,12.946075499501841,97
short_max_v9_L5_SPLIT300,SHORT_MAX_V9_2026_ONLY_LEVERAGE_SPLIT_SWEEP_V1,868,146,722,16.82027649769585,12.568446162880642,12.648242981016345,2.786588872510549,109.5091995770287,26,68,0,0,True,False,5.0,0.0033333333333333335,0.016666666666666666,0.0004,300,12.568446162880642,98
short_max_v9_L2_SPLIT125,SHORT_MAX_V9_2026_ONLY_LEVERAGE_SPLIT_SWEEP_V1,868,146,722,16.82027649769585,12.041540762633819,12.11778566869597,2.67658559096553,109.11685717257804,26,68,0,0,True,False,2.0,0.008,0.016,0.0004,125,12.041540762633819,99
short_max_v9_L3_SPLIT200,SHORT_MAX_V9_2026_ONLY_LEVERAGE_SPLIT_SWEEP_V1,868,146,722,16.82027649769585,11.255053224433386,11.3260290121739,2.511354317258963,108.5302379763437,26,68,0,0,True,False,3.0,0.005,0.015,0.0004,200,11.255053224433386,100
short_max_v9_L12_SPLIT800,SHORT_MAX_V9_2026_ONLY_LEVERAGE_SPLIT_SWEEP_V1,868,146,722,16.82027649769585,11.255053224433386,11.3260290121739,2.511354317258963,108.5302379763437,26,68,0,0,True,False,12.0,0.00125,0.015,0.0004,800,11.255053224433386,101
short_max_v9_L15_SPLIT1000,SHORT_MAX_V9_2026_ONLY_LEVERAGE_SPLIT_SWEEP_V1,868,146,722,16.82027649769585,11.255053224433386,11.3260290121739,2.511354317258963,108.5302379763437,26,68,0,0,True,False,15.0,0.001,0.015,0.0004,1000,11.255053224433386,102
short_max_v9_L10_SPLIT700,SHORT_MAX_V9_2026_ONLY_LEVERAGE_SPLIT_SWEEP_V1,868,146,722,16.82027649769585,10.696108923491042,10.763363920689905,2.3931654692702438,108.11261334273782,26,68,0,0,True,False,10.0,0.0014285714285714286,0.014285714285714285,0.0004,700,10.696108923491042,103
short_max_v9_L7_SPLIT500,SHORT_MAX_V9_2026_ONLY_LEVERAGE_SPLIT_SWEEP_V1,868,146,722,16.82027649769585,10.473189939894922,10.538966564709806,2.3458510364989564,107.94588707181633,26,68,0,0,True,False,7.0,0.002,0.014,0.0004,500,10.473189939894922,104
short_max_v9_L1_SPLIT75,SHORT_MAX_V9_2026_ONLY_LEVERAGE_SPLIT_SWEEP_V1,868,146,722,16.82027649769585,9.954505473198916,10.016854552747589,2.2353641865828706,107.5575771868705,26,68,0,0,True,False,1.0,0.013333333333333334,0.013333333333333334,0.0004,75,9.954505473198916,105
short_max_v9_L2_SPLIT150,SHORT_MAX_V9_2026_ONLY_LEVERAGE_SPLIT_SWEEP_V1,868,146,722,16.82027649769585,9.954505473198916,10.016854552747589,2.2353641865828706,107.5575771868705,26,68,0,0,True,False,2.0,0.006666666666666667,0.013333333333333334,0.0004,150,9.954505473198916,106
short_max_v9_L5_SPLIT400,SHORT_MAX_V9_2026_ONLY_LEVERAGE_SPLIT_SWEEP_V1,868,146,722,16.82027649769585,9.309015445184276,9.367123161543777,2.0970851521926335,107.07360146034281,26,68,0,0,True,False,5.0,0.0025,0.0125,0.0004,400,9.309015445184276,107
short_max_v9_L10_SPLIT800,SHORT_MAX_V9_2026_ONLY_LEVERAGE_SPLIT_SWEEP_V1,868,146,722,16.82027649769585,9.309015445184276,9.367123161543777,2.0970851521926335,107.07360146034281,26,68,0,0,True,False,10.0,0.00125,0.0125,0.0004,800,9.309015445184276,108
short_max_v9_L3_SPLIT250,SHORT_MAX_V9_2026_ONLY_LEVERAGE_SPLIT_SWEEP_V1,868,146,722,16.82027649769585,8.923244669856413,8.978830404218119,2.0140267164473045,106.78396764460537,26,68,0,0,True,False,3.0,0.004,0.012,0.0004,250,8.923244669856413,109
short_max_v9_L12_SPLIT1000,SHORT_MAX_V9_2026_ONLY_LEVERAGE_SPLIT_SWEEP_V1,868,146,722,16.82027649769585,8.923244669856413,8.978830404218119,2.0140267164473045,106.78396764460537,26,68,0,0,True,False,12.0,0.001,0.012,0.0004,1000,8.923244669856413,110
short_max_v9_L1_SPLIT100,SHORT_MAX_V9_2026_ONLY_LEVERAGE_SPLIT_SWEEP_V1,868,146,722,16.82027649769585,7.391522951268059,7.437190364379154,1.6811091493422765,105.63105392736729,26,68,0,0,True,False,1.0,0.01,0.01,0.0004,100,7.391522951268059,111
short_max_v9_L2_SPLIT200,SHORT_MAX_V9_2026_ONLY_LEVERAGE_SPLIT_SWEEP_V1,868,146,722,16.82027649769585,7.391522951268059,7.437190364379154,1.6811091493422765,105.63105392736729,26,68,0,0,True,False,2.0,0.005,0.01,0.0004,200,7.391522951268059,112
short_max_v9_L3_SPLIT300,SHORT_MAX_V9_2026_ONLY_LEVERAGE_SPLIT_SWEEP_V1,868,146,722,16.82027649769585,7.391522951268059,7.437190364379154,1.6811091493422765,105.63105392736729,26,68,0,0,True,False,3.0,0.0033333333333333335,0.01,0.0004,300,7.391522951268059,113
short_max_v9_L5_SPLIT500,SHORT_MAX_V9_2026_ONLY_LEVERAGE_SPLIT_SWEEP_V1,868,146,722,16.82027649769585,7.391522951268059,7.437190364379154,1.6811091493422765,105.63105392736729,26,68,0,0,True,False,5.0,0.002,0.01,0.0004,500,7.391522951268059,114
short_max_v9_L7_SPLIT700,SHORT_MAX_V9_2026_ONLY_LEVERAGE_SPLIT_SWEEP_V1,868,146,722,16.82027649769585,7.391522951268059,7.437190364379154,1.6811091493422765,105.63105392736729,26,68,0,0,True,False,7.0,0.0014285714285714286,0.01,0.0004,700,7.391522951268059,115
short_max_v9_L10_SPLIT1000,SHORT_MAX_V9_2026_ONLY_LEVERAGE_SPLIT_SWEEP_V1,868,146,722,16.82027649769585,7.391522951268059,7.437190364379154,1.6811091493422765,105.63105392736729,26,68,0,0,True,False,10.0,0.001,0.01,0.0004,1000,7.391522951268059,116
short_max_v9_L7_SPLIT800,SHORT_MAX_V9_2026_ONLY_LEVERAGE_SPLIT_SWEEP_V1,868,146,722,16.82027649769585,6.443370746907839,6.482975506479316,1.4724789540999126,104.91503610244705,26,68,0,0,True,False,7.0,0.00125,0.00875,0.0004,800,6.443370746907839,117
short_max_v9_L1_SPLIT125,SHORT_MAX_V9_2026_ONLY_LEVERAGE_SPLIT_SWEEP_V1,868,146,722,16.82027649769585,5.877844252951014,5.913861155948719,1.3470948429329468,104.48710099436578,26,68,0,0,True,False,1.0,0.008,0.008,0.0004,125,5.877844252951014,118
short_max_v9_L2_SPLIT250,SHORT_MAX_V9_2026_ONLY_LEVERAGE_SPLIT_SWEEP_V1,868,146,722,16.82027649769585,5.877844252951014,5.913861155948719,1.3470948429329468,104.48710099436578,26,68,0,0,True,False,2.0,0.004,0.008,0.0004,250,5.877844252951014,119
short_max_v9_L3_SPLIT400,SHORT_MAX_V9_2026_ONLY_LEVERAGE_SPLIT_SWEEP_V1,868,146,722,16.82027649769585,5.502222783552435,5.535868352922546,1.2634194905368048,104.20250762264446,26,68,0,0,True,False,3.0,0.0025,0.0075,0.0004,400,5.502222783552435,120
short_max_v9_L5_SPLIT700,SHORT_MAX_V9_2026_ONLY_LEVERAGE_SPLIT_SWEEP_V1,868,146,722,16.82027649769585,5.234603756926637,5.266565544279511,1.203609250226691,103.99956742399262,26,68,0,0,True,False,5.0,0.0014285714285714286,0.007142857142857143,0.0004,700,5.234603756926637,121
short_max_v9_L7_SPLIT1000,SHORT_MAX_V9_2026_ONLY_LEVERAGE_SPLIT_SWEEP_V1,868,146,722,16.82027649769585,5.1277150202105215,5.159005627643998,1.1796753182040902,103.91847079338584,26,68,0,0,True,False,7.0,0.001,0.007,0.0004,1000,5.1277150202105215,122
short_max_v9_L1_SPLIT150,SHORT_MAX_V9_2026_ONLY_LEVERAGE_SPLIT_SWEEP_V1,868,146,722,16.82027649769585,4.8786605314426135,4.908390223818371,1.1238076095828546,103.72942175139222,26,68,0,0,True,False,1.0,0.006666666666666667,0.006666666666666667,0.0004,150,4.8786605314426135,123
short_max_v9_L2_SPLIT300,SHORT_MAX_V9_2026_ONLY_LEVERAGE_SPLIT_SWEEP_V1,868,146,722,16.82027649769585,4.8786605314426135,4.908390223818371,1.1238076095828546,103.72942175139222,26,68,0,0,True,False,2.0,0.0033333333333333335,0.006666666666666667,0.0004,300,4.8786605314426135,124
short_max_v9_L5_SPLIT800,SHORT_MAX_V9_2026_ONLY_LEVERAGE_SPLIT_SWEEP_V1,868,146,722,16.82027649769585,4.568035498538814,4.59582420143938,1.0539299022545237,103.49345753367083,26,68,0,0,True,False,5.0,0.00125,0.00625,0.0004,800,4.568035498538814,125
short_max_v9_L3_SPLIT500,SHORT_MAX_V9_2026_ONLY_LEVERAGE_SPLIT_SWEEP_V1,868,146,722,16.82027649769585,4.38202950501172,4.408659013848348,1.0119802941521812,103.35206395923966,26,68,0,0,True,False,3.0,0.002,0.006,0.0004,500,4.38202950501172,126
short_max_v9_L1_SPLIT200,SHORT_MAX_V9_2026_ONLY_LEVERAGE_SPLIT_SWEEP_V1,868,146,722,16.82027649769585,3.6407655505057424,3.662798580534754,0.8440093311989898,102.78787488753302,26,68,0,0,True,False,1.0,0.005,0.005,0.0004,200,3.6407655505057424,127
short_max_v9_L2_SPLIT400,SHORT_MAX_V9_2026_ONLY_LEVERAGE_SPLIT_SWEEP_V1,868,146,722,16.82027649769585,3.6407655505057424,3.662798580534754,0.8440093311989898,102.78787488753302,26,68,0,0,True,False,2.0,0.0025,0.005,0.0004,400,3.6407655505057424,128
short_max_v9_L5_SPLIT1000,SHORT_MAX_V9_2026_ONLY_LEVERAGE_SPLIT_SWEEP_V1,868,146,722,16.82027649769585,3.6407655505057424,3.662798580534754,0.8440093311989898,102.78787488753302,26,68,0,0,True,False,5.0,0.001,0.005,0.0004,1000,3.6407655505057424,129
short_max_v9_L3_SPLIT700,SHORT_MAX_V9_2026_ONLY_LEVERAGE_SPLIT_SWEEP_V1,868,146,722,16.82027649769585,3.1139861482130993,3.13277522449138,0.7238608859140356,102.38623740408364,26,68,0,0,True,False,3.0,0.0014285714285714286,0.004285714285714286,0.0004,700,3.1139861482130993,130
short_max_v9_L1_SPLIT250,SHORT_MAX_V9_2026_ONLY_LEVERAGE_SPLIT_SWEEP_V1,868,146,722,16.82027649769585,2.903901090081429,2.921401687764047,0.6757619890855864,102.22589797652405,26,68,0,0,True,False,1.0,0.004,0.004,0.0004,250,2.903901090081429,131
short_max_v9_L2_SPLIT500,SHORT_MAX_V9_2026_ONLY_LEVERAGE_SPLIT_SWEEP_V1,868,146,722,16.82027649769585,2.903901090081429,2.921401687764047,0.6757619890855864,102.22589797652405,26,68,0,0,True,False,2.0,0.002,0.004,0.0004,500,2.903901090081429,132
short_max_v9_L3_SPLIT800,SHORT_MAX_V9_2026_ONLY_LEVERAGE_SPLIT_SWEEP_V1,868,146,722,16.82027649769585,2.720369818565027,2.7367472485987143,0.6336569176558413,102.08574874268336,26,68,0,0,True,False,3.0,0.00125,0.00375,0.0004,800,2.720369818565027,133
short_max_v9_L1_SPLIT300,SHORT_MAX_V9_2026_ONLY_LEVERAGE_SPLIT_SWEEP_V1,868,146,722,16.82027649769585,2.4150914234845056,2.4296056995798176,0.5634433326455905,101.85247291561036,26,68,0,0,True,False,1.0,0.0033333333333333335,0.0033333333333333335,0.0004,300,2.4150914234845056,134
short_max_v9_L3_SPLIT1000,SHORT_MAX_V9_2026_ONLY_LEVERAGE_SPLIT_SWEEP_V1,868,146,722,16.82027649769585,2.1714141470914106,2.184445789391254,0.5072378268724691,101.66612762716747,26,68,0,0,True,False,3.0,0.001,0.003,0.0004,1000,2.1714141470914106,135
short_max_v9_L2_SPLIT700,SHORT_MAX_V9_2026_ONLY_LEVERAGE_SPLIT_SWEEP_V1,868,146,722,16.82027649769585,2.0671292262715024,2.0795275951346337,0.48314032325512807,101.5863402355342,26,68,0,0,True,False,2.0,0.0014285714285714286,0.002857142857142857,0.0004,700,2.0671292262715024,136
short_max_v9_L1_SPLIT400,SHORT_MAX_V9_2026_ONLY_LEVERAGE_SPLIT_SWEEP_V1,868,146,722,16.82027649769585,1.8068054014640955,1.817626193008448,0.42287180024828785,101.387068164156,26,68,0,0,True,False,1.0,0.0025,0.0025,0.0004,400,1.8068054014640955,137
short_max_v9_L2_SPLIT800,SHORT_MAX_V9_2026_ONLY_LEVERAGE_SPLIT_SWEEP_V1,868,146,722,16.82027649769585,1.8068054014640955,1.817626193008448,0.42287180024828785,101.387068164156,26,68,0,0,True,False,2.0,0.00125,0.0025,0.0004,800,1.8068054014640955,138
short_max_v9_L1_SPLIT500,SHORT_MAX_V9_2026_ONLY_LEVERAGE_SPLIT_SWEEP_V1,868,146,722,16.82027649769585,1.4432828345793736,1.4519084327731413,0.33843640293774513,101.10855824316157,26,68,0,0,True,False,1.0,0.002,0.002,0.0004,500,1.4432828345793736,139
short_max_v9_L2_SPLIT1000,SHORT_MAX_V9_2026_ONLY_LEVERAGE_SPLIT_SWEEP_V1,868,146,722,16.82027649769585,1.4432828345793736,1.4519084327731413,0.33843640293774513,101.10855824316157,26,68,0,0,True,False,2.0,0.001,0.002,0.0004,1000,1.4432828345793736,140
short_max_v9_L1_SPLIT700,SHORT_MAX_V9_2026_ONLY_LEVERAGE_SPLIT_SWEEP_V1,868,146,722,16.82027649769585,1.0291549958179935,1.0352908840064234,0.24185379136076793,100.79093320239107,26,68,0,0,True,False,1.0,0.0014285714285714286,0.0014285714285714286,0.0004,700,1.0291549958179935,141
short_max_v9_L1_SPLIT800,SHORT_MAX_V9_2026_ONLY_LEVERAGE_SPLIT_SWEEP_V1,868,146,722,16.82027649769585,0.9000296167630095,0.9053916292451447,0.21165311593364322,100.6918222237168,26,68,0,0,True,False,1.0,0.00125,0.00125,0.0004,800,0.9000296167630095,142
short_max_v9_L1_SPLIT1000,SHORT_MAX_V9_2026_ONLY_LEVERAGE_SPLIT_SWEEP_V1,868,146,722,16.82027649769585,0.7194853550109404,0.7237672584795352,0.16935727497654796,100.55318423099685,26,68,0,0,True,False,1.0,0.001,0.001,0.0004,1000,0.7194853550109404,143
