strategy,exit_quarter,trades,wins,losses,net_pnl,gross_profit,gross_loss,avg_pnl,median_pnl,avg_ret_pct,median_ret_pct,target_exits,stop_exits,timeout_exits,fail_fast_exits,forced_end_exits,unique_symbols,win_rate_pct,profit_factor,net_pnl_on_initial_pct
smv13_structdev1_24_dev1_24_stop230_rr540,2019-Q4,7,1,6,0.01734152755072225,0.08352800188876501,0.06618647433804277,0.002477361078674607,-0.0008001451333814729,0.24835788324915462,-0.08,0,6,1,0,0,2,14.285714285714285,1.2620101421651742,0.01734152755072225
smv13_structdev1_24_dev1_24_stop230_rr540,2020-Q1,290,7,283,-0.8368009120641643,0.7171654341309357,1.5539663461951,-0.002885520386428153,-0.0007938570613960058,-0.28906614853383694,-0.08,0,283,7,0,0,23,2.413793103448276,0.4615064128556718,-0.8368009120641643
smv13_structdev1_24_dev1_24_stop230_rr540,2020-Q2,65,5,60,0.6803683435833561,0.8729595055842307,0.19259116200087462,0.010467205285897785,-0.000794022660342307,1.0543474324755135,-0.08,2,60,3,0,0,20,7.6923076923076925,4.532708025201418,0.6803683435833561
smv13_structdev1_24_dev1_24_stop230_rr540,2020-Q3,620,51,569,3.9112149072492013,7.9484669406577355,4.037252033408533,0.006308411140724518,-0.0008041873456859508,0.6228778599408183,-0.08,17,569,34,0,0,51,8.225806451612904,1.968781457011758,3.9112149072492013
smv13_structdev1_24_dev1_24_stop230_rr540,2020-Q4,852,60,792,2.9186636722076202,6.714662233460226,3.7959985612526057,0.0034256615870981457,-0.000834266640256699,0.3266188665419981,-0.08,14,792,46,0,0,68,7.042253521126761,1.768879024876268,2.9186636722076202
smv13_structdev1_24_dev1_24_stop230_rr540,2021-Q1,3276,199,3077,12.440316071717858,36.06585255333603,23.625536481618163,0.0037974102783021545,-0.0008990698999800419,0.34003846567976914,-0.08,70,3077,129,0,0,91,6.074481074481074,1.5265622679678428,12.440316071717858
smv13_structdev1_24_dev1_24_stop230_rr540,2021-Q2,3294,218,3076,23.410072131984442,43.50839681816532,20.09832468618088,0.00710688285731161,-0.0010534155543380018,0.5500032839330508,-0.08,58,3075,160,1,0,99,6.618093503339405,2.164777288530951,23.410072131984442
smv13_structdev1_24_dev1_24_stop230_rr540,2021-Q3,1671,121,1550,10.485894151541371,21.864691593432987,11.378797441891615,0.006275220916541814,-0.001171546431976752,0.4267197028646753,-0.08,23,1550,98,0,0,106,7.241172950329144,1.9215292042142367,10.485894151541371
smv13_structdev1_24_dev1_24_stop230_rr540,2021-Q4,1956,137,1819,10.697732938726395,29.758743263202923,19.061010324476534,0.0054691886189807744,-0.001289744284442371,0.3496591573455555,-0.08,17,1819,120,0,0,112,7.004089979550102,1.561236406497785,10.697732938726395
smv13_structdev1_24_dev1_24_stop230_rr540,2022-Q1,1034,85,949,3.9487508566787732,12.736847441413646,8.788096584734873,0.003818907985182566,-0.0013377156320143037,0.23124203802311813,-0.08,7,949,78,0,0,112,8.220502901353965,1.4493294786424906,3.9487508566787732
smv13_structdev1_24_dev1_24_stop230_rr540,2022-Q2,2467,152,2315,21.513946108354077,47.14774054908679,25.633794440732714,0.008720691572093263,-0.0014186088231162425,0.49840243823947616,-0.08,26,2314,126,1,0,127,6.1613295500608025,1.8392805894615392,21.513946108354077
smv13_structdev1_24_dev1_24_stop230_rr540,2022-Q3,985,110,875,9.748368614380743,19.492879227208253,9.744510612827511,0.009896820928305322,-0.001528107973738676,0.5117589483915843,-0.08,13,875,97,0,0,118,11.16751269035533,2.000395915372923,9.748368614380743
smv13_structdev1_24_dev1_24_stop230_rr540,2022-Q4,1065,129,936,30.98865914543272,43.032892923855925,12.044233778423212,0.029097332530922743,-0.0017779325014512096,1.3866324997952608,-0.08,35,935,95,0,0,124,12.112676056338028,3.5729041560906696,30.988659145432717
smv13_structdev1_24_dev1_24_stop230_rr540,2023-Q1,1808,164,1644,17.52768540698378,41.32025662853502,23.792571221551235,0.009694516264924659,-0.0019041818310527433,0.4085975055239612,-0.08,27,1644,137,0,0,148,9.070796460176991,1.7366873148668884,17.52768540698378
smv13_structdev1_24_dev1_24_stop230_rr540,2023-Q2,765,79,686,13.215038007820448,24.616317563990826,11.401279556170378,0.01727455948734699,-0.0020217227854010195,0.6830363662157685,-0.08,7,685,72,1,0,115,10.326797385620914,2.159083762722796,13.215038007820448
smv13_structdev1_24_dev1_24_stop230_rr540,2023-Q3,1098,81,1017,10.337802916333644,29.851874899783034,19.51407198344939,0.00941512105312718,-0.002118349575579056,0.3568126431090259,-0.08,7,1017,74,0,0,168,7.377049180327869,1.5297614421583317,10.337802916333644
smv13_structdev1_24_dev1_24_stop230_rr540,2023-Q4,2403,223,2180,42.378807336908366,86.44289526614344,44.06408792923507,0.017635791650814966,-0.002335884427091585,0.6084927882216145,-0.08,38,2179,185,1,0,212,9.28006658343737,1.9617538755134751,42.378807336908366
smv13_structdev1_24_dev1_24_stop230_rr540,2024-Q1,3752,333,3419,68.79091918012325,152.14280848036475,83.35188930024151,0.018334466732442233,-0.00272004848920575,0.5353179633783571,-0.08,70,3419,263,0,0,240,8.875266524520256,1.8253072576715297,68.79091918012325
smv13_structdev1_24_dev1_24_stop230_rr540,2024-Q2,2162,153,2009,25.00856466441745,68.01888893452418,43.010324270106736,0.01156732870694609,-0.003143125489251722,0.29469636506069324,-0.08,33,2009,120,0,0,235,7.076780758556891,1.5814549201573687,25.00856466441745
smv13_structdev1_24_dev1_24_stop230_rr540,2024-Q3,1887,149,1738,28.18573580924376,63.823884064761906,35.638148255518146,0.014936796931236757,-0.003355958505981365,0.35613907703817616,-0.08,21,1737,128,1,0,253,7.8961314255431905,1.7908866534579144,28.185735809243763
smv13_structdev1_24_dev1_24_stop230_rr540,2024-Q4,4160,369,3791,103.54639526950284,245.27764109217085,141.73124582266803,0.024890960401322798,-0.003941095065385133,0.5192807047364524,-0.08,43,3791,326,0,0,326,8.870192307692308,1.730582693099717,103.54639526950284
smv13_structdev1_24_dev1_24_stop230_rr540,2025-Q1,5505,513,4992,306.0458984596561,532.5578860517708,226.51198759211474,0.055594168657521544,-0.005616429598228637,0.8489614616347313,-0.08,121,4991,392,1,0,383,9.318801089918257,2.3511245109497683,306.0458984596561
smv13_structdev1_24_dev1_24_stop230_rr540,2025-Q2,5885,535,5350,353.79121361171553,758.8418594427983,405.05064583108276,0.06011745345993467,-0.007828689567442726,0.6050957657165856,-0.08,89,5347,446,3,0,434,9.090909090909092,1.873449326036271,353.79121361171553
smv13_structdev1_24_dev1_24_stop230_rr540,2025-Q3,7209,673,6536,1122.0457653678457,2073.7091658514587,951.6634004836134,0.15564513321790063,-0.013127182725166242,0.9341162385879074,-0.08,89,6535,584,1,0,435,9.335552781245665,2.179036374413104,1122.0457653678457
smv13_structdev1_24_dev1_24_stop230_rr540,2025-Q4,11827,1083,10744,7035.242215237048,11673.821090300211,4638.578875063162,0.5948458793639172,-0.03725398816593247,1.2142023091917755,-0.08,163,10743,908,1,12,525,9.157013612919592,2.516680518910278,7035.242215237048
